metrics,mean,std
pep_reference_ms,133.4191762754604,21.372115145218338
pep_estimated_ms,135.30934464036326,20.631151258800806
error_ms,-1.5088576342092335,19.58815905549088
absolute_error_ms,37.34508055731251,10.720549749908335
absolute_relative_error_percent,31.947788670516353,13.678772929031847
pearson_r,0.1498526286453536,0.1978202861499821
error_per_sample_ms,-2.763609791742784,50.81938781013481
absolute_error_per_sample_ms,36.47497259773475,35.49400076734651
absolute_relative_error_per_sample_percent,31.472950944058923,40.233711652521514
