metrics,mean,std
pep_reference_ms,133.4191762754604,21.372115145218338
pep_estimated_ms,128.75574634090387,30.03867934119601
error_ms,3.9569073079369463,15.684121915396577
absolute_error_ms,21.468435481236696,11.889683054206946
absolute_relative_error_percent,17.239531964356015,11.597962081374778
pearson_r,0.42520457118826477,0.2211577848246401
error_per_sample_ms,3.8806309969100665,34.83895151104993
absolute_error_per_sample_ms,21.610343145226867,27.600813547231056
absolute_relative_error_per_sample_percent,17.409335599934316,23.66625310342575
