metrics,mean,std
pep_reference_ms,133.4191762754604,21.372115145218338
pep_estimated_ms,140.192391427747,30.997179752911794
error_ms,-7.293439905952145,26.937294122502525
absolute_error_ms,32.538587208618765,12.143341903824478
absolute_relative_error_percent,27.89165990812162,14.213647828802454
pearson_r,0.12394330344960276,0.26430008589589404
error_per_sample_ms,-6.378865979381444,38.93246222895288
absolute_error_per_sample_ms,32.38208762886598,22.535016023695157
absolute_relative_error_per_sample_percent,28.182898538446132,34.4071284179075
