metrics,mean,std
pep_reference_ms,133.4191762754604,21.372115145218338
pep_estimated_ms,120.91197065184386,3.4822319302668
error_ms,11.960307541332567,21.91333977967297
absolute_error_ms,25.696250355900737,12.390285602933345
absolute_relative_error_percent,21.21852186550049,11.08011285160547
pearson_r,-0.05639245546287959,0.2003784889690228
error_per_sample_ms,11.350435471100555,29.6016398892596
absolute_error_per_sample_ms,25.42232779097387,18.941877393893684
absolute_relative_error_per_sample_percent,21.414715664292906,30.408525491756432
