metrics,mean,std
pep_reference_ms,133.4191762754604,21.372115145218338
pep_estimated_ms,134.50458468453422,30.32262941450543
error_ms,-1.8302587550210518,15.884640844963533
absolute_error_ms,24.058670145691853,10.702389898961588
absolute_relative_error_percent,19.412309190770987,11.019928860807575
pearson_r,0.42618649184239554,0.21976718151147923
error_per_sample_ms,-1.8206874189364461,35.22169384479665
absolute_error_per_sample_ms,24.33300907911803,25.530125129533133
absolute_relative_error_per_sample_percent,19.717902877674284,22.90691637592751
