metrics,mean,std
pep_reference_ms,133.4191762754604,21.372115145218338
pep_estimated_ms,116.15515846753475,28.942730363001612
error_ms,16.55610682150684,13.256887727311705
absolute_error_ms,21.89153737554178,12.341228823035479
absolute_relative_error_percent,17.578271782068526,11.64490483358385
pearson_r,0.43808669375656845,0.2156345593267987
error_per_sample_ms,16.315841748054957,31.929086127869144
absolute_error_per_sample_ms,21.31898692269492,28.830088960986956
absolute_relative_error_per_sample_percent,17.13291033728484,23.300781144444368
