metrics,mean,std
pep_reference_ms,133.4191762754604,21.372115145218338
pep_estimated_ms,135.75730648943934,25.663735730032936
error_ms,-2.8935010842426747,20.25855109773256
absolute_error_ms,27.471283212487165,14.796895008423546
absolute_relative_error_percent,22.852885549714138,13.951215252019704
pearson_r,0.29111108869750485,0.25114557433177565
error_per_sample_ms,-3.012682308180089,37.72710765610072
absolute_error_per_sample_ms,27.350665821179454,26.160122054822317
absolute_relative_error_per_sample_percent,23.10465214703643,31.79343952734987
