metrics,mean,std
pep_reference_ms,133.4191762754604,21.372115145218338
pep_estimated_ms,133.75730648943934,25.663735730032936
error_ms,-0.8935010842426754,20.258551097732557
absolute_error_ms,26.413975878464782,15.390317705122257
absolute_relative_error_percent,21.927453825792846,14.048050325245175
pearson_r,0.29111108869750485,0.25114557433177565
error_per_sample_ms,-1.0126823081800889,37.72710765610072
absolute_error_per_sample_ms,26.291058972733037,27.076565432945664
absolute_relative_error_per_sample_percent,22.171771328809715,31.69375161953826
