metrics,mean,std
pep_reference_ms,133.4191762754604,21.372115145218338
pep_estimated_ms,161.4060247648066,20.66045891961825
error_ms,-28.54595872006879,16.568221616140725
absolute_error_ms,32.803299447162374,14.189061500262119
absolute_relative_error_percent,30.59738983416086,18.17036162073791
pearson_r,0.11119285117016928,0.17361133577917537
error_per_sample_ms,-27.87989225162415,35.808007906793804
absolute_error_per_sample_ms,31.91792109016004,32.26062825639787
absolute_relative_error_per_sample_percent,30.388407198360508,46.279163018349216
