metrics,mean,std
pep_reference_ms,133.4191762754604,21.372115145218338
pep_estimated_ms,108.61915879022541,16.076178130543433
error_ms,24.29504983795714,18.24364311678188
absolute_error_ms,36.46974450957359,8.966088129900612
absolute_relative_error_percent,28.85629407048346,7.866497372868572
pearson_r,-0.007642662402243605,0.22651301027327111
error_per_sample_ms,25.076825396825395,32.79819685449219
absolute_error_per_sample_ms,36.834920634920636,18.64825757833656
absolute_relative_error_per_sample_percent,29.355730199272774,22.39634201311748
