metrics,mean,std
pep_reference_ms,133.4191762754604,21.372115145218338
pep_estimated_ms,130.20887871790202,30.06147975789807
error_ms,2.764170001061375,15.554827766462736
absolute_error_ms,19.441974838395943,11.232285756566466
absolute_relative_error_percent,15.927442753308675,10.664455851948963
pearson_r,0.40859239625620375,0.2166253295162968
error_per_sample_ms,2.9415512024207677,32.15447255047747
absolute_error_per_sample_ms,19.393852524287308,25.815524645880565
absolute_relative_error_per_sample_percent,16.030340483629036,24.61971078263954
