metrics,mean,std
pep_reference_ms,133.4191762754604,21.372115145218338
pep_estimated_ms,124.88393523149146,1.8573543071958778
error_ms,7.988342961684949,21.021264423818923
absolute_error_ms,24.62940907056401,11.40245037973815
absolute_relative_error_percent,20.969999633123592,12.027472835013183
pearson_r,0.07915006552058186,0.15592970118288857
error_per_sample_ms,7.747268408551069,29.936170260178653
absolute_error_per_sample_ms,24.46429136975455,18.912770960816168
absolute_relative_error_per_sample_percent,21.235783163402676,32.067480503545355
