metrics,mean,std
pep_reference_ms,133.4191762754604,21.372115145218338
pep_estimated_ms,134.61139233228835,23.02091811390233
error_ms,-1.2166917406684994,18.58905698679984
absolute_error_ms,27.527246120133853,12.070008868596398
absolute_relative_error_percent,24.473394545365885,13.250170347845723
pearson_r,0.1594198074981843,0.20219711480933827
error_per_sample_ms,-2.4582107631078043,39.58174357298367
absolute_error_per_sample_ms,25.811039972313548,30.108926250879904
absolute_relative_error_per_sample_percent,23.283949525793258,36.46535669909214
