metrics,mean,std
pep_reference_ms,133.4191762754604,21.372115145218338
pep_estimated_ms,158.12459045827927,14.778710426560131
error_ms,-25.268216540087415,9.77219856117185
absolute_error_ms,27.24138046047826,9.168302470502802
absolute_relative_error_percent,25.936549193065005,15.446533758566053
pearson_r,0.3876299531675714,0.22498903520226712
error_per_sample_ms,-25.581432192648922,22.31822128316087
absolute_error_per_sample_ms,27.168884664131813,20.355942139295166
absolute_relative_error_per_sample_percent,26.262184530995352,40.46580374500163
