metrics,mean,std
pep_reference_ms,133.4191762754604,21.372115145218338
pep_estimated_ms,131.9001246920495,9.550153002284434
error_ms,0.972153501126904,14.861562353591902
absolute_error_ms,19.408160766557085,6.991314953958434
absolute_relative_error_percent,17.76000866020442,10.76591726946647
pearson_r,0.17391247025588136,0.19754119234798287
error_per_sample_ms,1.199366587490103,25.053317641703913
absolute_error_per_sample_ms,19.370071258907362,15.9344765992533
absolute_relative_error_per_sample_percent,18.03066664275258,31.09556953389383
