metrics,mean,std
pep_reference_ms,133.4191762754604,21.372115145218338
pep_estimated_ms,130.82029872917306,28.65729412679561
error_ms,2.098620748960442,21.358556574296806
absolute_error_ms,25.114447311780733,17.782167408136242
absolute_relative_error_percent,20.563390763462365,15.426898108502847
pearson_r,0.2760325662534426,0.24783678562029632
error_per_sample_ms,2.8617072777150234,38.81988065773284
absolute_error_per_sample_ms,24.505083104728094,30.24356799146418
absolute_relative_error_per_sample_percent,20.43222380226129,33.112948696429434
