metrics,mean,std
pep_reference_ms,133.4191762754604,21.372115145218338
pep_estimated_ms,125.29372929130439,30.48565251986763
error_ms,7.5848876899924065,16.125312686334834
absolute_error_ms,18.51940614218237,12.867392331553125
absolute_relative_error_percent,15.267401068637403,11.93240515482074
pearson_r,0.412647740069177,0.19861578434492996
error_per_sample_ms,7.888622179548728,32.59092548415495
absolute_error_per_sample_ms,18.431749079852775,28.011951193423766
absolute_relative_error_per_sample_percent,15.35924132874947,27.546563197945087
