metrics,mean,std
pep_reference_ms,133.4191762754604,21.372115145218338
pep_estimated_ms,132.79105975925106,31.02525376178258
error_ms,0.056287575524187713,16.573182860121168
absolute_error_ms,20.635172234320084,12.13996450907428
absolute_relative_error_percent,17.1875432281289,11.768266129121052
pearson_r,0.412654511119139,0.19888373438551002
error_per_sample_ms,0.4645243398027362,33.44866470230358
absolute_error_per_sample_ms,20.727966910594972,26.25605341597778
absolute_relative_error_per_sample_percent,17.484844952897713,27.501795247098528
