metrics,mean,std
pep_reference_ms,133.4191762754604,21.372115145218338
pep_estimated_ms,144.68451234346097,7.739545907015227
error_ms,-11.80988613229535,15.589325494726918
absolute_error_ms,21.213414125017692,10.108350527219978
absolute_relative_error_percent,21.058515657015008,16.101051824786943
pearson_r,0.17633997629762416,0.19554226619384704
error_per_sample_ms,-11.784391324996042,26.3271942251299
absolute_error_per_sample_ms,20.91657432325471,19.861771150834386
absolute_relative_error_per_sample_percent,21.226789992362754,37.84291187971896
