metrics,mean,std
pep_reference_ms,133.4191762754604,21.372115145218338
pep_estimated_ms,150.20538147929938,24.276097284565314
error_ms,-17.30587052569655,17.93668461454924
absolute_error_ms,30.933552344033455,11.642319075010406
absolute_relative_error_percent,28.20674843793427,15.042468645214894
pearson_r,0.14976642625709197,0.18189102374472385
error_per_sample_ms,-16.21212121212121,37.41021671567634
absolute_error_per_sample_ms,29.96260477111541,27.651392446680013
absolute_relative_error_per_sample_percent,27.821235447650814,41.71075376574674
