metrics,mean,std
pep_reference_ms,133.4191762754604,21.372115145218338
pep_estimated_ms,133.9010611652006,44.38559892191216
error_ms,1.7540798219040166,42.381617370028174
absolute_error_ms,51.03665919609107,20.397033418641673
absolute_relative_error_percent,42.404954734085045,22.737464182089937
pearson_r,0.22638235544942018,0.29941802985034965
error_per_sample_ms,-6.066825775656325,63.26066538639421
absolute_error_per_sample_ms,51.61336515513126,37.07800827289113
absolute_relative_error_per_sample_percent,44.10814795023307,46.00012211816374
