metrics,mean,std
pep_reference_ms,133.4191762754604,21.372115145218338
pep_estimated_ms,145.71264140689357,7.882274438887578
error_ms,-12.84176498325133,15.833893641985723
absolute_error_ms,21.163820455322284,10.18874904663036
absolute_relative_error_percent,21.208004540385488,16.278880201216268
pearson_r,0.18499320294268481,0.20560830816376338
error_per_sample_ms,-13.005699810006334,25.502038919364498
absolute_error_per_sample_ms,20.957568081063965,19.50083476983355
absolute_relative_error_per_sample_percent,21.44747912254678,38.02301079591898
