metrics,mean,std
pep_reference_ms,133.4191762754604,21.372115145218338
pep_estimated_ms,144.63551112823475,13.94091562619672
error_ms,-11.727695594826184,16.195727055472958
absolute_error_ms,21.5955921950166,10.07001353143594
absolute_relative_error_percent,21.06333059829798,15.489590146134022
pearson_r,0.1521376456380509,0.19505537029039793
error_per_sample_ms,-10.994688556253017,26.62426057872124
absolute_error_per_sample_ms,20.927410268791245,19.793380894994712
absolute_relative_error_per_sample_percent,20.939968833575396,37.769256761135395
