metrics,mean,std
pep_reference_ms,133.4191762754604,21.372115145218338
pep_estimated_ms,121.76599243988029,10.286180321091365
error_ms,11.121017895445098,20.32589376390579
absolute_error_ms,26.134276706524822,11.045880010042096
absolute_relative_error_percent,21.586095187633948,11.3566007865541
pearson_r,0.05249988765790916,0.15156665037615155
error_per_sample_ms,11.91916264090177,30.19143275598587
absolute_error_per_sample_ms,26.2914653784219,19.035437955947515
absolute_relative_error_per_sample_percent,22.02772889989156,31.021319427566112
