metrics,mean,std
pep_reference_ms,133.4191762754604,21.372115145218338
pep_estimated_ms,120.96282968253736,29.69396133767318
error_ms,11.976249139891017,13.711026768862757
absolute_error_ms,20.201085075674182,11.741268428180076
absolute_relative_error_percent,16.513857694185763,11.053084410900713
pearson_r,0.4146235201435251,0.2149025755757978
error_per_sample_ms,12.052801030264005,30.12923088912277
absolute_error_per_sample_ms,19.615582743077912,25.85090869378999
absolute_relative_error_per_sample_percent,16.130380606585554,23.209854347294417
