metrics,mean,std
pep_reference_ms,133.4191762754604,21.372115145218338
pep_estimated_ms,148.2667131870351,29.525779998170197
error_ms,-15.39464463746456,27.449397595048538
absolute_error_ms,36.21195658910414,10.314110882170407
absolute_relative_error_percent,31.48379239774307,15.100246532357719
pearson_r,0.15076465595221505,0.2763167664216418
error_per_sample_ms,-15.408522097259622,38.39845335354985
absolute_error_per_sample_ms,36.24045620148899,19.962292139792964
absolute_relative_error_per_sample_percent,31.961302392164264,36.30029854804522
