metrics,mean,std
pep_reference_ms,133.4191762754604,21.372115145218338
pep_estimated_ms,131.93982405445263,44.85504807797164
error_ms,3.6642711955562106,44.16313161940913
absolute_error_ms,50.822691832813696,22.04012062948298
absolute_relative_error_percent,42.455529285803834,23.64039807578086
pearson_r,0.2722834355120056,0.2786922224990158
error_per_sample_ms,-2.9323308270676693,65.03257001761278
absolute_error_per_sample_ms,52.87604726100967,37.97311355718086
absolute_relative_error_per_sample_percent,45.21584924809805,45.63446264276984
