metrics,mean,std
pep_reference_ms,133.4191762754604,21.372115145218338
pep_estimated_ms,131.2542763760679,43.962429395382685
error_ms,4.60012986073927,43.38539185745396
absolute_error_ms,49.78017007838725,21.94750311571876
absolute_relative_error_percent,41.47383136962609,23.39287578713135
pearson_r,0.2654257309176096,0.27976148561347125
error_per_sample_ms,-2.238870792616721,64.0974713144713
absolute_error_per_sample_ms,51.63040173724213,38.049966987981605
absolute_relative_error_per_sample_percent,44.13741834632588,45.31998954707953
