metrics,mean,std
pep_reference_ms,133.4191762754604,21.372115145218338
pep_estimated_ms,152.88340835760394,26.10124268625634
error_ms,-19.537929245362587,22.507242535379774
absolute_error_ms,41.04012262871322,12.134867318150334
absolute_relative_error_percent,35.76315458058272,16.313690755845414
pearson_r,0.13273904770150474,0.19880457325075085
error_per_sample_ms,-21.20375965088956,44.79266816282907
absolute_error_per_sample_ms,40.41087613293051,28.686994172393867
absolute_relative_error_per_sample_percent,35.689674446270395,41.2596573136109
