metrics,mean,std
pep_reference_ms,133.4191762754604,21.372115145218338
pep_estimated_ms,163.89027988042173,15.191807614380654
error_ms,-31.018001687245317,9.884326048981261
absolute_error_ms,32.64727984227885,9.550151651883585
absolute_relative_error_percent,30.41509518537063,16.456198868055097
pearson_r,0.34972159380641643,0.2198239452149414
error_per_sample_ms,-31.209184481393507,22.698487284137155
absolute_error_per_sample_ms,32.41330166270784,20.943075139627673
absolute_relative_error_per_sample_percent,30.680451689276122,42.22984626986823
