metrics,mean,std
pep_reference_ms,133.4191762754604,21.372115145218338
pep_estimated_ms,127.52403662400549,30.817805206726334
error_ms,5.356870461551199,27.746113454965077
absolute_error_ms,28.841948399023675,16.64809554107252
absolute_relative_error_percent,24.06801748852138,13.855337965416727
pearson_r,0.14534296177216469,0.2835151594574104
error_per_sample_ms,5.851030110935024,38.35947240701542
absolute_error_per_sample_ms,28.834231378763867,25.966724427612238
absolute_relative_error_per_sample_percent,24.405325731518992,30.951948730079387
