metrics,mean,std
pep_reference_ms,133.4191762754604,21.372115145218338
pep_estimated_ms,146.7955892078064,7.758337710021551
error_ms,-13.92096299664076,15.595625639875527
absolute_error_ms,21.90940693087446,10.72531369820693
absolute_relative_error_percent,21.865501113033943,16.833820953062144
pearson_r,0.17057122616364695,0.19516428309194941
error_per_sample_ms,-13.8926705714738,26.388445282496892
absolute_error_per_sample_ms,21.59696058255501,20.565204439304555
absolute_relative_error_per_sample_percent,22.02837589660354,38.82201723732385
