metrics,mean,std
pep_reference_ms,133.4191762754604,21.372115145218338
pep_estimated_ms,152.66307714395586,7.770530357154211
error_ms,-19.78702295052403,15.62035244895681
absolute_error_ms,24.572915337388938,12.47419688982612
absolute_relative_error_percent,24.603410211764043,18.706774888303517
pearson_r,0.176146578319291,0.19583071811850472
error_per_sample_ms,-19.757834757834758,26.409591480886636
absolute_error_per_sample_ms,24.253561253561255,22.351808048231252
absolute_relative_error_per_sample_percent,24.7823591140402,41.34744756375946
