metrics,mean,std
pep_reference_ms,133.4191762754604,21.372115145218338
pep_estimated_ms,143.2350657306161,29.657529417277626
error_ms,-10.370119403411092,27.617537956250498
absolute_error_ms,34.158979276166754,11.016327621876645
absolute_relative_error_percent,29.521725388388013,14.372089671582094
pearson_r,0.14594827673191055,0.27952565435842297
error_per_sample_ms,-10.335234474017744,38.343691725764806
absolute_error_per_sample_ms,34.134980988593156,20.294305597920648
absolute_relative_error_per_sample_percent,29.93294091937798,34.57271761464025
