metrics,mean,std
pep_reference_ms,133.4191762754604,21.372115145218338
pep_estimated_ms,146.29184265794842,29.91376888150346
error_ms,-13.419564464772028,28.101666377941132
absolute_error_ms,36.05313022363269,10.858771491906328
absolute_relative_error_percent,31.184260474026047,14.952344566635537
pearson_r,0.15482210617611214,0.3012468284964048
error_per_sample_ms,-13.58733174980206,38.62762229958499
absolute_error_per_sample_ms,35.919556611243074,19.659456794384706
absolute_relative_error_per_sample_percent,31.54569294083463,35.26607923651338
