metrics,mean,std
pep_reference_ms,133.4191762754604,21.372115145218338
pep_estimated_ms,133.44413101578184,32.88525499159095
error_ms,-0.44302057835462577,17.622282762480463
absolute_error_ms,20.87793261625676,12.31765632125436
absolute_relative_error_percent,16.926313301012453,11.069041462030153
pearson_r,0.38801551183835903,0.21231471190152268
error_per_sample_ms,0.575044621126075,33.37137814198029
absolute_error_per_sample_ms,20.288171345124127,26.502257618591855
absolute_relative_error_per_sample_percent,16.634929862938836,25.429710443733995
