metrics,mean,std
pep_reference_ms,133.4191762754604,21.372115145218338
pep_estimated_ms,135.69000367066482,30.387305632618315
error_ms,-2.7776979257945515,26.566934577456582
absolute_error_ms,33.64350486313073,12.111448612199952
absolute_relative_error_percent,28.262148704050727,13.78023339393158
pearson_r,0.07028434798165664,0.28469516362972075
error_per_sample_ms,-2.0998864926220207,40.890831160006336
absolute_error_per_sample_ms,33.87806064537052,22.994490712921614
absolute_relative_error_per_sample_percent,28.78006950287357,31.555273436599247
