metrics,mean,std
pep_reference_ms,133.4191762754604,21.372115145218338
pep_estimated_ms,134.34639810053625,48.66291027291327
error_ms,1.403581411592452,47.65459420267551
absolute_error_ms,57.55146375231224,20.086958857915832
absolute_relative_error_percent,47.569260324167615,23.55852876055397
pearson_r,0.2538685775763561,0.26576010707965075
error_per_sample_ms,-6.096714197148171,68.4532545239418
absolute_error_per_sample_ms,58.27443686712131,36.42949336377268
absolute_relative_error_per_sample_percent,49.63487569215932,46.267158165099055
