metrics,mean,std
pep_reference_ms,133.4191762754604,21.372115145218338
pep_estimated_ms,142.7955892078064,7.758337710021551
error_ms,-9.92096299664076,15.595625639875527
absolute_error_ms,20.814033745275736,9.540285007627029
absolute_relative_error_percent,20.488397641320866,15.461788393522957
pearson_r,0.17057122616364695,0.19516428309194941
error_per_sample_ms,-9.8926705714738,26.388445282496892
absolute_error_per_sample_ms,20.52873199303467,19.30767045039849
absolute_relative_error_per_sample_percent,20.657689673751243,36.99797841370008
