metrics,mean,std
pep_reference_ms,133.4191762754604,21.372115145218338
pep_estimated_ms,144.45100145829173,24.274215006540576
error_ms,-11.147221906878917,20.995035649460075
absolute_error_ms,33.539801158244984,12.669084629397439
absolute_relative_error_percent,29.79281703371412,15.44217054559533
pearson_r,0.14244035074524383,0.19622772121681975
error_per_sample_ms,-12.928122344944775,42.19166244540344
absolute_error_per_sample_ms,32.53865760407817,29.807859510493092
absolute_relative_error_per_sample_percent,29.337386753376748,39.51868030692743
