metrics,mean,std
pep_reference_ms,133.4191762754604,21.372115145218338
pep_estimated_ms,104.45729212747176,16.905499418207835
error_ms,28.411947947251672,19.081341689050216
absolute_error_ms,38.08038028851934,11.48305733954187
absolute_relative_error_percent,29.5769269779534,8.614926960349965
pearson_r,0.005118945111706739,0.2295807150841827
error_per_sample_ms,29.626091096651326,32.718929384150485
absolute_error_per_sample_ms,38.95286462466275,20.75832245738577
absolute_relative_error_per_sample_percent,30.414852495223197,21.76176566702235
