metrics,mean,std
pep_reference_ms,133.4191762754604,21.372115145218338
pep_estimated_ms,129.66356245500526,46.09674308622323
error_ms,6.87062317616056,45.07442681857102
absolute_error_ms,55.26389182051063,21.806980742339878
absolute_relative_error_percent,45.19129572046209,22.430568639344237
pearson_r,0.23363896858260988,0.30966754319382356
error_per_sample_ms,0.9855006796556411,69.00376767167909
absolute_error_per_sample_ms,57.10240144993203,38.75315358944953
absolute_relative_error_per_sample_percent,47.99430312842464,44.303109083176246
