metrics,mean,std
pep_reference_ms,133.4191762754604,21.372115145218338
pep_estimated_ms,104.90343719654301,17.096292406083574
error_ms,27.965802878180423,19.432593631329354
absolute_error_ms,37.7608348735172,11.671485421737424
absolute_relative_error_percent,29.36430549493081,8.71580562919067
pearson_r,0.007604704212302715,0.22563708399332028
error_per_sample_ms,29.180447548008253,32.840280500499965
absolute_error_per_sample_ms,38.62974131090303,20.921893525832946
absolute_relative_error_per_sample_percent,30.19843736139075,21.971396042339748
