metrics,mean,std
pep_reference_ms,133.4191762754604,21.372115145218338
pep_estimated_ms,151.2276946523928,25.663128006545545
error_ms,-17.92031816536966,22.104390924107985
absolute_error_ms,39.444314516699876,12.223511353170455
absolute_relative_error_percent,34.509465351518834,16.145439819495245
pearson_r,0.13645088383797838,0.1967839004915266
error_per_sample_ms,-19.58404846037355,44.18513772060161
absolute_error_per_sample_ms,38.77233720343261,28.854240888820947
absolute_relative_error_per_sample_percent,34.38697652371857,40.90930482204962
