metrics,mean,std
pep_reference_ms,133.4191762754604,21.372115145218338
pep_estimated_ms,130.43141009796386,30.400415418457534
error_ms,2.447286252124422,16.14512787545903
absolute_error_ms,18.662109248459775,12.371811156655895
absolute_relative_error_percent,15.637147993695478,11.666742274776833
pearson_r,0.40018349059388153,0.20311199838815053
error_per_sample_ms,2.5712918660287083,32.51432179235127
absolute_error_per_sample_ms,18.637639553429025,26.766229756043938
absolute_relative_error_per_sample_percent,15.819011925128898,27.91933605622976
