metrics,mean,std
pep_reference_ms,133.4191762754604,21.372115145218338
pep_estimated_ms,135.47857902053158,30.61410741499799
error_ms,-2.5722504204920806,22.847971015361686
absolute_error_ms,24.597116917676107,18.042446034344703
absolute_relative_error_percent,20.68486859886009,15.723508745589848
pearson_r,0.2822404749459463,0.23900134167945647
error_per_sample_ms,-1.4380032206119162,37.006128733045735
absolute_error_per_sample_ms,23.641545893719808,28.506117322855165
absolute_relative_error_per_sample_percent,20.370890349962334,34.56797346547018
