metrics,mean,std
pep_reference_ms,133.4191762754604,21.372115145218338
pep_estimated_ms,100.61915879022541,16.076178130543433
error_ms,32.295049837957144,18.243643116781882
absolute_error_ms,40.82246662649864,11.442602158491518
absolute_relative_error_percent,31.34763757721922,8.299050928108047
pearson_r,-0.007642662402243604,0.22651301027327111
error_per_sample_ms,33.0768253968254,32.79819685449219
absolute_error_per_sample_ms,41.3447619047619,21.45713769999727
absolute_relative_error_per_sample_percent,31.960018364615227,20.960291006412383
