metrics,mean,std
pep_reference_ms,133.4191762754604,21.372115145218338
pep_estimated_ms,137.99044298229285,21.14324591084396
error_ms,-4.181600816237891,19.77436762624266
absolute_error_ms,40.26681549176777,10.31869319696183
absolute_relative_error_percent,34.227316807091555,13.930333385370437
pearson_r,0.1403805985183683,0.1881516947312057
error_per_sample_ms,-5.477206946454414,52.27467864568844
absolute_error_per_sample_ms,39.51628075253256,34.65696724947681
absolute_relative_error_per_sample_percent,33.880647802769005,40.508952533119846
