metrics,mean,std
pep_reference_ms,133.4191762754604,21.372115145218338
pep_estimated_ms,143.71264140689357,7.882274438887578
error_ms,-10.84176498325133,15.833893641985723
absolute_error_ms,20.59775910478264,9.560831919755891
absolute_relative_error_percent,20.504066814440026,15.576625046869799
pearson_r,0.18499320294268481,0.20560830816376338
error_per_sample_ms,-11.005699810006334,25.502038919364498
absolute_error_per_sample_ms,20.397720075997466,18.852385341224192
absolute_relative_error_per_sample_percent,20.74177425017732,37.106300561200904
