metrics,mean,std
pep_reference_ms,133.4191762754604,21.372115145218338
pep_estimated_ms,102.61915879022541,16.076178130543433
error_ms,30.29504983795714,18.243643116781882
absolute_error_ms,39.71139876489597,10.807460490039752
absolute_relative_error_percent,30.706682900594533,8.119662558116458
pearson_r,-0.007642662402243604,0.22651301027327111
error_per_sample_ms,31.076825396825395,32.79819685449219
absolute_error_per_sample_ms,40.19555555555556,20.635118299419574
absolute_relative_error_per_sample_percent,31.29183463552975,21.17316348620037
