metrics,mean,std
pep_reference_ms,133.4191762754604,21.372115145218338
pep_estimated_ms,136.48439191998636,27.262845856238734
error_ms,-3.6123214382167026,21.188170708534873
absolute_error_ms,24.67203123764166,15.974131922564652
absolute_relative_error_percent,21.02573357380029,14.416257415567683
pearson_r,0.3027390072657659,0.24291439040115603
error_per_sample_ms,-3.3601520430788723,35.54855213364602
absolute_error_per_sample_ms,24.362369337979093,26.10488729703793
absolute_relative_error_per_sample_percent,21.191056359275258,33.3137397002619
