metrics,mean,std
pep_reference_ms,133.4191762754604,21.372115145218338
pep_estimated_ms,130.27769525803194,46.845202778864426
error_ms,6.052882076895039,45.456190969213615
absolute_error_ms,56.575660648485496,21.282998643808604
absolute_relative_error_percent,46.30776519878928,22.42012439309242
pearson_r,0.2485058747986153,0.2962556435390533
error_per_sample_ms,0.2661290322580645,69.73276536908021
absolute_error_per_sample_ms,58.41935483870968,38.07766236141514
absolute_relative_error_per_sample_percent,49.10792489598726,44.26799245447528
