metrics,mean,std
pep_reference_ms,133.4191762754604,21.372115145218338
pep_estimated_ms,135.67641455974731,27.34413486686954
error_ms,-2.804344077977623,21.491971911930154
absolute_error_ms,23.911754295606823,16.18627645228648
absolute_relative_error_percent,20.487116454308822,14.553098291644801
pearson_r,0.2893300181107004,0.23166767912360559
error_per_sample_ms,-2.67722521381058,35.60361481014555
absolute_error_per_sample_ms,23.59961989230282,26.792589709348807
absolute_relative_error_per_sample_percent,20.658044409453282,33.97020923077422
