metrics,mean,std
pep_reference_ms,133.4191762754604,21.372115145218338
pep_estimated_ms,155.1315381954217,19.62912042862319
error_ms,-22.22263741505069,11.789078832197609
absolute_error_ms,24.11126861755216,11.378414686416892
absolute_relative_error_percent,23.077329049160596,15.345461978601573
pearson_r,0.33718267263608803,0.22237697209511748
error_per_sample_ms,-21.604703608247423,24.094590305705157
absolute_error_per_sample_ms,23.182667525773194,22.580443449796572
absolute_relative_error_per_sample_percent,22.76452866825076,40.42642025655666
