metrics,mean,std
pep_reference_ms,133.4191762754604,21.372115145218338
pep_estimated_ms,132.6583494638419,29.629568049847244
error_ms,0.21829359527292705,27.976503861732834
absolute_error_ms,32.99458315198675,13.683126599799559
absolute_relative_error_percent,27.67536012217414,13.946729885544492
pearson_r,0.09450014079242901,0.3034378682247751
error_per_sample_ms,-0.38807863031071654,39.93932061972456
absolute_error_per_sample_ms,33.02473050095117,22.46479717086278
absolute_relative_error_per_sample_percent,28.082190740276182,29.956831914526003
