metrics,mean,std
pep_reference_ms,133.4191762754604,21.372115145218338
pep_estimated_ms,151.71264140689357,7.882274438887578
error_ms,-18.84176498325133,15.833893641985723
absolute_error_ms,23.770888656291437,12.029231377519169
absolute_relative_error_percent,23.933165339476567,18.26269292869702
pearson_r,0.18499320294268481,0.20560830816376338
error_per_sample_ms,-19.005699810006334,25.502038919364498
absolute_error_per_sample_ms,23.58454718176061,21.33869135031865
absolute_relative_error_per_sample_percent,24.205174212906147,40.639148680113195
