metrics,mean,std
pep_reference_ms,133.4191762754604,21.372115145218338
pep_estimated_ms,144.29184265794842,29.91376888150346
error_ms,-11.419564464772028,28.10166637794113
absolute_error_ms,35.2079998029245,11.206847831221744
absolute_relative_error_percent,30.385951939300305,14.703540964277293
pearson_r,0.15482210617611214,0.3012468284964048
error_per_sample_ms,-11.58733174980206,38.62762229958499
absolute_error_per_sample_ms,35.08250197941409,19.889130611059215
absolute_relative_error_per_sample_percent,30.74479025962233,34.63854370471594
