metrics,mean,std
pep_reference_ms,133.4191762754604,21.372115145218338
pep_estimated_ms,110.90343719654301,17.096292406083574
error_ms,21.965802878180423,19.432593631329354
absolute_error_ms,34.67598678554765,9.722532289776204
absolute_relative_error_percent,27.652394226416508,8.402276106281056
pearson_r,0.007604704212302717,0.22563708399332028
error_per_sample_ms,23.180447548008253,32.840280500499965
absolute_error_per_sample_ms,35.40961752102841,19.025671049714852
absolute_relative_error_per_sample_percent,28.388335594790757,23.27174977721682
