metrics,mean,std
pep_reference_ms,133.4191762754604,21.372115145218338
pep_estimated_ms,160.12459045827927,14.778710426560131
error_ms,-27.268216540087415,9.772198561171852
absolute_error_ms,29.167485728030044,9.156945320324535
absolute_relative_error_percent,27.49865231487867,15.748998429033875
pearson_r,0.3876299531675714,0.22498903520226712
error_per_sample_ms,-27.581432192648922,22.31822128316087
absolute_error_per_sample_ms,29.10678073510773,20.28875842135705
absolute_relative_error_per_sample_percent,27.841537818741777,41.014965003781164
