metrics,mean,std
pep_reference_ms,133.4191762754604,21.372115145218338
pep_estimated_ms,126.87837695115441,29.76242553562096
error_ms,5.8686332136298045,15.476226132903824
absolute_error_ms,21.016610519669648,12.106434540125521
absolute_relative_error_percent,16.826420071912278,11.541930893428908
pearson_r,0.4243268576812265,0.22164937038567423
error_per_sample_ms,5.720801433458218,34.634802551093145
absolute_error_per_sample_ms,21.06532008470435,28.081121888614376
absolute_relative_error_per_sample_percent,16.932883052539342,23.76747251484329
