metrics,mean,std
pep_reference_ms,133.4191762754604,21.372115145218338
pep_estimated_ms,130.85607373975978,30.927358811485764
error_ms,1.9980115457767798,16.492973936896966
absolute_error_ms,19.686115746351373,12.488613473698946
absolute_relative_error_percent,16.39945446666023,11.921523633223025
pearson_r,0.41243444186534156,0.19923097874413756
error_per_sample_ms,2.3694267515923566,33.31996716344866
absolute_error_per_sample_ms,19.74267515923567,26.94552230819357
absolute_relative_error_per_sample_percent,16.65974381209742,27.65482133258912
