metrics,mean,std
pep_reference_ms,133.4191762754604,21.372115145218338
pep_estimated_ms,138.64060341590715,29.626279102294344
error_ms,-5.761604415945839,27.970055199840047
absolute_error_ms,35.07920275719325,11.46407347942656
absolute_relative_error_percent,29.736156804476096,13.97607908513282
pearson_r,0.09382778860002106,0.3030887159811901
error_per_sample_ms,-6.364241559676652,39.98100470850284
absolute_error_per_sample_ms,35.10794103661436,20.159781355482266
absolute_relative_error_per_sample_percent,30.168768451807328,31.15230348226589
