metrics,mean,std
pep_reference_ms,133.4191762754604,21.372115145218338
pep_estimated_ms,122.90868133757854,27.92692191783507
error_ms,9.903660401525443,20.629104032947613
absolute_error_ms,22.595835553487955,17.40921514038182
absolute_relative_error_percent,18.62674329351188,13.761097101528813
pearson_r,0.3064707772307627,0.2380035725821388
error_per_sample_ms,10.505239758653541,34.60457644867394
absolute_error_per_sample_ms,22.139409336297238,28.595162664667402
absolute_relative_error_per_sample_percent,18.5598571289911,30.37317938671557
