metrics,mean,std
pep_reference_ms,133.4191762754604,21.372115145218338
pep_estimated_ms,124.70071783445427,1.9855187223027022
error_ms,8.171560358722136,20.983371393638766
absolute_error_ms,24.60024672997573,11.455601862945512
absolute_relative_error_percent,20.92641246014457,11.984913290560973
pearson_r,0.07687698341261245,0.15625971040019832
error_per_sample_ms,7.977830562153603,29.853452823609548
absolute_error_per_sample_ms,24.463024544734758,18.879482410638744
absolute_relative_error_per_sample_percent,21.20597768313968,31.98207918400977
