metrics,mean,std
pep_reference_ms,133.4191762754604,21.372115145218338
pep_estimated_ms,144.37697380265615,16.583225737817653
error_ms,-11.561132742186206,8.544195722901446
absolute_error_ms,15.072180782616016,7.309091773490021
absolute_relative_error_percent,15.756829915198036,11.893185899741933
pearson_r,0.35429080451319583,0.215267220313833
error_per_sample_ms,-11.15042003487082,21.566803224617136
absolute_error_per_sample_ms,14.534157552702489,19.447805339333947
absolute_relative_error_per_sample_percent,15.630786005257356,35.63138938251351
