metrics,mean,std
pep_reference_ms,133.4191762754604,21.372115145218338
pep_estimated_ms,134.32203162973065,46.97241770295689
error_ms,1.424449558811904,45.73433539119436
absolute_error_ms,54.10347719944615,20.811838217859385
absolute_relative_error_percent,44.979093032860476,23.61884924559055
pearson_r,0.23477642476331426,0.27420692747608977
error_per_sample_ms,-6.260525218841184,66.00084369128103
absolute_error_per_sample_ms,55.03668195081284,36.96307865724565
absolute_relative_error_per_sample_percent,47.1485734440147,46.139863415995606
