metrics,mean,std
pep_reference_ms,133.4191762754604,21.372115145218338
pep_estimated_ms,128.7484024919616,43.563772249421866
error_ms,7.59067468576167,42.762864655918946
absolute_error_ms,51.72334685447048,22.865047857711808
absolute_relative_error_percent,42.52685532796877,22.75446182450821
pearson_r,0.25527296946785183,0.3052048863655054
error_per_sample_ms,2.0390243902439025,67.15926507879543
absolute_error_per_sample_ms,54.3335656213705,39.5270559649482
absolute_relative_error_per_sample_percent,45.698358637343155,44.171882102097264
