metrics,mean,std
pep_reference_ms,133.4191762754604,21.372115145218338
pep_estimated_ms,159.89027988042173,15.191807614380654
error_ms,-27.018001687245317,9.884326048981261
absolute_error_ms,28.776567222968804,9.594170471387377
absolute_relative_error_percent,27.27683091812913,15.863375949387335
pearson_r,0.34972159380641643,0.2198239452149414
error_per_sample_ms,-27.209184481393507,22.698487284137155
absolute_error_per_sample_ms,28.522248614410135,21.024803901782782
absolute_relative_error_per_sample_percent,27.51099292817665,41.11068306882366
