metrics,mean,std
pep_reference_ms,133.4191762754604,21.372115145218338
pep_estimated_ms,142.68451234346097,7.739545907015227
error_ms,-9.80988613229535,15.589325494726918
absolute_error_ms,20.746744652911588,9.529430632655005
absolute_relative_error_percent,20.424940277768062,15.40828053384725
pearson_r,0.17633997629762416,0.19554226619384704
error_per_sample_ms,-9.784391324996042,26.3271942251299
absolute_error_per_sample_ms,20.462877948393224,19.23866147728405
absolute_relative_error_per_sample_percent,20.596141579085444,36.923737156897545
