metrics,mean,std
pep_reference_ms,133.4191762754604,21.372115145218338
pep_estimated_ms,142.29184265794842,29.91376888150346
error_ms,-9.419564464772026,28.101666377941132
absolute_error_ms,34.376182393612694,11.676354322039117
absolute_relative_error_percent,29.597173719182713,14.514530017986809
pearson_r,0.15482210617611214,0.3012468284964048
error_per_sample_ms,-9.58733174980206,38.62762229958499
absolute_error_per_sample_ms,34.25811559778305,20.25812553740083
absolute_relative_error_per_sample_percent,29.952973380272216,34.060136804977745
