metrics,mean,std
pep_reference_ms,133.4191762754604,21.372115145218338
pep_estimated_ms,153.25294063572997,25.636192979589616
error_ms,-20.398507550240417,18.773086531782788
absolute_error_ms,31.868998975718096,12.931090485679109
absolute_relative_error_percent,29.006859674303563,15.790200079568068
pearson_r,0.1203942471414808,0.1793235371725514
error_per_sample_ms,-18.707588206863218,37.016049172515785
absolute_error_per_sample_ms,30.58450136942162,28.01339017047957
absolute_relative_error_per_sample_percent,28.40530316251134,42.13768193712371
