metrics,mean,std
pep_reference_ms,133.4191762754604,21.372115145218338
pep_estimated_ms,144.2667131870351,29.525779998170197
error_ms,-11.39464463746456,27.449397595048538
absolute_error_ms,34.38807210331911,10.955954954499433
absolute_relative_error_percent,29.791435530881362,14.57748725428336
pearson_r,0.15076465595221505,0.2763167664216418
error_per_sample_ms,-11.408522097259622,38.39845335354985
absolute_error_per_sample_ms,34.43972754633296,20.457291192207226
absolute_relative_error_per_sample_percent,30.268976044804155,35.0847357439112
