metrics,mean,std
pep_reference_ms,133.4191762754604,21.372115145218338
pep_estimated_ms,145.73607658615646,13.987105578692427
error_ms,-12.824405038553271,16.063956984930886
absolute_error_ms,22.30569345099752,10.759487050506543
absolute_relative_error_percent,21.69623124687686,16.136883801952784
pearson_r,0.14189707873778745,0.18566633017966866
error_per_sample_ms,-11.896041197296427,27.552895094708443
absolute_error_per_sample_ms,21.517541036369487,20.92064176873973
absolute_relative_error_per_sample_percent,21.48980363828423,38.59111368374272
