metrics,mean,std
pep_reference_ms,133.4191762754604,21.372115145218338
pep_estimated_ms,122.70071783445427,1.9855187223027029
error_ms,10.171560358722138,20.98337139363877
absolute_error_ms,25.19067296948054,11.835652140777166
absolute_relative_error_percent,21.07339797756045,11.514914943940674
pearson_r,0.07687698341261245,0.15625971040019832
error_per_sample_ms,9.977830562153603,29.853452823609548
absolute_error_per_sample_ms,25.062549485352335,19.043486065129795
absolute_relative_error_per_sample_percent,21.354128131461806,31.17205304713912
