metrics,mean,std
pep_reference_ms,133.4191762754604,21.372115145218338
pep_estimated_ms,154.52098465352535,25.25224656679003
error_ms,-21.66655156803581,19.079304901680864
absolute_error_ms,32.564167704539834,13.266184195200685
absolute_relative_error_percent,29.63110647553805,16.20643846263698
pearson_r,0.11227735396870467,0.17614267391935132
error_per_sample_ms,-20.022232962783953,37.14392069378764
absolute_error_per_sample_ms,31.299822780731432,28.299854261412435
absolute_relative_error_per_sample_percent,29.056656467761403,42.4437868188261
