metrics,mean,std
pep_reference_ms,133.4191762754604,21.372115145218338
pep_estimated_ms,157.24341383896757,19.907107298056644
error_ms,-24.38070017931116,15.686232243230236
absolute_error_ms,29.854535814402798,12.635525892032039
absolute_relative_error_percent,28.112456425223353,16.928968960509174
pearson_r,0.15240240466470747,0.18350633213982948
error_per_sample_ms,-24.1740922784208,35.961620149537985
absolute_error_per_sample_ms,29.382907880133185,31.847599372211214
absolute_relative_error_per_sample_percent,28.14044373326017,45.68099895883981
