metrics,mean,std
pep_reference_ms,133.4191762754604,21.372115145218338
pep_estimated_ms,161.89027988042173,15.191807614380654
error_ms,-29.018001687245317,9.884326048981261
absolute_error_ms,30.71000890828968,9.571349737988898
absolute_relative_error_percent,28.844723386886447,16.15923495041059
pearson_r,0.34972159380641643,0.2198239452149414
error_per_sample_ms,-29.209184481393507,22.698487284137155
absolute_error_per_sample_ms,30.465874901029295,20.98161694367354
absolute_relative_error_per_sample_percent,29.094483988462216,41.66926975518769
