metrics,mean,std
pep_reference_ms,133.4191762754604,21.372115145218338
pep_estimated_ms,146.2667131870351,29.525779998170197
error_ms,-13.39464463746456,27.449397595048538
absolute_error_ms,35.29056853607471,10.569047633263912
absolute_relative_error_percent,30.630556534027395,14.80980125212634
pearson_r,0.15076465595221505,0.2763167664216418
error_per_sample_ms,-13.408522097259622,38.39845335354985
absolute_error_per_sample_ms,35.330904482813246,20.148371477709322
absolute_relative_error_per_sample_percent,31.108230133845083,35.672001238268486
