metrics,mean,std
pep_reference_ms,133.4191762754604,21.372115145218338
pep_estimated_ms,140.83368916927822,29.282529145926446
error_ms,-7.954089538251691,27.58229124934572
absolute_error_ms,35.890735936749074,10.404487179846074
absolute_relative_error_percent,30.533526097280937,13.974931823784594
pearson_r,0.08815798668457168,0.29957183171025403
error_per_sample_ms,-8.159540523292916,40.31574578950028
absolute_error_per_sample_ms,36.12252712188896,19.67486961693179
absolute_relative_error_per_sample_percent,31.074683917492585,31.833876572198346
