metrics,mean,std
pep_reference_ms,133.4191762754604,21.372115145218338
pep_estimated_ms,130.53432558949402,47.12197971921797
error_ms,5.825257276970013,45.7839742310339
absolute_error_ms,58.46902194530179,20.479093550872626
absolute_relative_error_percent,47.650405041706726,22.11650228509308
pearson_r,0.25183100123786295,0.28448935460094016
error_per_sample_ms,-0.46651884700665186,70.5378551704692
absolute_error_per_sample_ms,59.78625277161863,37.43541947691818
absolute_relative_error_per_sample_percent,50.16676385285628,44.20427523380286
