metrics,mean,std
pep_reference_ms,133.4191762754604,21.372115145218338
pep_estimated_ms,114.65311851688968,29.81992700833207
error_ms,18.14666696267341,14.001996507359085
absolute_error_ms,23.76675567979987,11.812759740303163
absolute_relative_error_percent,19.149992148026875,11.317819637566616
pearson_r,0.42415338089362487,0.1910265619067908
error_per_sample_ms,18.395640149666505,29.609985287987588
absolute_error_per_sample_ms,23.443956401496663,25.797901339364554
absolute_relative_error_per_sample_percent,18.886818495004288,24.951114735318594
