metrics,mean,std
pep_reference_ms,133.4191762754604,21.372115145218338
pep_estimated_ms,156.25818611490737,21.12338603457085
error_ms,-23.440542070416203,16.083616213901372
absolute_error_ms,30.26506073308347,12.179882820059643
absolute_relative_error_percent,28.22270986674431,16.16806860183302
pearson_r,0.1227856140071204,0.18279743181365118
error_per_sample_ms,-22.627892234548337,35.42483905430273
absolute_error_per_sample_ms,29.43740095087163,30.006335235399984
absolute_relative_error_per_sample_percent,27.98632492245639,43.9946457424183
