metrics,mean,std
pep_reference_ms,133.4191762754604,21.372115145218338
pep_estimated_ms,126.88393523149146,1.8573543071958778
error_ms,5.988342961684949,21.021264423818923
absolute_error_ms,24.14635505108802,11.095640366696061
absolute_relative_error_percent,20.907791813935262,12.555404792776129
pearson_r,0.07915006552058186,0.15592970118288857
error_per_sample_ms,5.747268408551069,29.936170260178653
absolute_error_per_sample_ms,23.974980205859065,18.82566620693674
absolute_relative_error_per_sample_percent,21.174790662257593,32.898602445333225
