metrics,mean,std
pep_reference_ms,133.4191762754604,21.372115145218338
pep_estimated_ms,139.67641455974731,27.34413486686954
error_ms,-6.804344077977622,21.491971911930154
absolute_error_ms,25.977927331409006,15.204234772366751
absolute_relative_error_percent,22.300444770834172,14.499964039127414
pearson_r,0.2893300181107004,0.23166767912360559
error_per_sample_ms,-6.67722521381058,35.60361481014555
absolute_error_per_sample_ms,25.66613873930947,25.562708117875165
absolute_relative_error_per_sample_percent,22.487554010758355,34.57846195019995
