metrics,mean,std
pep_reference_ms,133.4191762754604,21.372115145218338
pep_estimated_ms,132.38799705672238,46.30171689941508
error_ms,3.442465234847219,45.445269790519895
absolute_error_ms,52.79991206266332,21.153549898932134
absolute_relative_error_percent,43.917239613617326,23.365940575464034
pearson_r,0.24954147042404942,0.2916102851371544
error_per_sample_ms,-3.7684120902511706,65.89623154404107
absolute_error_per_sample_ms,54.15495955725841,37.73267306644907
absolute_relative_error_per_sample_percent,46.26072255434555,45.853513878739065
