metrics,mean,std
pep_reference_ms,133.4191762754604,21.372115145218338
pep_estimated_ms,138.06588327424384,30.379595267294608
error_ms,-5.11460024979843,15.885256664935437
absolute_error_ms,22.01183101731024,9.949181323845348
absolute_relative_error_percent,18.098918095711873,10.107872110393517
pearson_r,0.40897228801068697,0.2162584616392792
error_per_sample_ms,-4.784625158831004,32.556558039283146
absolute_error_per_sample_ms,22.156289707750954,24.329425304801997
absolute_relative_error_per_sample_percent,18.3762492082679,24.82883445649104
