metrics,mean,std
pep_reference_ms,133.4191762754604,21.372115145218338
pep_estimated_ms,136.11028621781017,30.304502805366806
error_ms,-3.157167896644045,15.798391317502782
absolute_error_ms,21.04599950443836,10.266721130065378
absolute_relative_error_percent,17.29606451974786,10.233291889175925
pearson_r,0.40927134106851387,0.21600262700817224
error_per_sample_ms,-2.8569612205975843,32.43494948423543
absolute_error_per_sample_ms,21.153846153846153,24.752837581988675
absolute_relative_error_per_sample_percent,17.54044854140143,24.81314737210498
