metrics,mean,std
pep_reference_ms,133.4191762754604,21.372115145218338
pep_estimated_ms,147.75434780456152,24.970757151594377
error_ms,-14.385035505289164,21.290360149182117
absolute_error_ms,37.3331768163455,12.328037955339154
absolute_relative_error_percent,32.65205968188395,15.723408806339627
pearson_r,0.15103504239515864,0.1954526068632177
error_per_sample_ms,-15.94951719464679,43.88385977315044
absolute_error_per_sample_ms,36.48077248856514,29.143326611240077
absolute_relative_error_per_sample_percent,32.3358021826726,40.01260431058988
