metrics,mean,std
pep_reference_ms,133.4191762754604,21.372115145218338
pep_estimated_ms,137.41324560903976,21.018879910758383
error_ms,-4.550531949383314,15.278993055548076
absolute_error_ms,30.38977714246281,5.965960100905442
absolute_relative_error_percent,26.81186749107282,10.807861911350392
pearson_r,0.1501061123695773,0.18518161387323684
error_per_sample_ms,-3.9514824797843664,35.852022990388974
absolute_error_per_sample_ms,30.054542571745678,19.94257348224017
absolute_relative_error_per_sample_percent,26.81847418092586,34.25300596045383
