metrics,mean,std
pep_reference_ms,133.4191762754604,21.372115145218338
pep_estimated_ms,144.4044876498746,24.13195885898907
error_ms,-11.052567884744763,20.718625795042982
absolute_error_ms,34.42840460441519,12.618476338272993
absolute_relative_error_percent,30.333359892176208,15.405708526764872
pearson_r,0.1573841090079156,0.1941161286040506
error_per_sample_ms,-12.63647199046484,42.88912538231427
absolute_error_per_sample_ms,33.45717691128895,29.660998188739207
absolute_relative_error_per_sample_percent,29.88621819930693,39.35893967181034
