metrics,mean,std
pep_reference_ms,133.4191762754604,21.372115145218338
pep_estimated_ms,128.57086979047028,30.67971617316389
error_ms,4.310037295086406,27.609174546225425
absolute_error_ms,28.639286707118544,16.306413357749886
absolute_relative_error_percent,24.039773233546093,13.806880060220463
pearson_r,0.15164868686699234,0.2793989874250156
error_per_sample_ms,4.755625990491284,38.37703762257068
absolute_error_per_sample_ms,28.676386687797148,25.94374378877444
absolute_relative_error_per_sample_percent,24.411677807421917,31.3868345611472
