metrics,mean,std
pep_reference_ms,133.4191762754604,21.372115145218338
pep_estimated_ms,133.5704266222375,45.88509435407012
error_ms,2.122298878150784,44.551334786523405
absolute_error_ms,52.52071844020141,20.75305440931859
absolute_relative_error_percent,43.770337727667545,23.418634346855264
pearson_r,0.23446434648845854,0.2808645957527577
error_per_sample_ms,-5.672428330522766,64.95154334947912
absolute_error_per_sample_ms,53.557757166947724,37.181259713603595
absolute_relative_error_per_sample_percent,45.92657588729328,45.93046629086593
