metrics,mean,std
pep_reference_ms,133.4191762754604,21.372115145218338
pep_estimated_ms,136.68954006958762,20.851815897972816
error_ms,-2.907775399010009,19.722297021851883
absolute_error_ms,38.725811725818936,10.632501529054347
absolute_relative_error_percent,33.04244088233193,13.836238382845655
pearson_r,0.1469934056035721,0.190397453044782
error_per_sample_ms,-4.185851973086016,51.4539963515938
absolute_error_per_sample_ms,37.92798690671031,35.0214635116071
absolute_relative_error_per_sample_percent,32.6392350329538,40.3664776891277
