metrics,mean,std
pep_reference_ms,133.4191762754604,21.372115145218338
pep_estimated_ms,107.21792650671202,4.538632950698052
error_ms,25.60962360655318,20.465209857480314
absolute_error_ms,32.043348088671124,15.227123317314376
absolute_relative_error_percent,24.199247231985918,8.976388754098645
pearson_r,-0.011817068474074904,0.20321406887187243
error_per_sample_ms,25.497148288973385,28.837005200389886
absolute_error_per_sample_ms,32.14100126742712,21.180969697453886
absolute_relative_error_per_sample_percent,24.56135108890216,25.017713632053162
