metrics,mean,std
pep_reference_ms,133.4191762754604,21.372115145218338
pep_estimated_ms,133.09350997813738,47.371002495584655
error_ms,2.781186253508519,46.60174828251405
absolute_error_ms,54.410332352870434,21.126862082794197
absolute_relative_error_percent,45.14774308729466,23.519777541272013
pearson_r,0.24971548105677774,0.28551728950251676
error_per_sample_ms,-4.329055333473596,66.92864861444828
absolute_error_per_sample_ms,55.61371765200926,37.48731964757096
absolute_relative_error_per_sample_percent,47.46686026237718,46.043252454378504
