metrics,mean,std
pep_reference_ms,133.4191762754604,21.372115145218338
pep_estimated_ms,142.48439191998636,27.262845856238734
error_ms,-9.612321438216702,21.188170708534873
absolute_error_ms,28.13968365455459,14.325189374874187
absolute_relative_error_percent,24.03640735450391,14.23277508381618
pearson_r,0.3027390072657659,0.24291439040115603
error_per_sample_ms,-9.360152043078873,35.54855213364602
absolute_error_per_sample_ms,27.804244535951852,24.046538022199663
absolute_relative_error_per_sample_percent,24.204949132435964,34.1573362883181
