metrics,mean,std
pep_reference_ms,133.4191762754604,21.372115145218338
pep_estimated_ms,145.49130484368638,26.65066424131236
error_ms,-12.070216423863709,21.07589959427771
absolute_error_ms,34.74722519893266,12.835174284265587
absolute_relative_error_percent,30.330780318035032,14.837299725510048
pearson_r,0.13867029944078377,0.1934102752439072
error_per_sample_ms,-12.974412171507607,43.17362621861514
absolute_error_per_sample_ms,33.118948824343015,30.58484266481366
absolute_relative_error_per_sample_percent,29.366296328825133,39.793228529263644
