metrics,mean,std
pep_reference_ms,133.4191762754604,21.372115145218338
pep_estimated_ms,112.43868790559237,16.913138841258657
error_ms,20.43305734429557,19.098886055128993
absolute_error_ms,33.95586003237562,8.966450383820124
absolute_relative_error_percent,27.277978195739088,8.310146980964143
pearson_r,0.004533040984536374,0.22955730109751035
error_per_sample_ms,21.647413519517613,32.76008534026078
absolute_error_per_sample_ms,34.64646144081244,18.478539260895595
absolute_relative_error_per_sample_percent,27.98369103123262,23.675677073089343
