metrics,mean,std
pep_reference_ms,133.4191762754604,21.372115145218338
pep_estimated_ms,135.53472356345497,30.713626808116434
error_ms,-2.6260539591462364,26.955362549380272
absolute_error_ms,33.40601168398197,12.565169400760096
absolute_relative_error_percent,28.07263266933238,13.878840230543485
pearson_r,0.07552392484458498,0.2853866785705724
error_per_sample_ms,-2.354609929078014,40.401538458643856
absolute_error_per_sample_ms,33.36943907156673,22.897795391530316
absolute_relative_error_per_sample_percent,28.433431217223493,31.39334718043138
