metrics,mean,std
pep_reference_ms,133.4191762754604,21.372115145218338
pep_estimated_ms,133.71167373846168,27.303183153005442
error_ms,-0.8421755599128785,21.424802493971843
absolute_error_ms,23.156853844589037,16.5162243187782
absolute_relative_error_percent,19.797795541780175,14.512935593583924
pearson_r,0.28967526061298493,0.23149025380393376
error_per_sample_ms,-0.7252851711026616,35.50635808681518
absolute_error_per_sample_ms,22.832382762991127,27.20128306776784
absolute_relative_error_per_sample_percent,19.951100553361638,33.593710093270936
