metrics,mean,std
pep_reference_ms,133.4191762754604,21.372115145218338
pep_estimated_ms,134.83368916927822,29.282529145926446
error_ms,-1.954089538251692,27.582291249345722
absolute_error_ms,33.80079418006284,12.383622150674555
absolute_relative_error_percent,28.459272733012266,13.732535742645348
pearson_r,0.08815798668457168,0.29957183171025403
error_per_sample_ms,-2.1595405232929163,40.31574578950028
absolute_error_per_sample_ms,34.07275047862157,21.658038892220777
absolute_relative_error_per_sample_percent,29.00544299918718,30.46294864620149
