metrics,mean,std
pep_reference_ms,133.4191762754604,21.372115145218338
pep_estimated_ms,136.2675669012796,23.28220464678861
error_ms,-2.960464506254011,18.859690422101178
absolute_error_ms,27.593103707038242,12.123773583612229
absolute_relative_error_percent,24.73736499739893,13.529277936951193
pearson_r,0.14897564484205994,0.20252675899179226
error_per_sample_ms,-4.348649113749785,39.24163576843793
absolute_error_per_sample_ms,25.934606780244366,29.76932814242483
absolute_relative_error_per_sample_percent,23.640786110273265,36.811804803414
