metrics,mean,std
pep_reference_ms,133.4191762754604,21.372115145218338
pep_estimated_ms,153.24341383896763,19.907107298056644
error_ms,-20.380700179311162,15.686232243230236
absolute_error_ms,28.960929678483367,11.254832556142727
absolute_relative_error_percent,27.10546772980347,15.588660198296568
pearson_r,0.15240240466470747,0.18350633213982948
error_per_sample_ms,-20.1740922784208,35.961620149537985
absolute_error_per_sample_ms,28.44109719359442,29.855252694666813
absolute_relative_error_per_sample_percent,27.07937924314475,43.66937642228329
