metrics,mean,std
pep_reference_ms,133.4191762754604,21.372115145218338
pep_estimated_ms,132.26958730300896,30.61601618860607
error_ms,0.5813022323025111,16.3155138461422
absolute_error_ms,19.472316921019907,12.17850633335655
absolute_relative_error_percent,16.35955957209418,11.685554262313588
pearson_r,0.40074156022158164,0.20209577162882963
error_per_sample_ms,0.7696960050931084,32.80461683335472
absolute_error_per_sample_ms,19.529524112685024,26.369167705021148
absolute_relative_error_per_sample_percent,16.61642935315287,27.998040485088058
