metrics,mean,std
pep_reference_ms,133.4191762754604,21.372115145218338
pep_estimated_ms,141.71264140689357,7.882274438887578
error_ms,-8.841764983251332,15.833893641985723
absolute_error_ms,20.175678926446956,8.958445834290416
absolute_relative_error_percent,19.900404139392794,14.864152116538131
pearson_r,0.18499320294268481,0.20560830816376338
error_per_sample_ms,-9.005699810006334,25.502038919364498
absolute_error_per_sample_ms,19.980367321089297,18.22749406328463
absolute_relative_error_per_sample_percent,20.135035977538813,36.18000557395096
