metrics,mean,std
pep_reference_ms,133.4191762754604,21.372115145218338
pep_estimated_ms,102.90343719654301,17.096292406083574
error_ms,29.965802878180423,19.432593631329354
absolute_error_ms,38.842369215552154,12.324338352344869
absolute_relative_error_percent,29.978952799069578,8.911047509889432
pearson_r,0.007604704212302715,0.22563708399332028
error_per_sample_ms,31.180447548008253,32.840280500499965
absolute_error_per_sample_ms,39.751785430883984,21.69100937491318
absolute_relative_error_per_sample_percent,30.84165375557572,21.705748412234456
