metrics,mean,std
pep_reference_ms,133.4191762754604,21.372115145218338
pep_estimated_ms,156.21330280518427,14.87322682677901
error_ms,-23.341315955292096,9.712496484426902
absolute_error_ms,25.281125180463363,9.066340744340696
absolute_relative_error_percent,24.343407264941888,15.120861431277266
pearson_r,0.38697121610039215,0.2252802984783866
error_per_sample_ms,-23.605450800190145,22.238268268485385
absolute_error_per_sample_ms,25.219774996038662,20.38923324233907
absolute_relative_error_per_sample_percent,24.673917407680143,39.91062977474833
