metrics,mean,std
pep_reference_ms,133.4191762754604,21.372115145218338
pep_estimated_ms,146.1530280417067,24.487700187267453
error_ms,-12.867629265471546,21.22411665264574
absolute_error_ms,34.914796845497285,12.63475865070013
absolute_relative_error_percent,30.907562941035472,15.648271796278474
pearson_r,0.14284667928687927,0.19550067857820463
error_per_sample_ms,-14.637504238724992,42.609162031864855
absolute_error_per_sample_ms,34.01288572397423,29.54523352631141
absolute_relative_error_per_sample_percent,30.542449040606595,39.86589739805632
