metrics,mean,std
pep_reference_ms,133.4191762754604,21.372115145218338
pep_estimated_ms,130.71543209228636,30.109486497371847
error_ms,1.9787984328999824,15.712512446577184
absolute_error_ms,22.099849740490498,11.477974416846342
absolute_relative_error_percent,17.77846982078664,11.387613767731308
pearson_r,0.426232121852897,0.22019373632709138
error_per_sample_ms,1.9255647651552088,34.87246366916124
absolute_error_per_sample_ms,22.28896473265074,26.888632787265877
absolute_relative_error_per_sample_percent,17.995289849321086,23.393411320980757
