metrics,mean,std
pep_reference_ms,133.4191762754604,21.372115145218338
pep_estimated_ms,137.2350657306161,29.657529417277626
error_ms,-4.370119403411092,27.617537956250498
absolute_error_ms,31.765168613329003,12.847735062449576
absolute_relative_error_percent,27.22477185216985,14.06381138493976
pearson_r,0.14594827673191055,0.27952565435842297
error_per_sample_ms,-4.335234474017744,38.343691725764806
absolute_error_per_sample_ms,31.773130544993663,21.89751420769004
absolute_relative_error_per_sample_percent,27.635799334897563,33.06895127285106
