metrics,mean,std
pep_reference_ms,133.4191762754604,21.372115145218338
pep_estimated_ms,160.15638564629228,20.984942619646333
error_ms,-27.296319601554444,16.046231769505955
absolute_error_ms,31.742818859406267,13.700003956816763
absolute_relative_error_percent,29.63366026452035,17.48187861215408
pearson_r,0.1186897196886031,0.17802311058066686
error_per_sample_ms,-26.5862779274283,35.57594301916872
absolute_error_per_sample_ms,30.813183330692443,31.98477182608528
absolute_relative_error_per_sample_percent,29.374326791889086,45.942845357679985
