metrics,mean,std
pep_reference_ms,133.4191762754604,21.372115145218338
pep_estimated_ms,132.27266571525087,43.556687637210594
error_ms,3.3072533704195743,42.404733351843824
absolute_error_ms,49.49195023418775,21.412545793068073
absolute_relative_error_percent,41.41126886903795,23.362625738746523
pearson_r,0.25106422761154407,0.27234984102506776
error_per_sample_ms,-4.139694820545884,63.01206854198617
absolute_error_per_sample_ms,50.9344508918977,37.327463984150846
absolute_relative_error_per_sample_percent,43.7722069770814,45.36116722670258
