metrics,mean,std
pep_reference_ms,133.4191762754604,21.372115145218338
pep_estimated_ms,137.17538230416977,29.749054036113765
error_ms,-4.303104110993345,27.820391798339365
absolute_error_ms,31.935746084137264,13.321005973522274
absolute_relative_error_percent,27.360594055958423,14.306849987204924
pearson_r,0.14910409145528505,0.2841678174112436
error_per_sample_ms,-4.51243072050673,38.53671430000401
absolute_error_per_sample_ms,31.86761678543151,22.13358038059793
absolute_relative_error_per_sample_percent,27.730778453409762,33.10326946518336
