metrics,mean,std
pep_reference_ms,133.4191762754604,21.372115145218338
pep_estimated_ms,124.91197065184386,3.4822319302668
error_ms,7.960307541332566,21.913339779672974
absolute_error_ms,24.489383214431868,11.521249219965323
absolute_relative_error_percent,20.910576101569575,11.976097254882164
pearson_r,-0.05639245546287959,0.2003784889690228
error_per_sample_ms,7.350435471100554,29.6016398892596
absolute_error_per_sample_ms,24.219477434679334,18.53922594228996
absolute_relative_error_per_sample_percent,21.120806088692998,32.02126079827043
