metrics,mean,std
pep_reference_ms,133.4191762754604,21.372115145218338
pep_estimated_ms,122.88393523149146,1.857354307195879
error_ms,9.988342961684948,21.021264423818923
absolute_error_ms,25.21040100745906,11.788017328939127
absolute_relative_error_percent,21.110942896987677,11.558743351805449
pearson_r,0.07915006552058186,0.15592970118288857
error_per_sample_ms,9.747268408551069,29.936170260178653
absolute_error_per_sample_ms,25.052414885193983,19.06725044926126
absolute_relative_error_per_sample_percent,21.37593684116666,31.255432354644576
