metrics,mean,std
pep_reference_ms,133.4191762754604,21.372115145218338
pep_estimated_ms,126.91197065184386,3.4822319302668
error_ms,5.960307541332567,21.913339779672974
absolute_error_ms,24.014126918995483,11.19876139312494
absolute_relative_error_percent,20.859901080075755,12.511947320127266
pearson_r,-0.05639245546287959,0.2003784889690228
error_per_sample_ms,5.350435471100554,29.6016398892596
absolute_error_per_sample_ms,23.744101346001585,18.468944071998866
absolute_relative_error_per_sample_percent,21.074980154239512,32.868279295562054
