metrics,mean,std
pep_reference_ms,133.4191762754604,21.372115145218338
pep_estimated_ms,105.79271031362094,20.999904452664072
error_ms,27.113084813818176,20.210760627161093
absolute_error_ms,37.82697393171158,12.324783645818629
absolute_relative_error_percent,29.560382256491124,9.826411248008835
pearson_r,0.0051007870284707464,0.2232007659422083
error_per_sample_ms,29.238464020651822,34.10845208653581
absolute_error_per_sample_ms,39.09131978057438,22.13917342267625
absolute_relative_error_per_sample_percent,30.661728893490178,23.24922421060111
