metrics,mean,std
pep_reference_ms,133.4191762754604,21.372115145218338
pep_estimated_ms,117.00169811515622,2.644484604365696
error_ms,15.848357855797977,21.633833869984468
absolute_error_ms,27.15517889549895,13.069182546305184
absolute_relative_error_percent,21.768256563167554,10.286030733245036
pearson_r,-0.053857791171855775,0.20324839269974954
error_per_sample_ms,15.297322984318074,29.43924662762228
absolute_error_per_sample_ms,26.94186599081261,19.360092701782467
absolute_relative_error_per_sample_percent,21.984373714768456,28.857972366875057
