metrics,mean,std
pep_reference_ms,133.4191762754604,21.372115145218338
pep_estimated_ms,135.1431736629786,47.84975360395741
error_ms,0.40060536226440685,46.33392919138915
absolute_error_ms,55.41322050571324,20.32678566775764
absolute_relative_error_percent,46.11019910425892,23.684849478490225
pearson_r,0.24190923581281817,0.2695788169820651
error_per_sample_ms,-7.204545454545454,66.70831644908357
absolute_error_per_sample_ms,56.34752066115703,36.426115274870696
absolute_relative_error_per_sample_percent,48.24854382770485,46.28097614400899
