metrics,mean,std
pep_reference_ms,133.4191762754604,21.372115145218338
pep_estimated_ms,158.34659845194813,15.211596394970849
error_ms,-25.45753773642812,9.776760451751747
absolute_error_ms,27.166757902534883,9.522155881194509
absolute_relative_error_percent,26.01159989290822,15.653539382499499
pearson_r,0.33247622345074485,0.22023743307170968
error_per_sample_ms,-25.640164713335444,22.870718361063272
absolute_error_per_sample_ms,26.945201140323093,21.317690784547466
absolute_relative_error_per_sample_percent,26.280572047661572,41.24004725719981
