metrics,mean,std
pep_reference_ms,133.4191762754604,21.372115145218338
pep_estimated_ms,136.83368916927822,29.282529145926446
error_ms,-3.9540895382516914,27.58229124934572
absolute_error_ms,34.48537242868519,11.645562602029845
absolute_relative_error_percent,29.142209885110102,13.751745765365673
pearson_r,0.08815798668457168,0.29957183171025403
error_per_sample_ms,-4.159540523292916,40.31574578950028
absolute_error_per_sample_ms,34.74473516273133,20.867786523735255
absolute_relative_error_per_sample_percent,29.687145885312415,30.8538343702634
