metrics,mean,std
pep_reference_ms,133.4191762754604,21.372115145218338
pep_estimated_ms,125.83286683685346,36.70563074969527
error_ms,11.116117920502479,37.385474337848535
absolute_error_ms,45.35664106520252,21.11739955501668
absolute_relative_error_percent,36.93104578876555,19.612434451836066
pearson_r,0.2900315608425539,0.338942820768622
error_per_sample_ms,4.5670962850644425,59.84540659403981
absolute_error_per_sample_ms,46.34217841799343,38.14096955188549
absolute_relative_error_per_sample_percent,38.60166509474648,40.880294397116955
