metrics,mean,std
pep_reference_ms,133.4191762754604,21.372115145218338
pep_estimated_ms,127.24671313710365,38.946358489879124
error_ms,8.858943535656088,39.11778974869113
absolute_error_ms,45.199744505140735,20.58952096418139
absolute_relative_error_percent,37.337096038908676,20.223339585873756
pearson_r,0.2844901071296152,0.3154914596180437
error_per_sample_ms,1.3223064553181714,58.251174732311426
absolute_error_per_sample_ms,45.378359751895246,36.54794547281183
absolute_relative_error_per_sample_percent,38.4090945525141,41.812543316160536
