metrics,mean,std
pep_reference_ms,133.4191762754604,21.372115145218338
pep_estimated_ms,141.17538230416977,29.749054036113765
error_ms,-8.303104110993345,27.820391798339365
absolute_error_ms,33.555201403507276,12.00971825335033
absolute_relative_error_percent,28.903745018145322,14.435257996814967
pearson_r,0.14910409145528505,0.2841678174112436
error_per_sample_ms,-8.51243072050673,38.53671430000401
absolute_error_per_sample_ms,33.47395091053048,20.905368598782353
absolute_relative_error_per_sample_percent,29.280943810746418,34.03760428595353
