metrics,mean,std
pep_reference_ms,133.4191762754604,21.372115145218338
pep_estimated_ms,123.00083561579198,30.479040472277063
error_ms,9.834208845945032,27.877838306536624
absolute_error_ms,30.371963112260207,17.930568329273967
absolute_relative_error_percent,24.808165015653522,14.36094820324127
pearson_r,0.09645545201120546,0.30655080340759155
error_per_sample_ms,9.711791779082684,39.722950666991515
absolute_error_per_sample_ms,30.377083002697983,27.376349966708432
absolute_relative_error_per_sample_percent,25.085505953392698,28.591540360101035
