metrics,mean,std
pep_reference_ms,133.4191762754604,21.372115145218338
pep_estimated_ms,140.10463053551504,31.133338814492202
error_ms,-7.195397977967453,27.14069897042065
absolute_error_ms,32.797855662061316,12.542419510345916
absolute_relative_error_percent,28.074925462114113,14.355254402869926
pearson_r,0.12428965932000911,0.2662388831369904
error_per_sample_ms,-6.522215067611075,39.188225129279694
absolute_error_per_sample_ms,32.533805537669025,22.799293309408025
absolute_relative_error_per_sample_percent,28.31395283996839,34.45450608006366
