metrics,mean,std
pep_reference_ms,133.4191762754604,21.372115145218338
pep_estimated_ms,123.00312764357457,30.14589092842024
error_ms,9.876471987451934,27.453541185845314
absolute_error_ms,30.686243877507952,17.37157203093488
absolute_relative_error_percent,25.002312179167333,14.08082850815931
pearson_r,0.08657959774874656,0.30037752199081674
error_per_sample_ms,10.062220804084237,40.3138685614079
absolute_error_per_sample_ms,30.94479897894065,27.728608007788118
absolute_relative_error_per_sample_percent,25.464892179954305,28.86661713086811
