metrics,mean,std
pep_reference_ms,133.4191762754604,21.372115145218338
pep_estimated_ms,149.5350535319117,25.200203673396356
error_ms,-16.23414316271671,21.701882299523948
absolute_error_ms,37.91284182260009,12.307965504369326
absolute_relative_error_percent,33.29748460195072,15.960331835744647
pearson_r,0.13759931553211285,0.1967782865386092
error_per_sample_ms,-17.963556605365277,43.6148304846252
absolute_error_per_sample_ms,37.153703391260336,29.06105862543559
absolute_relative_error_per_sample_percent,33.082377674767656,40.55403577284757
