metrics,mean,std
pep_reference_ms,133.4191762754604,21.372115145218338
pep_estimated_ms,149.44641245554442,25.42220571729273
error_ms,-16.070737965732057,21.679582838919554
absolute_error_ms,38.81018494543647,12.24661461705846
absolute_relative_error_percent,33.82227124662308,15.90289299514189
pearson_r,0.14984543865376193,0.19579956849439353
error_per_sample_ms,-17.573914512586587,44.43517883191292
absolute_error_per_sample_ms,38.04291265416455,28.91477798475012
absolute_relative_error_per_sample_percent,33.59686879080977,40.346936804295005
