metrics,mean,std
pep_reference_ms,133.4191762754604,21.372115145218338
pep_estimated_ms,129.7951015083567,25.625182827419412
error_ms,3.0729003222388194,20.224854083675357
absolute_error_ms,24.669438530673546,16.398334004702658
absolute_relative_error_percent,20.36420610191906,14.176026978483673
pearson_r,0.29101750190787323,0.25103990744475013
error_per_sample_ms,2.949571836346337,37.67065190833378
absolute_error_per_sample_ms,24.527117031398667,28.74366920462126
absolute_relative_error_per_sample_percent,20.584784145109357,31.466542903212694
