metrics,mean,std
pep_reference_ms,133.4191762754604,21.372115145218338
pep_estimated_ms,162.12459045827927,14.778710426560131
error_ms,-29.268216540087415,9.77219856117185
absolute_error_ms,31.096003494829386,9.146583131810571
absolute_relative_error_percent,29.062430232641642,16.052250485409964
pearson_r,0.3876299531675714,0.22498903520226712
error_per_sample_ms,-29.581432192648922,22.31822128316087
absolute_error_per_sample_ms,31.04721166032953,20.229552143612047
absolute_relative_error_per_sample_percent,29.42264618165498,41.567289460544515
