metrics,mean,std
pep_reference_ms,133.4191762754604,21.372115145218338
pep_estimated_ms,139.36983018778534,21.41234392863235
error_ms,-5.574859646387192,19.859451332172647
absolute_error_ms,41.715572697517096,10.17546691483579
absolute_relative_error_percent,35.36820900333262,14.096313989226028
pearson_r,0.14423561744065447,0.18767264003558518
error_per_sample_ms,-6.853285328532853,52.9536784951179
absolute_error_per_sample_ms,41.052385238523854,34.14324606985142
absolute_relative_error_per_sample_percent,35.112918403145905,40.62703543691926
