metrics,mean,std
pep_reference_ms,133.4191762754604,21.372115145218338
pep_estimated_ms,140.48439191998636,27.262845856238734
error_ms,-7.6123214382167035,21.188170708534873
absolute_error_ms,26.91858102045353,14.881751841766361
absolute_relative_error_percent,22.980304149740054,14.282960333033373
pearson_r,0.3027390072657659,0.24291439040115603
error_per_sample_ms,-7.360152043078872,35.54855213364602
absolute_error_per_sample_ms,26.592334494773517,24.712732406876125
absolute_relative_error_per_sample_percent,23.14840750243812,33.85581388145037
