metrics,mean,std
pep_reference_ms,133.4191762754604,21.372115145218338
pep_estimated_ms,124.10290897622745,27.893650048553923
error_ms,8.70943276287653,20.788207168623345
absolute_error_ms,22.36240464043939,17.2071115402075
absolute_relative_error_percent,18.59468234257828,13.781510566423275
pearson_r,0.2931634975688159,0.22599295159000418
error_per_sample_ms,9.184820577961258,34.55814377972347
absolute_error_per_sample_ms,21.864401397268974,28.29441962805534
absolute_relative_error_per_sample_percent,18.50775664296347,31.054927327299676
