metrics,mean,std
pep_reference_ms,133.4191762754604,21.372115145218338
pep_estimated_ms,145.17538230416977,29.749054036113765
error_ms,-12.303104110993344,27.820391798339365
absolute_error_ms,35.28500275914876,11.045093860876564
absolute_relative_error_percent,30.526229628291034,14.794996061203637
pearson_r,0.14910409145528503,0.28416781741124353
error_per_sample_ms,-12.51243072050673,38.53671430000401
absolute_error_per_sample_ms,35.187331749802055,20.087084305717084
absolute_relative_error_per_sample_percent,30.908680532509354,35.150122010398526
