metrics,mean,std
pep_reference_ms,133.4191762754604,21.372115145218338
pep_estimated_ms,132.88902838891156,9.51085622709432
error_ms,-0.016750195735157937,14.68448671701533
absolute_error_ms,19.76261069950263,7.500571517586236
absolute_relative_error_percent,18.13505685547796,11.35074182997402
pearson_r,0.16782559107249448,0.187527871724934
error_per_sample_ms,0.39778305621536025,25.852865761573742
absolute_error_per_sample_ms,19.661757719714963,16.791193609061658
absolute_relative_error_per_sample_percent,18.360802724900015,31.834329534000325
