metrics,mean,std
pep_reference_ms,133.4191762754604,21.372115145218338
pep_estimated_ms,137.67641455974731,27.34413486686954
error_ms,-4.804344077977623,21.491971911930154
absolute_error_ms,24.86414429203731,15.719017047317998
absolute_relative_error_percent,21.33129679367977,14.534206285303359
pearson_r,0.2893300181107004,0.23166767912360559
error_per_sample_ms,-4.67722521381058,35.60361481014555
absolute_error_per_sample_ms,24.554323725055433,26.202652721720767
absolute_relative_error_per_sample_percent,21.51217272310861,34.28252921785411
