metrics,mean,std
pep_reference_ms,133.4191762754604,21.372115145218338
pep_estimated_ms,139.2350657306161,29.657529417277626
error_ms,-6.370119403411093,27.617537956250498
absolute_error_ms,32.531968824867214,12.162751873514079
absolute_relative_error_percent,27.968071196837194,14.10770153538281
pearson_r,0.14594827673191055,0.27952565435842297
error_per_sample_ms,-6.335234474017744,38.343691725764806
absolute_error_per_sample_ms,32.52915082382763,21.265658646793465
absolute_relative_error_per_sample_percent,28.37893118146,33.525469390720204
