metrics,mean,std
pep_reference_ms,133.4191762754604,21.372115145218338
pep_estimated_ms,128.4956493721336,38.31295933533315
error_ms,7.405257365822501,37.85928493461434
absolute_error_ms,44.57841092018873,19.942271226723
absolute_relative_error_percent,36.980878653502195,20.273398667654828
pearson_r,0.263082227053132,0.3044230057877289
error_per_sample_ms,-0.5966825721426948,56.849284936671374
absolute_error_per_sample_ms,44.344012724380825,35.57816413760976
absolute_relative_error_per_sample_percent,37.82610823101318,41.80595065270872
