metrics,mean,std
pep_reference_ms,133.4191762754604,21.372115145218338
pep_estimated_ms,139.20613659468054,31.250028648686815
error_ms,-6.296904037132935,27.380191572840012
absolute_error_ms,32.7397239532531,12.84141303668341
absolute_relative_error_percent,27.945074095468332,14.367904622994134
pearson_r,0.12686235620784952,0.2814087159346381
error_per_sample_ms,-5.581777205408886,39.24817732382047
absolute_error_per_sample_ms,32.48712169993561,22.719211774761273
absolute_relative_error_per_sample_percent,28.187936243690235,33.98000767962559
