metrics,mean,std
pep_reference_ms,133.4191762754604,21.372115145218338
pep_estimated_ms,158.25818611490743,21.12338603457085
error_ms,-25.440542070416203,16.083616213901372
absolute_error_ms,30.847197298441635,12.888548824120825
absolute_relative_error_percent,28.835334010418542,16.833752722496637
pearson_r,0.1227856140071204,0.18279743181365118
error_per_sample_ms,-24.627892234548337,35.42483905430273
absolute_error_per_sample_ms,29.99904912836767,31.008214223549878
absolute_relative_error_per_sample_percent,28.597700610992767,44.99793642135677
