metrics,mean,std
pep_reference_ms,133.4191762754604,21.372115145218338
pep_estimated_ms,127.13298942195713,30.533980103902415
error_ms,5.77790546591822,16.18943305779121
absolute_error_ms,18.56456356359649,12.899795495862412
absolute_relative_error_percent,15.343640905152524,11.916320586351555
pearson_r,0.40996877202395726,0.20185809333430477
error_per_sample_ms,6.0195012787723785,32.847516471876574
absolute_error_per_sample_ms,18.46515345268542,27.82502186852914
absolute_relative_error_per_sample_percent,15.457524371941073,27.59615653323842
