metrics,mean,std
pep_reference_ms,133.4191762754604,21.372115145218338
pep_estimated_ms,136.29184265794842,29.91376888150346
error_ms,-3.4195644647720287,28.101666377941132
absolute_error_ms,32.002428888876324,13.644792017303017
absolute_relative_error_percent,27.320477969009435,14.317143000519945
pearson_r,0.15482210617611214,0.3012468284964048
error_per_sample_ms,-3.5873317498020585,38.62762229958499
absolute_error_per_sample_ms,31.907838479809975,22.064722911219423
absolute_relative_error_per_sample_percent,27.668351495355996,32.62050913284311
