metrics,mean,std
pep_reference_ms,133.4191762754604,21.372115145218338
pep_estimated_ms,152.77413854278936,7.789302406849413
error_ms,-19.898084349357532,15.626678449689512
absolute_error_ms,24.67661547484048,12.479193991726294
absolute_relative_error_percent,24.688817373253105,18.751083596585165
pearson_r,0.17040056090689276,0.19542632177048266
error_per_sample_ms,-19.866096866096868,26.47075087299988
absolute_error_per_sample_ms,24.355492244381132,22.409204671461634
absolute_relative_error_per_sample_percent,24.865693301822066,41.41409390268906
