metrics,mean,std
pep_reference_ms,133.4191762754604,21.372115145218338
pep_estimated_ms,150.77413854278936,7.789302406849413
error_ms,-17.898084349357536,15.626678449689512
absolute_error_ms,23.617501036502922,11.929884890695785
absolute_relative_error_percent,23.65699113231713,18.138855598323126
pearson_r,0.17040056090689276,0.19542632177048266
error_per_sample_ms,-17.866096866096868,26.47075087299988
absolute_error_per_sample_ms,23.293130737575183,21.84784038415263
absolute_relative_error_per_sample_percent,23.824432146332008,40.57865864564707
