metrics,mean,std
pep_reference_ms,133.4191762754604,21.372115145218338
pep_estimated_ms,144.7529771668283,16.547785392529953
error_ms,-11.937136106358338,8.542066748816328
absolute_error_ms,15.363133543625995,7.3911353270202635
absolute_relative_error_percent,16.04652395342402,12.041140792705038
pearson_r,0.33797094077458556,0.21519963917024748
error_per_sample_ms,-11.55840862260263,21.821905284218605
absolute_error_per_sample_ms,14.85211602472658,19.72833012975307
absolute_relative_error_per_sample_percent,15.952789941889892,36.33228989319782
