metrics,mean,std
pep_reference_ms,133.4191762754604,21.372115145218338
pep_estimated_ms,150.66307714395586,7.770530357154211
error_ms,-17.78702295052403,15.62035244895681
absolute_error_ms,23.517680929025527,11.925306698295659
absolute_relative_error_percent,23.573864958389958,18.093951509647546
pearson_r,0.176146578319291,0.19583071811850472
error_per_sample_ms,-17.757834757834758,26.409591480886636
absolute_error_per_sample_ms,23.19499841722064,21.789889074958968
absolute_relative_error_per_sample_percent,23.743331031745573,40.51120407920472
