metrics,mean,std
pep_reference_ms,133.4191762754604,21.372115145218338
pep_estimated_ms,124.74412511024886,30.0762973547476
error_ms,8.075667715780124,15.841875934473244
absolute_error_ms,22.088872493693405,12.648540328268055
absolute_relative_error_percent,17.737878523865838,12.2897463725064
pearson_r,0.4101960114087002,0.20489428364807052
error_per_sample_ms,8.02378656380585,36.93876817051549
absolute_error_per_sample_ms,22.185792349726775,30.604646094856317
absolute_relative_error_per_sample_percent,17.963854106431942,27.60931104358317
