metrics,mean,std
pep_reference_ms,133.4191762754604,21.372115145218338
pep_estimated_ms,140.69269038599816,21.818830944268218
error_ms,-6.9162769072755,20.13576689023708
absolute_error_ms,43.2218078990634,9.982792881946276
absolute_relative_error_percent,36.55082561832138,14.217058734936394
pearson_r,0.1458031134778628,0.18598158006362697
error_per_sample_ms,-8.192727924055168,53.67580458629027
absolute_error_per_sample_ms,42.60791689056063,33.65677059776073
absolute_relative_error_per_sample_percent,36.35219502707445,40.754552851039456
