metrics,mean,std
pep_reference_ms,133.4191762754604,21.372115145218338
pep_estimated_ms,132.83368916927822,29.282529145926446
error_ms,0.045910461748308644,27.58229124934572
absolute_error_ms,33.14563306812685,13.16882625840232
absolute_relative_error_percent,27.798557151643674,13.76907278827034
pearson_r,0.08815798668457168,0.29957183171025403
error_per_sample_ms,-0.1595405232929164,40.31574578950028
absolute_error_per_sample_ms,33.42884492661136,22.536573355653527
absolute_relative_error_per_sample_percent,28.344884674038823,30.130137570507816
