metrics,mean,std
pep_reference_ms,133.4191762754604,21.372115145218338
pep_estimated_ms,119.00888282059,2.160603441165097
error_ms,13.841173150364192,20.8745348150216
absolute_error_ms,26.534168313618014,12.34133138021418
absolute_relative_error_percent,21.560472964273618,10.65912450202838
pearson_r,0.08067887369448773,0.15627776608522848
error_per_sample_ms,13.69364802787898,29.772833133419123
absolute_error_per_sample_ms,26.45968636147632,19.334492151441616
absolute_relative_error_per_sample_percent,21.86065494924321,29.666624324921877
