metrics,mean,std
pep_reference_ms,133.4191762754604,21.372115145218338
pep_estimated_ms,128.70071783445428,1.9855187223027024
error_ms,4.171560358722137,20.98337139363877
absolute_error_ms,23.695343063539433,10.911433350872281
absolute_relative_error_percent,20.852163776659573,13.075807076075511
pearson_r,0.07687698341261245,0.15625971040019832
error_per_sample_ms,3.9778305621536023,29.853452823609548
absolute_error_per_sample_ms,23.542676167854314,18.78281609152974
absolute_relative_error_per_sample_percent,21.131754855594522,33.6686062762599
