metrics,mean,std
pep_reference_ms,133.4191762754604,21.372115145218338
pep_estimated_ms,164.26457263268296,15.161679829731668
error_ms,-31.39229443950657,9.899888499617429
absolute_error_ms,33.00898554343417,9.569393348352916
absolute_relative_error_percent,30.75037379784035,16.567759494509303
pearson_r,0.33331422507185354,0.21908654384687024
error_per_sample_ms,-31.61583531274743,22.950475154404568
absolute_error_per_sample_ms,32.80475059382423,21.216354324263573
absolute_relative_error_per_sample_percent,31.05035606646652,42.92386697762174
