metrics,mean,std
pep_reference_ms,133.4191762754604,21.372115145218338
pep_estimated_ms,137.03220911081164,22.338636284144126
error_ms,-3.2309636644151722,19.090607132805026
absolute_error_ms,39.004104678330236,11.505737193844576
absolute_relative_error_percent,32.9853508808008,13.50802419219576
pearson_r,0.14671971731712563,0.19088299051916036
error_per_sample_ms,-3.9550396167311592,51.944005070226055
absolute_error_per_sample_ms,37.72692095080155,35.92354988969707
absolute_relative_error_per_sample_percent,32.19647133589179,40.830598029759464
