metrics,mean,std
pep_reference_ms,133.4191762754604,21.372115145218338
pep_estimated_ms,126.70071783445427,1.9855187223027024
error_ms,6.171560358722136,20.983371393638766
absolute_error_ms,24.103979406117578,11.143488632825843
absolute_relative_error_percent,20.85489717336025,12.510331718338588
pearson_r,0.07687698341261244,0.15625971040019832
error_per_sample_ms,5.977830562153603,29.853452823609548
absolute_error_per_sample_ms,23.960411718131432,18.78461535456418
absolute_relative_error_per_sample_percent,21.13555484475672,32.8122742884291
