metrics,mean,std
pep_reference_ms,133.4191762754604,21.372115145218338
pep_estimated_ms,126.58623290688293,30.968725535943495
error_ms,6.229952257966242,28.227274231338342
absolute_error_ms,29.09765477463432,17.49794834276003
absolute_relative_error_percent,24.238128001907132,14.34619512859309
pearson_r,0.16107552694151966,0.3055015410907868
error_per_sample_ms,6.543812391063223,38.52988031863973
absolute_error_per_sample_ms,28.98653145301854,26.213625317786555
absolute_relative_error_per_sample_percent,24.47271373599313,30.61382990399677
