metrics,mean,std
pep_reference_ms,133.4191762754604,21.372115145218338
pep_estimated_ms,137.11533590010436,30.081806491331818
error_ms,-4.163342376309298,15.758901106790583
absolute_error_ms,21.33348451190447,10.11343964492896
absolute_relative_error_percent,17.685646670944568,10.204322461021793
pearson_r,0.39110115714716537,0.2127268915093
error_per_sample_ms,-3.9939615445733354,32.59176869069616
absolute_error_per_sample_ms,21.432385189893534,24.876253340875223
absolute_relative_error_per_sample_percent,17.94485065522843,26.670367699716568
