metrics,mean,std
pep_reference_ms,133.4191762754604,21.372115145218338
pep_estimated_ms,151.50696199504466,20.8054512525502
error_ms,-18.689317950553434,16.61413594555273
absolute_error_ms,30.213157133319797,10.364757910343458
absolute_relative_error_percent,27.77772643668984,14.741650703436461
pearson_r,0.1153158717858718,0.17892744881003347
error_per_sample_ms,-17.92107765451664,35.661066716319525
absolute_error_per_sample_ms,29.525515055467512,26.853689957887894
absolute_relative_error_per_sample_percent,27.6166132206216,41.095082740389934
