metrics,mean,std
pep_reference_ms,133.4191762754604,21.372115145218338
pep_estimated_ms,149.71264140689357,7.882274438887578
error_ms,-16.84176498325133,15.833893641985723
absolute_error_ms,22.752434516130233,11.443366113647095
absolute_relative_error_percent,22.925479699164118,17.62965046840096
pearson_r,0.18499320294268481,0.20560830816376338
error_per_sample_ms,-17.005699810006334,25.502038919364498
absolute_error_per_sample_ms,22.553514882837238,20.75781254136548
absolute_relative_error_per_sample_percent,23.182552646067403,39.7929519560934
