metrics,mean,std
pep_reference_ms,133.4191762754604,21.372115145218338
pep_estimated_ms,112.88483297466361,17.104331886475087
error_ms,19.986912275224313,19.450305366232733
absolute_error_ms,33.71948623648013,9.120933654087983
absolute_relative_error_percent,27.1360867552141,8.413702326734366
pearson_r,0.007018800085132352,0.22561971601491168
error_per_sample_ms,21.201840685496666,32.88155478828266
absolute_error_per_sample_ms,34.40082513487781,18.63593098794839
absolute_relative_error_per_sample_percent,27.833031914589384,23.881998020400733
