metrics,mean,std
pep_reference_ms,133.4191762754604,21.372115145218338
pep_estimated_ms,126.62870436050805,30.205616279480726
error_ms,6.182209332135947,15.900957507772612
absolute_error_ms,22.930541576024492,12.296871454508402
absolute_relative_error_percent,18.43793291041805,12.141936073373992
pearson_r,0.4102501471543948,0.20479517438311506
error_per_sample_ms,6.17586649550706,37.10983431225576
absolute_error_per_sample_ms,23.101412066752246,29.691848884424754
absolute_relative_error_per_sample_percent,18.73330917125356,27.14589740583968
