metrics,mean,std
pep_reference_ms,133.4191762754604,21.372115145218338
pep_estimated_ms,154.21330280518427,14.87322682677901
error_ms,-21.341315955292092,9.712496484426902
absolute_error_ms,23.36662642512533,9.0648405220069
absolute_relative_error_percent,22.78850413958185,14.813719271372902
pearson_r,0.38697121610039215,0.2252802984783866
error_per_sample_ms,-21.605450800190145,22.238268268485385
absolute_error_per_sample_ms,23.295832673110443,20.4607003772354
absolute_relative_error_per_sample_percent,23.103257663914352,39.3643372953636
