metrics,mean,std
pep_reference_ms,133.4191762754604,21.372115145218338
pep_estimated_ms,118.33866597799044,26.101788936381904
error_ms,14.489596782092184,19.4112256105612
absolute_error_ms,24.393105502534883,17.244982396005575
absolute_relative_error_percent,19.57020434469574,13.520602264639312
pearson_r,0.2944998072503342,0.2492827638997562
error_per_sample_ms,14.706144539955428,36.627128858552446
absolute_error_per_sample_ms,24.055396370582617,31.291455081303383
absolute_relative_error_per_sample_percent,19.545768485813884,29.683475268195128
