metrics,mean,std
pep_reference_ms,133.4191762754604,21.372115145218338
pep_estimated_ms,142.71876413240983,23.907632162969453
error_ms,-9.34464395161775,20.503230244293125
absolute_error_ms,33.116546180131074,12.638928351182123
absolute_relative_error_percent,29.264728796470717,15.18960467142313
pearson_r,0.15635711854891718,0.19552191887689113
error_per_sample_ms,-10.938385389998293,42.47603012119618
absolute_error_per_sample_ms,32.04710701484895,29.947359512579954
absolute_relative_error_per_sample_percent,28.72531382736558,39.0256763894441
