metrics,mean,std
pep_reference_ms,133.4191762754604,21.372115145218338
pep_estimated_ms,138.83368916927822,29.282529145926446
error_ms,-5.954089538251692,27.58229124934572
absolute_error_ms,35.18141604064001,10.980078446890108
absolute_relative_error_percent,29.833170954038597,13.832502921765409
pearson_r,0.08815798668457168,0.29957183171025403
error_per_sample_ms,-6.159540523292916,40.31574578950028
absolute_error_per_sample_ms,35.426930440331844,20.20474938220186
absolute_relative_error_per_sample_percent,30.37613277094053,31.31268947526339
