metrics,mean,std
pep_reference_ms,133.4191762754604,21.372115145218338
pep_estimated_ms,127.83008459392941,25.589528362140026
error_ms,5.035344933445222,20.16475344252928
absolute_error_ms,24.12380395555732,16.73247825750893
absolute_relative_error_percent,19.841308560672974,14.165472769482692
pearson_r,0.29136990881489094,0.25086772299657356
error_per_sample_ms,4.903236040609137,37.5863409036177
absolute_error_per_sample_ms,23.95272842639594,29.37756877490405
absolute_relative_error_per_sample_percent,20.03567202188228,31.28601633015739
