metrics,mean,std
pep_reference_ms,133.4191762754604,21.372115145218338
pep_estimated_ms,104.61915879022541,16.076178130543433
error_ms,28.29504983795714,18.243643116781882
absolute_error_ms,38.61771269221749,10.17969025553894
absolute_relative_error_percent,30.079257186898925,7.984061228103294
pearson_r,-0.007642662402243604,0.22651301027327111
error_per_sample_ms,29.076825396825395,32.79819685449219
absolute_error_per_sample_ms,39.06285714285714,19.88156643477135
absolute_relative_error_per_sample_percent,30.636418241355763,21.48386491955816
