metrics,mean,std
pep_reference_ms,133.4191762754604,21.372115145218338
pep_estimated_ms,133.1856587580632,29.90981715617815
error_ms,-0.21557426692693255,15.59653025880172
absolute_error_ms,19.96141006139156,10.669958063894551
absolute_relative_error_percent,16.52012990242776,10.371604392650523
pearson_r,0.3904756773551578,0.21324107083932786
error_per_sample_ms,-0.13239974538510502,32.40465091502858
absolute_error_per_sample_ms,19.938255887969447,25.544958069319527
absolute_relative_error_per_sample_percent,16.669932376980157,26.41940820594497
