metrics,mean,std
pep_reference_ms,133.4191762754604,21.372115145218338
pep_estimated_ms,128.26168800411023,32.63843834705274
error_ms,4.547135676704923,17.910550801131862
absolute_error_ms,21.988637864272057,13.169743007802342
absolute_relative_error_percent,17.477940722248125,11.977021425918975
pearson_r,0.40717896012634314,0.21930124143296711
error_per_sample_ms,5.443686574613209,35.477013413892486
absolute_error_per_sample_ms,21.273332224255533,28.90843372389072
absolute_relative_error_per_sample_percent,17.009828682449445,24.642759416368257
