metrics,mean,std
pep_reference_ms,133.4191762754604,21.372115145218338
pep_estimated_ms,144.7955892078064,7.758337710021551
error_ms,-11.920962996640759,15.595625639875527
absolute_error_ms,21.289261051909158,10.120213983383756
absolute_relative_error_percent,21.127100372157983,16.152977104965395
pearson_r,0.17057122616364695,0.19516428309194941
error_per_sample_ms,-11.8926705714738,26.388445282496892
absolute_error_per_sample_ms,20.991926547411747,19.927987293678243
absolute_relative_error_per_sample_percent,21.29408105992754,37.9153972120912
