metrics,mean,std
pep_reference_ms,133.4191762754604,21.372115145218338
pep_estimated_ms,134.48439191998636,27.262845856238734
error_ms,-1.6123214382167028,21.188170708534873
absolute_error_ms,23.76737310732066,16.4569925980361
absolute_relative_error_percent,20.218242562565074,14.464271599851108
pearson_r,0.3027390072657659,0.24291439040115603
error_per_sample_ms,-1.3601520430788723,35.54855213364602
absolute_error_per_sample_ms,23.460247070003167,26.742594859011877
absolute_relative_error_per_sample_percent,20.377462456400238,33.029753958877045
