metrics,mean,std
pep_reference_ms,133.4191762754604,21.372115145218338
pep_estimated_ms,131.7951015083567,25.625182827419412
error_ms,1.0729003222388185,20.224854083675357
absolute_error_ms,25.437298229569702,15.913441677718012
absolute_relative_error_percent,21.061688297195484,14.114743665535814
pearson_r,0.29101750190787323,0.25103990744475013
error_per_sample_ms,0.9495718363463368,37.67065190833378
absolute_error_per_sample_ms,25.307960672375515,27.919291331921876
absolute_relative_error_per_sample_percent,21.29702748667736,31.576685803251667
