metrics,mean,std
pep_reference_ms,133.4191762754604,21.372115145218338
pep_estimated_ms,128.55029746085367,30.21133522548965
error_ms,4.357401676796565,16.003934636405027
absolute_error_ms,18.235465920199935,12.550454162955061
absolute_relative_error_percent,15.207663779484868,11.632751880092197
pearson_r,0.3983825336953075,0.2043817026339084
error_per_sample_ms,4.413804122064228,32.305312376645624
absolute_error_per_sample_ms,18.12398146668797,27.104172563938473
absolute_relative_error_per_sample_percent,15.308633007261045,27.802038001758955
