metrics,mean,std
pep_reference_ms,133.4191762754604,21.372115145218338
pep_estimated_ms,150.2581861149074,21.12338603457085
error_ms,-17.4405420704162,16.083616213901372
absolute_error_ms,29.447804154952465,9.995647197126184
absolute_relative_error_percent,27.063918183092653,14.203726264692483
pearson_r,0.1227856140071204,0.18279743181365118
error_per_sample_ms,-16.627892234548337,35.42483905430273
absolute_error_per_sample_ms,28.730586370839937,26.569897044864724
absolute_relative_error_per_sample_percent,26.866924359692774,40.75603982174524
