metrics,mean,std
pep_reference_ms,133.4191762754604,21.372115145218338
pep_estimated_ms,142.64060341590715,29.626279102294344
error_ms,-9.76160441594584,27.970055199840047
absolute_error_ms,36.52616715332012,10.41740203727355
absolute_relative_error_percent,31.156515456025563,14.305725892132068
pearson_r,0.09382778860002106,0.3030887159811901
error_per_sample_ms,-10.364241559676653,39.98100470850284
absolute_error_per_sample_ms,36.54842288793787,19.238269803002396
absolute_relative_error_per_sample_percent,31.601646502623858,32.25795195886968
