metrics,mean,std
pep_reference_ms,133.4191762754604,21.372115145218338
pep_estimated_ms,153.50696199504466,20.8054512525502
error_ms,-20.689317950553434,16.61413594555273
absolute_error_ms,30.43380233243943,11.121084635729872
absolute_relative_error_percent,28.131354719646602,15.417648282643773
pearson_r,0.1153158717858718,0.17892744881003347
error_per_sample_ms,-19.92107765451664,35.661066716319525
absolute_error_per_sample_ms,29.702377179080823,28.041572783542172
absolute_relative_error_per_sample_percent,27.95307556870109,42.19864452200966
