metrics,mean,std
pep_reference_ms,133.4191762754604,21.372115145218338
pep_estimated_ms,147.8360315041751,24.853115853147017
error_ms,-14.531756040423572,21.45340427726033
absolute_error_ms,36.41857935910093,12.412889301876739
absolute_relative_error_percent,32.10204783357183,15.783663705910431
pearson_r,0.13771305629787786,0.1968478594112303
error_per_sample_ms,-16.3095399188092,43.10932216236384
absolute_error_per_sample_ms,35.56461434370771,29.318474657543913
absolute_relative_error_per_sample_percent,31.795140760547838,40.20935238060653
