metrics,mean,std
pep_reference_ms,133.4191762754604,21.372115145218338
pep_estimated_ms,106.45729212747176,16.905499418207835
error_ms,26.41194794725168,19.081341689050216
absolute_error_ms,37.01120516534978,10.83423175375297
absolute_relative_error_percent,28.97117309278532,8.458655093523483
pearson_r,0.0051189451117067365,0.2295807150841827
error_per_sample_ms,27.626091096651326,32.718929384150485
absolute_error_per_sample_ms,37.84161244246945,20.043493135664882
absolute_relative_error_per_sample_percent,29.779258990105443,22.108737085084613
