metrics,mean,std
pep_reference_ms,133.4191762754604,21.372115145218338
pep_estimated_ms,134.64060341590715,29.626279102294344
error_ms,-1.7616044159458393,27.970055199840047
absolute_error_ms,33.67755968142062,12.881195629491978
absolute_relative_error_percent,28.35226488340773,13.896048886473048
pearson_r,0.09382778860002106,0.3030887159811901
error_per_sample_ms,-2.3642415596766524,39.98100470850284
absolute_error_per_sample_ms,33.71120621334602,21.624637599161957
absolute_relative_error_per_sample_percent,28.77050493692759,30.300071779983504
