metrics,mean,std
pep_reference_ms,133.4191762754604,21.372115145218338
pep_estimated_ms,160.26457263268296,15.161679829731668
error_ms,-27.39229443950657,9.899888499617429
absolute_error_ms,29.12947080949604,9.619186493291636
absolute_relative_error_percent,27.606741704614656,15.976250284559391
pearson_r,0.33331422507185354,0.21908654384687024
error_per_sample_ms,-27.61583531274743,22.950475154404568
absolute_error_per_sample_ms,28.904829770387966,21.304212864563265
absolute_relative_error_per_sample_percent,27.87548084900019,41.80474372037485
