metrics,mean,std
pep_reference_ms,133.4191762754604,21.372115145218338
pep_estimated_ms,157.00488171551262,20.234460373770357
error_ms,-24.11787138018722,12.143720829107519
absolute_error_ms,25.624906160688916,11.841207937075367
absolute_relative_error_percent,24.43822835416134,15.901581147060284
pearson_r,0.3049651385846494,0.21855150284253202
error_per_sample_ms,-23.30112721417069,24.332343610702434
absolute_error_per_sample_ms,24.542351046698872,23.079828425290696
absolute_relative_error_per_sample_percent,24.03424106606209,41.08713206220957
