metrics,mean,std
pep_reference_ms,133.4191762754604,21.372115145218338
pep_estimated_ms,155.24341383896763,19.907107298056644
error_ms,-22.380700179311162,15.686232243230236
absolute_error_ms,29.29234698310606,11.97221994817867
absolute_relative_error_percent,27.52740218441583,16.27248674701621
pearson_r,0.15240240466470747,0.18350633213982948
error_per_sample_ms,-22.1740922784208,35.961620149537985
absolute_error_per_sample_ms,28.7959410179166,30.91475817541269
absolute_relative_error_per_sample_percent,27.5280158771563,44.706891558413936
