metrics,mean,std
pep_reference_ms,133.4191762754604,21.372115145218338
pep_estimated_ms,93.16255518493014,18.759973035764027
error_ms,39.75165344325241,19.294962543148465
absolute_error_ms,44.67637601195626,15.487388450384895
absolute_relative_error_percent,33.444029797293396,10.496801733600782
pearson_r,0.0032077885850414836,0.21879487835295394
error_per_sample_ms,41.3984126984127,32.86373015020108
absolute_error_per_sample_ms,46.06507936507936,25.920296997184902
absolute_relative_error_per_sample_percent,34.6376231237751,21.35314190340675
