metrics,mean,std
pep_reference_ms,133.4191762754604,21.372115145218338
pep_estimated_ms,145.2350657306161,29.657529417277626
error_ms,-12.370119403411092,27.617537956250498
absolute_error_ms,35.00404748839477,10.596661041422585
absolute_relative_error_percent,30.320874140954135,14.593028702620085
pearson_r,0.14594827673191055,0.27952565435842297
error_per_sample_ms,-12.335234474017744,38.343691725764806
absolute_error_per_sample_ms,34.9702154626109,19.987014163902767
absolute_relative_error_per_sample_percent,30.732792219383697,35.16609546870462
