metrics,mean,std
pep_reference_ms,133.4191762754604,21.372115145218338
pep_estimated_ms,131.200033906992,29.869943355803283
error_ms,1.7718962180935385,15.549548843986054
absolute_error_ms,19.621384579877628,10.985011684042112
absolute_relative_error_percent,16.227261266519985,10.54510675874884
pearson_r,0.3904410355154829,0.21326101554971977
error_per_sample_ms,1.8350843680356574,32.35851860186398
absolute_error_per_sample_ms,19.557465775230817,25.844666629609694
absolute_relative_error_per_sample_percent,16.341537237295665,26.31001970553025
