metrics,mean,std
pep_reference_ms,133.4191762754604,21.372115145218338
pep_estimated_ms,152.2581861149074,21.12338603457085
error_ms,-19.440542070416203,16.083616213901372
absolute_error_ms,29.599944876313366,10.716723242151001
absolute_relative_error_percent,27.359420239302324,14.839554476373472
pearson_r,0.1227856140071204,0.18279743181365118
error_per_sample_ms,-18.627892234548337,35.42483905430273
absolute_error_per_sample_ms,28.836450079239302,27.75566136759738
absolute_relative_error_per_sample_percent,27.14232232479276,41.85904200439366
