metrics,mean,std
pep_reference_ms,133.4191762754604,21.372115145218338
pep_estimated_ms,106.90343719654301,17.096292406083574
error_ms,25.965802878180423,19.432593631329354
absolute_error_ms,36.705107119276725,11.016729398548595
absolute_relative_error_percent,28.77043130855923,8.560023943874691
pearson_r,0.007604704212302715,0.22563708399332028
error_per_sample_ms,27.180447548008253,32.840280500499965
absolute_error_per_sample_ms,37.531820345976826,20.214430829950803
absolute_relative_error_per_sample_percent,29.57447622435801,22.323513818678983
