metrics,mean,std
pep_reference_ms,133.4191762754604,21.372115145218338
pep_estimated_ms,109.0626115361593,5.087811798036164
error_ms,23.7649385771059,19.818201156684758
absolute_error_ms,31.163873827256417,14.452389074665945
absolute_relative_error_percent,23.757605527177105,8.999334902024547
pearson_r,0.05981419957965601,0.1727717638831424
error_per_sample_ms,24.123891001267427,29.09027053615085
absolute_error_per_sample_ms,31.48320659062104,20.904871673362496
absolute_relative_error_per_sample_percent,24.257718321908555,25.6108454738139
