metrics,mean,std
pep_reference_ms,133.4191762754604,21.372115145218338
pep_estimated_ms,149.24341383896763,19.907107298056644
error_ms,-16.380700179311162,15.686232243230236
absolute_error_ms,28.801187985359284,9.801152239132051
absolute_relative_error_percent,26.628675069224936,14.237857191485277
pearson_r,0.15240240466470747,0.18350633213982948
error_per_sample_ms,-16.1740922784208,35.961620149537985
absolute_error_per_sample_ms,28.261614079594104,27.49764634339849
absolute_relative_error_per_sample_percent,26.568762048448257,41.47139276176551
