metrics,mean,std
pep_reference_ms,133.4191762754604,21.372115145218338
pep_estimated_ms,103.4847286284066,20.18720204732852
error_ms,29.466035052491648,19.06125710390969
absolute_error_ms,39.634357269130874,11.545458831495944
absolute_relative_error_percent,30.806964529366525,9.348247389310504
pearson_r,-0.010862703019864261,0.22748273572915434
error_per_sample_ms,31.15894787800549,34.084917156895216
absolute_error_per_sample_ms,40.60932709375504,21.98963763796678
absolute_relative_error_per_sample_percent,31.7303001713882,22.630533027058444
