metrics,mean,std
pep_reference_ms,133.4191762754604,21.372115145218338
pep_estimated_ms,140.64060341590715,29.626279102294344
error_ms,-7.761604415945839,27.970055199840047
absolute_error_ms,35.798356957311526,10.886551712350913
absolute_relative_error_percent,30.44311575037804,14.110475204510744
pearson_r,0.09382778860002106,0.3030887159811901
error_per_sample_ms,-8.364241559676653,39.98100470850284
absolute_error_per_sample_ms,35.82406086543034,19.6234028007349
absolute_relative_error_per_sample_percent,30.882112981367946,31.674056161791675
