metrics,mean,std
pep_reference_ms,133.4191762754604,21.372115145218338
pep_estimated_ms,159.4060247648066,20.66045891961825
error_ms,-26.54595872006879,16.56822161614073
absolute_error_ms,31.959160989364122,13.530872082596572
absolute_relative_error_percent,29.794249421208047,17.51264375351179
pearson_r,0.11119285117016928,0.17361133577917537
error_per_sample_ms,-25.87989225162415,35.808007906793804
absolute_error_per_sample_ms,31.08667406116305,31.394282107156005
absolute_relative_error_per_sample_percent,29.581007799307876,45.340599610431155
