metrics,mean,std
pep_reference_ms,133.4191762754604,21.372115145218338
pep_estimated_ms,118.8256654235528,2.2817782425580595
error_ms,14.024390547401387,20.83766899032415
absolute_error_ms,26.54293820793555,12.387307623624448
absolute_relative_error_percent,21.543848409432982,10.616390657631325
pearson_r,0.07840098879810678,0.15661624287135156
error_per_sample_ms,13.924283225091083,29.690050492892198
absolute_error_per_sample_ms,26.498970378583873,19.318108874265505
absolute_relative_error_per_sample_percent,21.86037276032095,29.58340843591781
