metrics,mean,std
pep_reference_ms,133.4191762754604,21.372115145218338
pep_estimated_ms,126.71113663506688,30.155523418535985
error_ms,6.164284596004815,15.923300294526209
absolute_error_ms,18.13537298825351,12.479815286132196
absolute_relative_error_percent,15.085304737783531,11.618604726089826
pearson_r,0.40105643903929655,0.2013229476042942
error_per_sample_ms,6.281190019193858,32.03728051694878
absolute_error_per_sample_ms,18.025271912987844,27.22003422925361
absolute_relative_error_per_sample_percent,15.156747062523399,27.683300456724965
