metrics,mean,std
pep_reference_ms,133.4191762754604,21.372115145218338
pep_estimated_ms,124.84202530315403,30.128390516412015
error_ms,8.036420860237287,15.800288824927767
absolute_error_ms,18.479691609727332,12.547458149708639
absolute_relative_error_percent,15.28007065512352,11.653166990172734
pearson_r,0.40127317198663676,0.20062223629352632
error_per_sample_ms,8.154363490792633,31.827465199226697
absolute_error_per_sample_ms,18.342353883106487,27.258746100560952
absolute_relative_error_per_sample_percent,15.321920335748255,27.488809949822723
