metrics,mean,std
pep_reference_ms,133.4191762754604,21.372115145218338
pep_estimated_ms,146.68451234346097,7.739545907015227
error_ms,-13.809886132295347,15.589325494726918
absolute_error_ms,21.823185631165845,10.710268637929097
absolute_relative_error_percent,21.79053448021353,16.78349217619013
pearson_r,0.17633997629762416,0.19554226619384704
error_per_sample_ms,-13.784391324996042,26.3271942251299
absolute_error_per_sample_ms,21.512743390850087,20.502011407853992
absolute_relative_error_per_sample_percent,21.955612271066848,38.751403981755374
