metrics,mean,std
pep_reference_ms,133.4191762754604,21.372115145218338
pep_estimated_ms,110.60055456834603,16.082085190942422
error_ms,22.316159235001038,18.259815436472735
absolute_error_ms,35.43523862624458,8.412090045738152
absolute_relative_error_percent,28.272561331909635,7.893856058001693
pearson_r,-0.008228566529413972,0.22645626380085818
error_per_sample_ms,23.097920964926203,32.83831054401187
absolute_error_per_sample_ms,35.75813362958261,18.254437039137965
absolute_relative_error_per_sample_percent,28.740915133726112,23.005013725169015
