metrics,mean,std
pep_reference_ms,133.4191762754604,21.372115145218338
pep_estimated_ms,129.32034939109815,43.08823800475601
error_ms,7.202413325116494,41.396434870457156
absolute_error_ms,52.135758448248865,21.411541425266346
absolute_relative_error_percent,42.5135655129553,21.37400835736197
pearson_r,0.23316895348644529,0.3308425323667268
error_per_sample_ms,0.9392212725546059,66.19410225951017
absolute_error_per_sample_ms,53.533713200379864,38.94461274067037
absolute_relative_error_per_sample_percent,44.760729594373764,44.27703656467875
