metrics,mean,std
pep_reference_ms,133.4191762754604,21.372115145218338
pep_estimated_ms,148.77413854278936,7.789302406849413
error_ms,-15.898084349357536,15.626678449689512
absolute_error_ms,22.697643639667845,11.339116648303287
absolute_relative_error_percent,22.71751577970695,17.496159568854992
pearson_r,0.17040056090689276,0.19542632177048266
error_per_sample_ms,-15.866096866096866,26.47075087299988
absolute_error_per_sample_ms,22.378284267173157,21.251966374958883
absolute_relative_error_per_sample_percent,22.881174348036268,39.717027153436106
