metrics,mean,std
pep_reference_ms,133.4191762754604,21.372115145218338
pep_estimated_ms,152.21330280518427,14.87322682677901
error_ms,-19.341315955292092,9.712496484426902
absolute_error_ms,21.48831763088606,9.062779529021556
absolute_relative_error_percent,21.258984534672646,14.50084770849986
pearson_r,0.38697121610039215,0.2252802984783866
error_per_sample_ms,-19.605450800190145,22.238268268485385
absolute_error_per_sample_ms,21.405482490888925,20.51145036295698
absolute_relative_error_per_sample_percent,21.555772293645017,38.8106878800072
