metrics,mean,std
pep_reference_ms,133.4191762754604,21.372115145218338
pep_estimated_ms,110.45729212747176,16.905499418207835
error_ms,22.41194794725168,19.081341689050216
absolute_error_ms,34.93775428971204,9.558348011408299
absolute_relative_error_percent,27.815031038434736,8.298992887356627
pearson_r,0.005118945111706739,0.2295807150841827
error_per_sample_ms,23.626091096651326,32.718929384150485
absolute_error_per_sample_ms,35.67751150611014,18.863607642327377
absolute_relative_error_per_sample_percent,28.557338546247497,23.062643114829267
