metrics,mean,std
pep_reference_ms,133.4191762754604,21.372115145218338
pep_estimated_ms,157.4060247648066,20.66045891961825
error_ms,-24.54595872006879,16.568221616140725
absolute_error_ms,31.325028778106386,12.808849566596221
absolute_relative_error_percent,29.137047399483972,16.819723156075174
pearson_r,0.11119285117016928,0.17361133577917537
error_per_sample_ms,-23.87989225162415,35.808007906793804
absolute_error_per_sample_ms,30.46902234194264,30.399035539444128
absolute_relative_error_per_sample_percent,28.921606678667082,44.33842589283149
