metrics,mean,std
pep_reference_ms,133.4191762754604,21.372115145218338
pep_estimated_ms,132.61847422904114,44.776954306532915
error_ms,3.212516520324966,43.28293285618427
absolute_error_ms,51.33884455571384,21.052645060134004
absolute_relative_error_percent,42.54360260431183,22.8256327022054
pearson_r,0.24080903385099073,0.3099454498766087
error_per_sample_ms,-4.064841182913472,64.25241299334725
absolute_error_per_sample_ms,52.30755750273823,37.53418358520272
absolute_relative_error_per_sample_percent,44.48472549491308,45.853097705722966
