metrics,mean,std
pep_reference_ms,133.4191762754604,21.372115145218338
pep_estimated_ms,108.45729212747176,16.905499418207835
error_ms,24.41194794725168,19.081341689050216
absolute_error_ms,35.96163679634768,10.190331827873452
absolute_relative_error_percent,28.382267466529488,8.351616086284423
pearson_r,0.005118945111706739,0.2295807150841827
error_per_sample_ms,25.626091096651326,32.718929384150485
absolute_error_per_sample_ms,36.74813521663228,19.411322547395088
absolute_relative_error_per_sample_percent,29.158905225084684,22.54510810020287
