metrics,mean,std
pep_reference_ms,133.4191762754604,21.372115145218338
pep_estimated_ms,143.17538230416977,29.749054036113765
error_ms,-10.303104110993344,27.820391798339365
absolute_error_ms,34.41074922133216,11.4745270441077
absolute_relative_error_percent,29.70803157441448,14.58642182449715
pearson_r,0.14910409145528505,0.2841678174112436
error_per_sample_ms,-10.51243072050673,38.53671430000401
absolute_error_per_sample_ms,34.32177355502771,20.435395976858075
absolute_relative_error_per_sample_percent,30.088119596109014,34.57065922700323
