metrics,mean,std
pep_reference_ms,133.4191762754604,21.372115145218338
pep_estimated_ms,125.00782740374827,29.52862172554693
error_ms,7.764277975087074,15.301941578636486
absolute_error_ms,20.78265363782058,12.325766381513807
absolute_relative_error_percent,16.599202697049435,11.560695276145184
pearson_r,0.4238625428036865,0.22268655372292218
error_per_sample_ms,7.609262883235486,34.49433382729049
absolute_error_per_sample_ms,20.794520547945204,28.554296751904555
absolute_relative_error_per_sample_percent,16.69082710450384,23.904201271340458
