metrics,mean,std
pep_reference_ms,133.4191762754604,21.372115145218338
pep_estimated_ms,105.33925574070572,20.880504004465493
error_ms,27.566539386733403,19.904337080013303
absolute_error_ms,38.150198703565046,12.130675052907065
absolute_relative_error_percent,29.782618936436908,9.738371425556409
pearson_r,0.0026283859552987646,0.227784832215805
error_per_sample_ms,29.691190706679574,33.99970801417006
absolute_error_per_sample_ms,39.42400774443369,21.983961517344135
absolute_relative_error_per_sample_percent,30.892569158166655,23.063670340930674
