metrics,mean,std
pep_reference_ms,133.4191762754604,21.372115145218338
pep_estimated_ms,154.43669003310228,15.319466148220652
error_ms,-21.58663406214808,9.665685295805712
absolute_error_ms,23.25535959179999,9.213109329452104
absolute_relative_error_percent,22.877762277845783,15.020948438717898
pearson_r,0.3351716363730195,0.2177244017148463
error_per_sample_ms,-21.681609377475052,22.63420658896712
absolute_error_per_sample_ms,23.070489466180895,21.21678601721507
absolute_relative_error_per_sample_percent,23.13245995736739,40.10870066282076
