metrics,mean,std
pep_reference_ms,133.4191762754604,21.372115145218338
pep_estimated_ms,141.2350657306161,29.657529417277626
error_ms,-8.370119403411094,27.617537956250494
absolute_error_ms,33.334147378401795,11.54301259309936
absolute_relative_error_percent,28.736470633819568,14.209202273846623
pearson_r,0.14594827673191055,0.27952565435842297
error_per_sample_ms,-8.335234474017744,38.343691725764806
absolute_error_per_sample_ms,33.32065906210393,20.72313944759263
absolute_relative_error_per_sample_percent,29.14750066895223,34.02544599291572
