metrics,mean,std
pep_reference_ms,133.4191762754604,21.372115145218338
pep_estimated_ms,141.9237555842829,22.226231635418184
error_ms,-8.132126020362698,20.331829457129714
absolute_error_ms,44.78293663052692,9.930027517432427
absolute_relative_error_percent,37.77331118378004,14.380303905918906
pearson_r,0.1472567184705739,0.183504559639042
error_per_sample_ms,-9.480491715660074,54.44528929838432
absolute_error_per_sample_ms,44.18564047746303,33.19334911622871
absolute_relative_error_per_sample_percent,37.609395163315234,40.89495041110894
