metrics,mean,std
pep_reference_ms,133.4191762754604,21.372115145218338
pep_estimated_ms,142.2667131870351,29.525779998170197
error_ms,-9.39464463746456,27.449397595048538
absolute_error_ms,33.509713944955514,11.449171541004677
absolute_relative_error_percent,28.969183884985284,14.400077429869778
pearson_r,0.15076465595221505,0.2763167664216418
error_per_sample_ms,-9.408522097259622,38.39845335354985
absolute_error_per_sample_ms,33.57199429748139,20.877804168284644
absolute_relative_error_per_sample_percent,29.446247101230643,34.53929461912882
