metrics,mean,std
pep_reference_ms,133.4191762754604,21.372115145218338
pep_estimated_ms,132.51959962370825,27.22331195739592
error_ms,0.34989855484055454,21.12222458440033
absolute_error_ms,23.063794172012695,16.798472001191836
absolute_relative_error_percent,19.567698238620203,14.448937417084196
pearson_r,0.3030829301803556,0.24273329264410862
error_per_sample_ms,0.5922053231939164,35.452905123583626
absolute_error_per_sample_ms,22.74873257287706,27.198425601022638
absolute_relative_error_per_sample_percent,19.71277059798219,32.682089806584564
