metrics,mean,std
pep_reference_ms,133.4191762754604,21.372115145218338
pep_estimated_ms,120.70071783445427,1.9855187223027029
error_ms,12.171560358722141,20.98337139363877
absolute_error_ms,25.883879210768697,12.271817013752802
absolute_relative_error_percent,21.304479338458737,11.094766040707146
pearson_r,0.07687698341261245,0.15625971040019832
error_per_sample_ms,11.977830562153603,29.853452823609548
absolute_error_per_sample_ms,25.763420427553445,19.25988676862519
absolute_relative_error_per_sample_percent,21.584955795186342,30.37915582912139
