metrics,mean,std
pep_reference_ms,133.4191762754604,21.372115145218338
pep_estimated_ms,121.04923673513218,32.24083401719846
error_ms,11.97161963450042,17.83242651487247
absolute_error_ms,21.972563492796695,13.750726623041555
absolute_relative_error_percent,17.23790525356693,12.377658211479114
pearson_r,0.3907309485892059,0.19302185563749363
error_per_sample_ms,12.48491879350348,36.69440653468973
absolute_error_per_sample_ms,21.288365926416972,32.39071077325143
absolute_relative_error_per_sample_percent,16.841434109362943,28.12893908269327
