metrics,mean,std
pep_reference_ms,133.4191762754604,21.372115145218338
pep_estimated_ms,151.08418736192135,25.873944268158795
error_ms,-17.675091359234997,22.12327167581379
absolute_error_ms,40.36359292998804,12.172785798250686
absolute_relative_error_percent,35.04583521573708,16.06211439430566
pearson_r,0.14659102233454666,0.19735026248811138
error_per_sample_ms,-19.171693344566133,45.063205718201985
absolute_error_per_sample_ms,39.63875315922494,28.757878629709605
absolute_relative_error_per_sample_percent,34.867132313691435,40.68450476673524
