metrics,mean,std
pep_reference_ms,133.4191762754604,21.372115145218338
pep_estimated_ms,128.03257096639393,33.40833813217185
error_ms,4.840922208436319,18.62223304802082
absolute_error_ms,19.454354628072217,13.526021444026597
absolute_relative_error_percent,15.997314173322996,12.099312027471075
pearson_r,0.3708239705791822,0.199639937213354
error_per_sample_ms,5.715636719386923,33.29326594405183
absolute_error_per_sample_ms,18.705038317299852,28.128839326884957
absolute_relative_error_per_sample_percent,15.588477233340717,28.326026995160532
