metrics,mean,std
pep_reference_ms,133.4191762754604,21.372115145218338
pep_estimated_ms,120.88393523149146,1.8573543071958785
error_ms,11.988342961684946,21.021264423818923
absolute_error_ms,25.889999147422824,12.223635365295888
absolute_relative_error_percent,21.33212579285592,11.13707862852053
pearson_r,0.07915006552058186,0.15592970118288857
error_per_sample_ms,11.747268408551069,29.936170260178653
absolute_error_per_sample_ms,25.739350752177355,19.278444640720732
absolute_relative_error_per_sample_percent,21.596562124456458,30.461961725502565
