metrics,mean,std
pep_reference_ms,133.4191762754604,21.372115145218338
pep_estimated_ms,90.7881824389899,17.57407548332643
error_ms,42.12602618919264,18.030588285711016
absolute_error_ms,46.751434002155264,14.538039678381116
absolute_relative_error_percent,34.92340470782024,9.824924562111192
pearson_r,-0.008299461019566759,0.2244095483597966
error_per_sample_ms,43.303492063492065,32.823664815685596
absolute_error_per_sample_ms,47.736507936507934,25.957873696686168
absolute_relative_error_per_sample_percent,35.83862704514598,21.021456003925692
