metrics,mean,std
pep_reference_ms,133.4191762754604,21.372115145218338
pep_estimated_ms,135.6454049762001,48.37649345675615
error_ms,-0.03189555536680866,46.895865828652305
absolute_error_ms,57.220787536131326,19.912982593633693
absolute_relative_error_percent,47.39586721763205,23.711838644692534
pearson_r,0.2402322198088649,0.25321682311104354
error_per_sample_ms,-8.027851730493548,67.62127887415934
absolute_error_per_sample_ms,57.78005324595536,36.035388257630586
absolute_relative_error_per_sample_percent,49.35856368695375,46.40385702119399
