metrics,mean,std
pep_reference_ms,133.4191762754604,21.372115145218338
pep_estimated_ms,154.0614538846146,15.353161960030098
error_ms,-21.21139791366041,9.659405847725502
absolute_error_ms,22.914176694522503,9.179862839644374
absolute_relative_error_percent,22.55493862391491,14.907049705849397
pearson_r,0.3515557335957161,0.21834469510329185
error_per_sample_ms,-21.274512909868527,22.383454850089823
absolute_error_per_sample_ms,22.70014256296531,20.93627183142268
absolute_relative_error_per_sample_percent,22.77541983333719,39.41652820014427
