metrics,mean,std
pep_reference_ms,133.4191762754604,21.372115145218338
pep_estimated_ms,143.67641455974731,27.34413486686954
error_ms,-10.804344077977621,21.491971911930154
absolute_error_ms,28.466021140996165,14.121498285374816
absolute_relative_error_percent,24.44267928104899,14.437951667361304
pearson_r,0.2893300181107004,0.23166767912360559
error_per_sample_ms,-10.67722521381058,35.60361481014555
absolute_error_per_sample_ms,28.147608489071903,24.276174784376042
absolute_relative_error_per_sample_percent,24.640349074260314,35.194893921552506
