metrics,mean,std
pep_reference_ms,133.4191762754604,21.372115145218338
pep_estimated_ms,133.08515680291055,44.33003183261509
error_ms,2.35296330931525,43.12243735840686
absolute_error_ms,50.50815425215185,21.58150627737103
absolute_relative_error_percent,42.30459970933064,23.665556687114893
pearson_r,0.2558638759057912,0.2685174050802205
error_per_sample_ms,-4.837941301573799,64.01477012026159
absolute_error_per_sample_ms,52.22713738834538,37.33125486514356
absolute_relative_error_per_sample_percent,44.86644928533381,45.69254522323286
