metrics,mean,std
pep_reference_ms,133.4191762754604,21.372115145218338
pep_estimated_ms,132.53118233575205,30.26694214595816
error_ms,0.14747395031840604,15.83630975342056
absolute_error_ms,23.05593774537333,11.128871533344586
absolute_relative_error_percent,18.58203377037101,11.240006827057659
pearson_r,0.42607207756853244,0.219995913308456
error_per_sample_ms,0.13268450932684508,35.164752923726894
absolute_error_per_sample_ms,23.295052716950526,26.34232283380246
absolute_relative_error_per_sample_percent,18.85059045296001,23.26018526230518
