metrics,mean,std
pep_reference_ms,133.4191762754604,21.372115145218338
pep_estimated_ms,119.92260940771244,10.08961098095933
error_ms,12.964400927612953,21.001510324337634
absolute_error_ms,26.590539742155936,11.666535655278228
absolute_relative_error_percent,21.70996201489763,10.977610550808805
pearson_r,-0.0034263807388128487,0.1562229127023223
error_per_sample_ms,13.314975845410627,29.898426833076257
absolute_error_per_sample_ms,26.647020933977455,19.00370448625346
absolute_relative_error_per_sample_percent,22.097564105224116,30.329587771296783
