metrics,mean,std
pep_reference_ms,133.4191762754604,21.372115145218338
pep_estimated_ms,139.07021955951262,30.156819299880173
error_ms,-6.120061332438264,15.843847599400478
absolute_error_ms,22.33315904815221,9.835785534827947
absolute_relative_error_percent,18.516896787130648,10.119909086301258
pearson_r,0.39070149679616545,0.21284429839866081
error_per_sample_ms,-5.920914721295855,32.715200749759475
absolute_error_per_sample_ms,22.472923614419564,24.501210081430354
absolute_relative_error_per_sample_percent,18.813449162836545,26.755616479047728
