metrics,mean,std
pep_reference_ms,133.4191762754604,21.372115145218338
pep_estimated_ms,135.13503580113633,30.040640868548525
error_ms,-2.173378838226012,15.734222965779692
absolute_error_ms,20.54715910999006,10.449861434453858
absolute_relative_error_percent,17.02329939793283,10.338875695321175
pearson_r,0.390676268420181,0.21294613214763952
error_per_sample_ms,-2.019392783341281,32.56564145950148
absolute_error_per_sample_ms,20.607216658718805,25.297066479393116
absolute_relative_error_per_sample_percent,17.2489435033823,26.606786613047674
