metrics,mean,std
pep_reference_ms,133.4191762754604,21.372115145218338
pep_estimated_ms,156.43669003310225,15.319466148220652
error_ms,-23.58663406214808,9.665685295805712
absolute_error_ms,25.14912081510116,9.212279759537086
absolute_relative_error_percent,24.417353245780742,15.32786965686714
pearson_r,0.3351716363730195,0.2177244017148463
error_per_sample_ms,-23.681609377475052,22.63420658896712
absolute_error_per_sample_ms,24.976081102486933,21.197200366589737
absolute_relative_error_per_sample_percent,24.690668355987224,40.67434877633719
