metrics,mean,std
pep_reference_ms,133.4191762754604,21.372115145218338
pep_estimated_ms,128.2248474459789,42.57614605008592
error_ms,8.292942524290618,41.88395789955371
absolute_error_ms,50.624464382168334,22.591438269423776
absolute_relative_error_percent,41.56364977252049,22.44847591691171
pearson_r,0.2499040193622055,0.3097786190913471
error_per_sample_ms,2.3773851590106005,66.0722940407378
absolute_error_per_sample_ms,52.95547703180212,39.58430815783293
absolute_relative_error_per_sample_percent,44.536143669055654,43.95751063449748
