metrics,mean,std
pep_reference_ms,133.4191762754604,21.372115145218338
pep_estimated_ms,147.17538230416977,29.749054036113765
error_ms,-14.303104110993344,27.820391798339365
absolute_error_ms,36.17438260586247,10.73510085887846
absolute_relative_error_percent,31.35558986800913,15.06217977873924
pearson_r,0.14910409145528503,0.28416781741124353
error_per_sample_ms,-14.51243072050673,38.53671430000401
absolute_error_per_sample_ms,36.067458432304036,19.87026513893715
absolute_relative_error_per_sample_percent,31.740066438521612,35.77508807278234
