metrics,mean,std
pep_reference_ms,133.4191762754604,21.372115145218338
pep_estimated_ms,148.66307714395586,7.770530357154211
error_ms,-15.787022950524031,15.62035244895681
absolute_error_ms,22.60811880933623,11.329622471387024
absolute_relative_error_percent,22.640552526912995,17.447678721375997
pearson_r,0.176146578319291,0.19583071811850472
error_per_sample_ms,-15.757834757834758,26.409591480886636
absolute_error_per_sample_ms,22.28838239949351,21.189711854022296
absolute_relative_error_per_sample_percent,22.804981394148694,39.64745871604235
