metrics,mean,std
pep_reference_ms,133.4191762754604,21.372115145218338
pep_estimated_ms,128.88393523149148,1.8573543071958782
error_ms,3.988342961684948,21.021264423818923
absolute_error_ms,23.751119355092364,10.873726144100102
absolute_relative_error_percent,20.91469168707668,13.125261876375935
pearson_r,0.07915006552058186,0.15592970118288857
error_per_sample_ms,3.747268408551069,29.936170260178653
absolute_error_per_sample_ms,23.569279493269992,18.833623510632584
absolute_relative_error_per_sample_percent,21.17961583659545,33.75619395965933
