metrics,mean,std
pep_reference_ms,133.4191762754604,21.372115145218338
pep_estimated_ms,146.03504302089866,24.59194339884512
error_ms,-12.663665439507058,21.00457239743462
absolute_error_ms,35.90967512999463,12.42796734256733
absolute_relative_error_percent,31.512790382386974,15.553707971232093
pearson_r,0.15160929685681027,0.19495560170894752
error_per_sample_ms,-14.29008152173913,43.4009846924694
absolute_error_per_sample_ms,34.95923913043478,29.422839794876882
absolute_relative_error_per_sample_percent,31.100481322473975,39.68627746498116
