metrics,mean,std
pep_reference_ms,133.4191762754604,21.372115145218338
pep_estimated_ms,137.75730648943934,25.663735730032936
error_ms,-4.8935010842426765,20.25855109773256
absolute_error_ms,28.577023608083586,14.199616341594044
absolute_relative_error_percent,23.820418059449878,13.872584753431486
pearson_r,0.29111108869750485,0.25114557433177565
error_per_sample_ms,-5.012682308180088,37.72710765610072
absolute_error_per_sample_ms,28.45592897907419,25.272944861168057
absolute_relative_error_per_sample_percent,24.078115198227195,31.928337332385116
