metrics,mean,std
pep_reference_ms,133.4191762754604,21.372115145218338
pep_estimated_ms,140.2667131870351,29.525779998170197
error_ms,-7.394644637464561,27.449397595048538
absolute_error_ms,32.656747822492214,12.034733824608521
absolute_relative_error_percent,28.16487007995576,14.280780913132643
pearson_r,0.15076465595221505,0.2763167664216418
error_per_sample_ms,-7.408522097259623,38.39845335354985
absolute_error_per_sample_ms,32.728971962616825,21.40424756632594
absolute_relative_error_per_sample_percent,28.641025226579856,34.038060648512776
