metrics,mean,std
pep_reference_ms,133.4191762754604,21.372115145218338
pep_estimated_ms,147.71264140689357,7.882274438887578
error_ms,-14.841764983251332,15.833893641985723
absolute_error_ms,21.881573458705613,10.822198244996448
absolute_relative_error_percent,22.015234744354277,16.964797441262668
pearson_r,0.18499320294268481,0.20560830816376338
error_per_sample_ms,-15.005699810006334,25.502038919364498
absolute_error_per_sample_ms,21.677010766307788,20.14031330615742
absolute_relative_error_per_sample_percent,22.262245093427623,38.91965867647769
