metrics,mean,std
pep_reference_ms,133.4191762754604,21.372115145218338
pep_estimated_ms,154.2581861149074,21.12338603457085
error_ms,-21.440542070416203,16.083616213901372
absolute_error_ms,29.861897226924143,11.443620003030654
absolute_relative_error_percent,27.738202334910092,15.497889035406851
pearson_r,0.1227856140071204,0.18279743181365118
error_per_sample_ms,-20.627892234548337,35.42483905430273
absolute_error_per_sample_ms,29.062123613312203,28.910588564537264
absolute_relative_error_per_sample_percent,27.508616024953252,42.9432188650149
