metrics,mean,std
pep_reference_ms,133.4191762754604,21.372115145218338
pep_estimated_ms,155.50696199504466,20.8054512525502
error_ms,-22.689317950553434,16.61413594555273
absolute_error_ms,30.76033888992366,11.874744915403733
absolute_relative_error_percent,28.564693215123494,16.107510437145535
pearson_r,0.1153158717858718,0.17892744881003347
error_per_sample_ms,-21.92107765451664,35.661066716319525
absolute_error_per_sample_ms,29.995245641838352,29.198126031766463
absolute_relative_error_per_sample_percent,28.376852920281767,43.2831540532069
