metrics,mean,std
pep_reference_ms,133.4191762754604,21.372115145218338
pep_estimated_ms,123.22736098803163,29.83966441508021
error_ms,9.699349598959316,15.764308858181899
absolute_error_ms,21.293088304106917,12.827766807437975
absolute_relative_error_percent,16.9798742093839,12.207992735818129
pearson_r,0.40765886918438005,0.20548544750974349
error_per_sample_ms,9.66010329244674,36.51979348155056
absolute_error_per_sample_ms,21.334086507424146,31.17482420880005
absolute_relative_error_per_sample_percent,17.16075922959364,27.719780059246244
