metrics,mean,std
pep_reference_ms,133.4191762754604,21.372115145218338
pep_estimated_ms,147.24341383896763,19.907107298056644
error_ms,-14.380700179311162,15.686232243230236
absolute_error_ms,28.90361991612893,9.095667974781957
absolute_relative_error_percent,26.52771712879528,13.596541788647627
pearson_r,0.15240240466470747,0.18350633213982948
error_per_sample_ms,-14.174092278420803,35.961620149537985
absolute_error_per_sample_ms,28.36657681940701,26.25795756043348
absolute_relative_error_per_sample_percent,26.460065303746156,40.339799072818174
