metrics,mean,std
pep_reference_ms,133.4191762754604,21.372115145218338
pep_estimated_ms,134.22009051271573,30.709640636234624
error_ms,-1.373333127847138,16.398058856960834
absolute_error_ms,20.464774791747587,11.841030153025864
absolute_relative_error_percent,17.183114630153938,11.543296135806319
pearson_r,0.40075200632554464,0.2018177634847343
error_per_sample_ms,-1.1501272264631044,32.91733970363454
absolute_error_per_sample_ms,20.557888040712466,25.734165716165307
absolute_relative_error_per_sample_percent,17.47652985934335,27.897953049690432
