metrics,mean,std
pep_reference_ms,133.4191762754604,21.372115145218338
pep_estimated_ms,141.67641455974731,27.34413486686954
error_ms,-8.804344077977623,21.491971911930154
absolute_error_ms,27.198999586534853,14.658999349641707
absolute_relative_error_percent,23.352512640729028,14.458463976346556
pearson_r,0.2893300181107004,0.23166767912360559
error_per_sample_ms,-8.67722521381058,35.60361481014555
absolute_error_per_sample_ms,26.88375039594552,24.90332487056507
absolute_relative_error_per_sample_percent,23.544878013652564,34.87481652262424
