metrics,mean,std
pep_reference_ms,133.4191762754604,21.372115145218338
pep_estimated_ms,106.61915879022541,16.076178130543433
error_ms,26.29504983795714,18.243643116781882
absolute_error_ms,37.53602798489511,9.563713629083052
absolute_relative_error_percent,29.461828422901903,7.899248206014197
pearson_r,-0.007642662402243604,0.22651301027327111
error_per_sample_ms,27.076825396825395,32.79819685449219
absolute_error_per_sample_ms,37.941587301587305,19.217495765895716
absolute_relative_error_per_sample_percent,29.99043132929046,21.893949498304714
