metrics,mean,std
pep_reference_ms,133.4191762754604,21.372115145218338
pep_estimated_ms,109.24582893319648,4.934103918305616
error_ms,23.58172118006872,19.831501764953785
absolute_error_ms,31.109609782725943,14.400220480804766
absolute_relative_error_percent,23.738138846044965,9.018528263108726
pearson_r,0.06341461066854692,0.16844076093631427
error_per_sample_ms,23.89321926489227,29.166375237864717
absolute_error_per_sample_ms,31.389416983523446,20.887026422893154
absolute_relative_error_per_sample_percent,24.214506536584665,25.675996739292252
