metrics,mean,std
pep_reference_ms,133.4191762754604,21.372115145218338
pep_estimated_ms,133.000325220586,9.51288424265832
error_ms,-0.1280470274095864,14.682803875791516
absolute_error_ms,19.804400290627406,7.509279722417652
absolute_relative_error_percent,18.181565850943326,11.41063174432538
pearson_r,0.16240998309901628,0.18657949655510608
error_per_sample_ms,0.2891528107680127,25.909801539768157
absolute_error_per_sample_ms,19.69944576405384,16.832506104773838
absolute_relative_error_per_sample_percent,18.403975348637598,31.904449355276004
