metrics,mean,std
pep_reference_ms,133.4191762754604,21.372115145218338
pep_estimated_ms,115.92741023208345,29.477652517383383
error_ms,16.89238233487693,13.694831973747759
absolute_error_ms,23.170905396077575,11.526759634763641
absolute_relative_error_percent,18.760011889689522,11.069151526680397
pearson_r,0.41027626486507623,0.19894165031621172
error_per_sample_ms,17.02612364108389,29.454951327928143
absolute_error_per_sample_ms,22.853804965114392,25.202909407221306
absolute_relative_error_per_sample_percent,18.507418527410607,24.999557742911108
