metrics,mean,std
pep_reference_ms,133.4191762754604,21.372115145218338
pep_estimated_ms,132.19450356897323,30.100626496216286
error_ms,0.7766995160409039,15.600996387669435
absolute_error_ms,19.734992377508163,10.87669190318749
absolute_relative_error_percent,16.179231429056745,10.44859277175787
pearson_r,0.40862703809587864,0.21660279161264812
error_per_sample_ms,0.9737302977232924,32.19987299120043
absolute_error_per_sample_ms,19.72170036618373,25.472230094921244
absolute_relative_error_per_sample_percent,16.312454573473445,24.658333819979433
