metrics,mean,std
pep_reference_ms,133.4191762754604,21.372115145218338
pep_estimated_ms,134.13705317009357,30.246231846078242
error_ms,-1.1701622318315057,15.766058163810808
absolute_error_ms,20.295090835200867,10.639806469860869
absolute_relative_error_percent,16.6577882339616,10.391967489851837
pearson_r,0.40857916695563673,0.2167728172861443
error_per_sample_ms,-0.8929877564000636,32.40046215177005
absolute_error_per_sample_ms,20.366353951343616,25.215055056651266
absolute_relative_error_per_sample_percent,16.868216325745568,24.80171547187772
