metrics,mean,std
pep_reference_ms,133.4191762754604,21.372115145218338
pep_estimated_ms,118.91197065184386,3.4822319302668
error_ms,13.960307541332567,21.91333977967297
absolute_error_ms,26.440358742423125,12.895894984098614
absolute_relative_error_percent,21.48750101446672,10.71438995845581
pearson_r,-0.05639245546287959,0.2003784889690228
error_per_sample_ms,13.350435471100555,29.6016398892596
absolute_error_per_sample_ms,26.165637371338082,19.23150104263994
absolute_relative_error_per_sample_percent,21.6776762695864,29.634349615610827
