metrics,mean,std
pep_reference_ms,133.4191762754604,21.372115145218338
pep_estimated_ms,141.67751274447443,21.972260196908135
error_ms,-8.859868699983206,16.365100096491
absolute_error_ms,30.28871205820077,6.876009135174953
absolute_relative_error_percent,26.908410219887706,11.547154379158586
pearson_r,0.11292061619106301,0.18077350038469026
error_per_sample_ms,-7.698890649762282,35.5667624988401
absolute_error_per_sample_ms,29.896038034865292,20.74835949427769
absolute_relative_error_per_sample_percent,26.867170318271775,35.0490569538277
