metrics,mean,std
pep_reference_ms,133.4191762754604,21.372115145218338
pep_estimated_ms,147.160447144921,26.89485605995686
error_ms,-13.800608144106539,21.26335090826867
absolute_error_ms,35.26456164339632,12.880105648179027
absolute_relative_error_percent,30.943427935798027,15.181237315537812
pearson_r,0.12393486322153642,0.19176896465269527
error_per_sample_ms,-14.850558899398107,42.92472792609663
absolute_error_per_sample_ms,33.70937231298366,30.442562070538063
absolute_relative_error_per_sample_percent,30.07638710728676,40.29780612230214
