metrics,mean,std
pep_reference_ms,133.4191762754604,21.372115145218338
pep_estimated_ms,138.2667131870351,29.525779998170197
error_ms,-5.394644637464561,27.449397595048538
absolute_error_ms,31.835343256763156,12.694250924375405
absolute_relative_error_percent,27.383369233309228,14.219371264895601
pearson_r,0.15076465595221505,0.2763167664216418
error_per_sample_ms,-5.408522097259623,38.39845335354985
absolute_error_per_sample_ms,31.91699667353081,22.02268499895307
absolute_relative_error_per_sample_percent,27.858402238503878,33.58004899582249
