metrics,mean,std
pep_reference_ms,133.4191762754604,21.372115145218338
pep_estimated_ms,129.04557565701901,45.09049398704389
error_ms,7.504234110342313,44.10181885650963
absolute_error_ms,53.73668247771557,21.987053863812633
absolute_relative_error_percent,44.00048038286527,22.373551246466143
pearson_r,0.23600197894920616,0.3159645693531167
error_per_sample_ms,1.4502870264064294,68.08763176820592
absolute_error_per_sample_ms,55.68220436280138,39.21123626667478
absolute_relative_error_per_sample_percent,46.77895620220999,44.26034033967708
