metrics,mean,std
pep_reference_ms,133.4191762754604,21.372115145218338
pep_estimated_ms,122.91197065184386,3.4822319302668
error_ms,9.960307541332567,21.91333977967297
absolute_error_ms,25.046879126893067,11.925634075705009
absolute_relative_error_percent,21.027386925494568,11.497280142590684
pearson_r,-0.05639245546287959,0.2003784889690228
error_per_sample_ms,9.350435471100555,29.6016398892596
absolute_error_per_sample_ms,24.77403008709422,18.706553955134844
absolute_relative_error_per_sample_percent,21.22984251099877,31.20373928943071
