metrics,mean,std
pep_reference_ms,133.4191762754604,21.372115145218338
pep_estimated_ms,134.46381424101122,32.633036204827654
error_ms,-1.4593330959292727,17.521632507235864
absolute_error_ms,21.026511035708012,12.182022228879259
absolute_relative_error_percent,17.19277546167486,10.970774484412551
pearson_r,0.36947609415469873,0.20691647152682877
error_per_sample_ms,-0.5631792376317923,33.504428637285244
absolute_error_per_sample_ms,20.42433090024331,26.565214406098917
absolute_relative_error_per_sample_percent,16.91224667238588,27.073978488548143
