metrics,mean,std
pep_reference_ms,133.4191762754604,21.372115145218338
pep_estimated_ms,140.29184265794842,29.91376888150346
error_ms,-7.419564464772029,28.101666377941132
absolute_error_ms,33.55967888889469,12.2516706984558
absolute_relative_error_percent,28.820143946609033,14.38726150433573
pearson_r,0.15482210617611214,0.3012468284964048
error_per_sample_ms,-7.5873317498020585,38.62762229958499
absolute_error_per_sample_ms,33.449564528899444,20.75541954352988
absolute_relative_error_per_sample_percent,29.173338972771756,33.531350512877545
