metrics,mean,std
pep_reference_ms,133.4191762754604,21.372115145218338
pep_estimated_ms,139.92810372316487,30.25745455474915
error_ms,-7.027555594134113,15.875467075144432
absolute_error_ms,23.152984365876893,9.601985559051922
absolute_relative_error_percent,19.065181860639406,9.953600221093131
pearson_r,0.4160433275139779,0.21458916006274878
error_per_sample_ms,-6.735354818225115,32.628652481661085
absolute_error_per_sample_ms,23.292903635497698,23.820885951698237
absolute_relative_error_per_sample_percent,19.325522978212028,24.813665112006305
