metrics,mean,std
pep_reference_ms,133.4191762754604,21.372115145218338
pep_estimated_ms,128.5008074114871,19.50955451875048
error_ms,5.423866131707406,17.581665370414104
absolute_error_ms,31.492981364026388,11.21615096189176
absolute_relative_error_percent,26.997421651116078,12.125040345498498
pearson_r,0.14823400863368463,0.19307351755203564
error_per_sample_ms,4.500280846283467,46.982106585203645
absolute_error_per_sample_ms,29.99438307433065,36.440469959499275
absolute_relative_error_per_sample_percent,25.952377940431617,38.469872063000906
