metrics,mean,std
pep_reference_ms,133.4191762754604,21.372115145218338
pep_estimated_ms,151.24341383896763,19.907107298056644
error_ms,-18.380700179311162,15.686232243230236
absolute_error_ms,28.811254251545638,10.520049966035623
absolute_relative_error_percent,26.814484001999933,14.90398726580186
pearson_r,0.15240240466470747,0.18350633213982948
error_per_sample_ms,-18.1740922784208,35.961620149537985
absolute_error_per_sample_ms,28.277152370382115,28.704327334853264
absolute_relative_error_per_sample_percent,26.768678704918923,42.58525917314888
