metrics,mean,std
pep_reference_ms,133.4191762754604,21.372115145218338
pep_estimated_ms,145.62265921032673,14.000270191638977
error_ms,-12.710987662723559,16.078031260996408
absolute_error_ms,22.232246727216143,10.755902312406576
absolute_relative_error_percent,21.62841384959816,16.084630817353258
pearson_r,0.1464281022495681,0.18703590547071935
error_per_sample_ms,-11.78596717090441,27.500672480109866
absolute_error_per_sample_ms,21.446733183134857,20.86225406765364
absolute_relative_error_per_sample_percent,21.424644379830102,38.51738333636701
