metrics,mean,std
pep_reference_ms,133.4191762754604,21.372115145218338
pep_estimated_ms,136.64060341590715,29.626279102294344
error_ms,-3.7616044159458375,27.970055199840047
absolute_error_ms,34.36935888823408,12.137776145222805
absolute_relative_error_percent,29.036890484155656,13.906440430202853
pearson_r,0.09382778860002106,0.3030887159811901
error_per_sample_ms,-4.364241559676652,39.98100470850284
absolute_error_per_sample_ms,34.40133143128863,20.834484338403172
absolute_relative_error_per_sample_percent,29.463324967486336,30.69465111000281
