metrics,mean,std
pep_reference_ms,133.4191762754604,21.372115145218338
pep_estimated_ms,141.2562614725323,30.859425355346147
error_ms,-8.357309950737413,26.799659568243566
absolute_error_ms,32.67457342083096,11.869137746483851
absolute_relative_error_percent,28.100321588299913,14.282056947376281
pearson_r,0.13117492120175356,0.26112043582753314
error_per_sample_ms,-7.49194587628866,38.94170570048325
absolute_error_per_sample_ms,32.5492912371134,22.652358284246287
absolute_relative_error_per_sample_percent,28.417640554628534,34.88788333618351
