metrics,mean,std
pep_reference_ms,133.4191762754604,21.372115145218338
pep_estimated_ms,138.29184265794842,29.91376888150346
error_ms,-5.419564464772029,28.101666377941132
absolute_error_ms,32.765902764370765,12.912923590699481
absolute_relative_error_percent,28.059367443985725,14.321617826143434
pearson_r,0.15482210617611214,0.3012468284964048
error_per_sample_ms,-5.5873317498020585,38.62762229958499
absolute_error_per_sample_ms,32.66381631037213,21.36320632873281
absolute_relative_error_per_sample_percent,28.410116250949027,33.05179351159404
