metrics,mean,std
pep_reference_ms,133.4191762754604,21.372115145218338
pep_estimated_ms,157.3862598216701,20.19606252968995
error_ms,-24.499249486344752,12.131674244251922
absolute_error_ms,25.982277170164288,11.838926134056821
absolute_relative_error_percent,24.77191946561776,15.998640681958545
pearson_r,0.29221107196027263,0.21696323195029868
error_per_sample_ms,-23.714975845410628,24.545109503173254
absolute_error_per_sample_ms,24.926570048309177,23.313699524054762
absolute_relative_error_per_sample_percent,24.401250586544034,41.75761884534074
