metrics,mean,std
pep_reference_ms,133.4191762754604,21.372115145218338
pep_estimated_ms,142.50474258914733,16.046922197209426
error_ms,-9.665167665718082,8.454370088883554
absolute_error_ms,13.89739614154675,7.065236355037491
absolute_relative_error_percent,14.627216754170226,11.344482370906894
pearson_r,0.38821704582350525,0.22251507442626267
error_per_sample_ms,-9.453392517438173,21.48605340743821
absolute_error_per_sample_ms,13.466708941027267,19.226670835422844
absolute_relative_error_per_sample_percent,14.564447719926397,35.092324714999585
