metrics,mean,std
pep_reference_ms,133.4191762754604,21.372115145218338
pep_estimated_ms,134.04157332948603,48.21545642140475
error_ms,1.6798643394738841,47.15324984506093
absolute_error_ms,55.63809069324638,20.710270160109552
absolute_relative_error_percent,46.18979521704133,23.656895021322345
pearson_r,0.25485133991337716,0.2792076497882021
error_per_sample_ms,-5.306216103462662,67.57674676336967
absolute_error_per_sample_ms,56.869002920317065,36.88752010241686
absolute_relative_error_per_sample_percent,48.529297249863745,46.162162016119815
