metrics,mean,std
pep_reference_ms,133.4191762754604,21.372115145218338
pep_estimated_ms,138.48439191998636,27.262845856238734
error_ms,-5.6123214382167035,21.188170708534873
absolute_error_ms,25.740874938170332,15.44318243988019
absolute_relative_error_percent,21.96083799493021,14.353013055942224
pearson_r,0.3027390072657659,0.24291439040115603
error_per_sample_ms,-5.360152043078872,35.54855213364602
absolute_error_per_sample_ms,25.424136838770984,25.417396694526367
absolute_relative_error_per_sample_percent,22.128533987310036,33.58294010735281
