metrics,mean,std
pep_reference_ms,133.4191762754604,21.372115145218338
pep_estimated_ms,136.6923145809627,30.573500196544483
error_ms,-3.7859859809231766,22.98465565759338
absolute_error_ms,24.672377254837947,17.815510138864024
absolute_relative_error_percent,20.891280619268112,15.838220737715538
pearson_r,0.2672818732374526,0.22596970865675445
error_per_sample_ms,-2.777133655394525,36.936358970617164
absolute_error_per_sample_ms,23.69243156199678,28.472368570709296
absolute_relative_error_per_sample_percent,20.573047721731765,35.42650976405712
