metrics,mean,std
pep_reference_ms,133.4191762754604,21.372115145218338
pep_estimated_ms,108.90343719654301,17.096292406083574
error_ms,23.965802878180423,19.432593631329354
absolute_error_ms,35.677487214327186,10.362842199234116
absolute_relative_error_percent,28.201135783501815,8.453074092626347
pearson_r,0.007604704212302717,0.22563708399332028
error_per_sample_ms,25.180447548008253,32.840280500499965
absolute_error_per_sample_ms,36.45865735597524,19.578183415963423
absolute_relative_error_per_sample_percent,28.971910072320874,22.756948332134627
