metrics,mean,std
pep_reference_ms,133.4191762754604,21.372115145218338
pep_estimated_ms,139.17538230416977,29.749054036113765
error_ms,-6.303104110993346,27.820391798339365
absolute_error_ms,32.72981826575031,12.62756855409001
absolute_relative_error_percent,28.121036155489982,14.340710958705165
pearson_r,0.14910409145528505,0.2841678174112436
error_per_sample_ms,-6.51243072050673,38.53671430000401
absolute_error_per_sample_ms,32.65526524148852,21.47379228123353
absolute_relative_error_per_sample_percent,28.494829237062696,33.54761666087451
