metrics,mean,std
pep_reference_ms,133.4191762754604,21.372115145218338
pep_estimated_ms,121.43738373699904,29.636370607705768
error_ms,11.517083088369676,15.691374001867333
absolute_error_ms,21.016959907330662,13.025679326568605
absolute_relative_error_percent,16.68628844849172,12.184218958358224
pearson_r,0.4066851007138187,0.207371872275206
error_per_sample_ms,11.393654904499838,36.21005547799798
absolute_error_per_sample_ms,20.918420200712205,31.67653999585436
absolute_relative_error_per_sample_percent,16.74174148622052,27.866620988827513
