metrics,mean,std
pep_reference_ms,133.4191762754604,21.372115145218338
pep_estimated_ms,117.9273866920398,29.28295305619892
error_ms,15.099372110612402,15.54805876525525
absolute_error_ms,21.639641691222536,13.413260458862787
absolute_relative_error_percent,16.997289196430433,12.242354442315113
pearson_r,0.40864601584148175,0.20362470233440902
error_per_sample_ms,14.918171465755654,35.63094145511623
absolute_error_per_sample_ms,21.37270213112087,32.17644219726581
absolute_relative_error_per_sample_percent,16.92225482510723,27.931519803050485
