metrics,mean,std
pep_reference_ms,133.4191762754604,21.372115145218338
pep_estimated_ms,92.71617426680228,18.600480661371765
error_ms,40.19803436138027,18.955328307781436
absolute_error_ms,45.045165408381315,15.280182629327447
absolute_relative_error_percent,33.70483342114497,10.393083522892342
pearson_r,0.0005702164679131597,0.22296265320715639
error_per_sample_ms,41.84412698412699,32.74814651897599
absolute_error_per_sample_ms,46.439682539682536,25.821075676771642
absolute_relative_error_per_sample_percent,34.90524292912633,21.21721788985457
