metrics,mean,std
pep_reference_ms,133.4191762754604,21.372115145218338
pep_estimated_ms,142.83368916927822,29.282529145926446
error_ms,-9.954089538251692,27.58229124934572
absolute_error_ms,36.610947910627836,9.944301219433854
absolute_relative_error_percent,31.24231353215846,14.181432113045146
pearson_r,0.08815798668457168,0.29957183171025403
error_per_sample_ms,-10.159540523292916,40.31574578950028
absolute_error_per_sample_ms,36.828334396936825,19.293766033500066
absolute_relative_error_per_sample_percent,31.781227366408014,32.41531204431029
