metrics,mean,std
pep_reference_ms,133.4191762754604,21.372115145218338
pep_estimated_ms,123.37673624668065,30.350029952175635
error_ms,9.492887384104927,15.967786490311306
absolute_error_ms,18.941006621311494,13.024510364372263
absolute_relative_error_percent,15.524473378227757,12.006447547182388
pearson_r,0.4135219658847492,0.1976705011330369
error_per_sample_ms,9.734615384615385,32.355241032759565
absolute_error_per_sample_ms,18.79230769230769,28.07977084258332
absolute_relative_error_per_sample_percent,15.5531415002708,27.378188225460544
