metrics,mean,std
pep_reference_ms,133.4191762754604,21.372115145218338
pep_estimated_ms,119.7097596764413,29.406626708955628
error_ms,13.317597480818655,15.561667106578168
absolute_error_ms,21.134901777333432,13.201919725313887
absolute_relative_error_percent,16.666019284404825,12.15407284665221
pearson_r,0.40418289219896925,0.20458454580499424
error_per_sample_ms,13.195976638546398,35.99311181356946
absolute_error_per_sample_ms,20.9740428293316,32.089366227187156
absolute_relative_error_per_sample_percent,16.68996199750617,27.97993673950545
