metrics,mean,std
pep_reference_ms,133.4191762754604,21.372115145218338
pep_estimated_ms,109.69589521807981,28.474119796047376
error_ms,23.341891710232645,13.492963255313802
absolute_error_ms,26.948710328583175,12.12057290389533
absolute_relative_error_percent,21.091974796596503,11.37370920384438
pearson_r,0.42225918600072787,0.19872870785691993
error_per_sample_ms,23.10380335492443,32.610936779330736
absolute_error_per_sample_ms,26.384321541272215,30.01876919354427
absolute_relative_error_per_sample_percent,20.630570149369525,25.91510924530828
