metrics,mean,std
pep_reference_ms,133.4191762754604,21.372115145218338
pep_estimated_ms,157.97235535211985,15.244223478885749
error_ms,-25.083294636599835,9.764096815555256
absolute_error_ms,26.818271360634657,9.495214986882166
absolute_relative_error_percent,25.68440163113593,15.54025524295497
pearson_r,0.3488809435127053,0.22103334777762648
error_per_sample_ms,-25.233449477351915,22.618238565052245
absolute_error_per_sample_ms,26.566993981628126,21.03583892056181
absolute_relative_error_per_sample_percent,25.91878385561322,40.5459867740409
