metrics,mean,std
pep_reference_ms,133.4191762754604,21.372115145218338
pep_estimated_ms,121.9563039422662,29.471325893774015
error_ms,10.980630195507421,13.639232585555801
absolute_error_ms,20.09786412256121,11.37294934305108
absolute_relative_error_percent,16.564724830947895,10.798430305057064
pearson_r,0.3965278849558051,0.2108376632931756
error_per_sample_ms,10.96220041820814,30.313126776927735
absolute_error_per_sample_ms,19.487855879041337,25.67642822202438
absolute_relative_error_per_sample_percent,16.18554579083668,24.646102638092376
