metrics,mean,std
pep_reference_ms,133.4191762754604,21.372115145218338
pep_estimated_ms,141.05076884940402,30.198986344552182
error_ms,-8.102468608490026,15.88631796286423
absolute_error_ms,23.47202262062103,9.511684991302527
absolute_relative_error_percent,19.45881057576701,10.002245696621964
pearson_r,0.39067140762170965,0.2128703620647653
error_per_sample_ms,-7.886331163676774,32.76891775216613
absolute_error_per_sample_ms,23.63740276234323,24.026430873564575
absolute_relative_error_per_sample_percent,19.780203283987184,26.79317584619013
