metrics,mean,std
pep_reference_ms,133.4191762754604,21.372115145218338
pep_estimated_ms,140.53327349030832,22.537029529612543
error_ms,-7.673731554585154,15.99478674601893
absolute_error_ms,29.9271186702769,6.539299450497756
absolute_relative_error_percent,26.53749282099893,11.246653722719296
pearson_r,0.11793163074839587,0.18076414332593915
error_per_sample_ms,-6.420351878269139,35.366910957602244
absolute_error_per_sample_ms,29.553653510857504,20.460226613699557
absolute_relative_error_per_sample_percent,26.520501306238035,34.726664928866526
