metrics,mean,std
pep_reference_ms,133.4191762754604,21.372115145218338
pep_estimated_ms,126.63199007240567,33.7649422262844
error_ms,6.249190520116864,18.92212309525345
absolute_error_ms,19.806280619907643,13.754793363006225
absolute_relative_error_percent,16.158347681933776,12.329316724169665
pearson_r,0.38310504500917597,0.1967947580356067
error_per_sample_ms,7.293291986290191,33.745927957505884
absolute_error_per_sample_ms,19.070017953321365,28.780447824355733
absolute_relative_error_per_sample_percent,15.759858266148967,28.0182180984228
