metrics,mean,std
pep_reference_ms,133.4191762754604,21.372115145218338
pep_estimated_ms,102.45729212747176,16.905499418207835
error_ms,30.411947947251672,19.081341689050216
absolute_error_ms,39.17516394778659,12.128776069352579
absolute_relative_error_percent,30.20341926628784,8.808703370972005
pearson_r,0.005118945111706739,0.2295807150841827
error_per_sample_ms,31.626091096651326,32.718929384150485
absolute_error_per_sample_ms,40.086970322171084,21.53538456791727
absolute_relative_error_per_sample_percent,31.069010086672645,21.502367141218556
