metrics,mean,std
pep_reference_ms,133.4191762754604,21.372115145218338
pep_estimated_ms,127.47006793217913,30.804858882716402
error_ms,5.346117232670032,27.94104081050301
absolute_error_ms,28.87825934255344,17.049604652134516
absolute_relative_error_percent,24.168369886906515,14.171049663302234
pearson_r,0.15571157382156578,0.2883487962352622
error_per_sample_ms,5.6181270797021075,38.43202298588826
absolute_error_per_sample_ms,28.778323562034544,26.084321644052263
absolute_relative_error_per_sample_percent,24.415016623533592,30.99282031017422
