metrics,mean,std
pep_reference_ms,133.4191762754604,21.372115145218338
pep_estimated_ms,147.21848375251477,29.664664834892623
error_ms,-14.34641520294423,27.579867897410185
absolute_error_ms,35.88025336509916,10.329477356324787
absolute_relative_error_percent,31.134002757041888,14.852530975892567
pearson_r,0.14427506500210838,0.27968292294381286
error_per_sample_ms,-14.31173768414383,38.38607370184199
absolute_error_per_sample_ms,35.84064628544274,19.843501798441906
absolute_relative_error_per_sample_percent,31.558703028529113,35.80913957010682
