metrics,mean,std
pep_reference_ms,133.4191762754604,21.372115145218338
pep_estimated_ms,129.01635891503665,30.720781311763638
error_ms,3.8655331852767563,16.333509329663993
absolute_error_ms,18.932195656682335,12.706209989060683
absolute_relative_error_percent,15.724301094290125,11.924919778073596
pearson_r,0.4120576697190796,0.2003150887813992
error_per_sample_ms,4.174246050741981,33.04468381843075
absolute_error_per_sample_ms,18.913674804531674,27.41620623172757
absolute_relative_error_per_sample_percent,15.914281155077827,27.644374168522464
