metrics,mean,std
pep_reference_ms,133.4191762754604,21.372115145218338
pep_estimated_ms,155.97235535211985,15.244223478885749
error_ms,-23.08329463659983,9.764096815555256
absolute_error_ms,24.89637317593234,9.50609420175878
absolute_relative_error_percent,24.125094771014034,15.240969589636732
pearson_r,0.3488809435127053,0.22103334777762648
error_per_sample_ms,-23.233449477351915,22.618238565052245
absolute_error_per_sample_ms,24.635413367120684,21.08255911015957
absolute_relative_error_per_sample_percent,24.343065682576583,39.989352200616494
