metrics,mean,std
pep_reference_ms,133.4191762754604,21.372115145218338
pep_estimated_ms,121.95327178391767,10.145590464870988
error_ms,10.933738551407714,20.30575323267512
absolute_error_ms,26.12719241551582,10.957499029819834
absolute_relative_error_percent,21.603782904527026,11.381503443793365
pearson_r,0.055059535377201374,0.14692853602123648
error_per_sample_ms,11.684702093397746,30.258730382548237
absolute_error_per_sample_ms,26.253462157809984,19.049376685436204
absolute_relative_error_per_sample_percent,22.028744454792758,31.09465068896548
