metrics,mean,std
pep_reference_ms,137.87356451358494,20.14601560316418
pep_estimated_ms,142.53449439676967,10.39361199063476
error_ms,-5.115027862854152,12.675495525718244
absolute_error_ms,17.493538940198263,6.948912212973834
absolute_relative_error_percent,14.942656771690077,8.474135559081883
pearson_r,0.21316276272994145,0.1999033200865591
error_per_sample_ms,-4.897802021498475,22.783940783516307
absolute_error_per_sample_ms,17.113428525589605,15.818564611496939
absolute_relative_error_per_sample_percent,14.76888091663963,20.234546004402986
