metrics,mean,std
pep_reference_ms,137.87356451358494,20.14601560316418
pep_estimated_ms,135.59580880154184,21.317527478393757
error_ms,2.8089201118290372,18.878915284092276
absolute_error_ms,35.08571055418713,9.657187490939863
absolute_relative_error_percent,27.38990018587754,8.955946297405774
pearson_r,0.2230795000888146,0.18446270888276245
error_per_sample_ms,1.2736023694927805,48.497753959866934
absolute_error_per_sample_ms,33.97852647167716,34.62822462906367
absolute_relative_error_per_sample_percent,26.657963912742833,28.946176113758135
