metrics,mean,std
pep_reference_ms,137.87356451358494,20.14601560316418
pep_estimated_ms,136.20120611761968,32.151790672598935
error_ms,1.2138401219439459,29.16369766090707
absolute_error_ms,31.76996251924289,14.231478717422373
absolute_relative_error_percent,24.52167735692652,10.417469916590038
pearson_r,0.12185818446686635,0.3147852997152135
error_per_sample_ms,1.0731942215088282,38.2221701303827
absolute_error_per_sample_ms,31.424398073836276,21.785161027866533
absolute_relative_error_per_sample_percent,24.459290996042267,19.823614495513727
