metrics,mean,std
pep_reference_ms,137.87356451358494,20.14601560316418
pep_estimated_ms,125.09809251234027,30.152896635907172
error_ms,12.316692881704757,15.828553173193555
absolute_error_ms,18.253075375140178,14.071711539938661
absolute_relative_error_percent,13.737051555852318,11.635600904144859
pearson_r,0.36076456976640414,0.21612839369324044
error_per_sample_ms,12.125426482534525,31.01009287956005
absolute_error_per_sample_ms,17.644841592201463,28.23670294082522
absolute_relative_error_per_sample_percent,13.341807536103508,21.989910868804888
