metrics,mean,std
pep_reference_ms,137.87356451358494,20.14601560316418
pep_estimated_ms,146.90224456398906,21.238149216132108
error_ms,-9.508564780949902,12.110556186071344
absolute_error_ms,23.305550351409494,7.375671747625056
absolute_relative_error_percent,19.26293466695948,8.070491577570568
pearson_r,0.2898108807312952,0.20359948883326573
error_per_sample_ms,-9.180212014134275,31.83601120933009
absolute_error_per_sample_ms,22.977834885962093,23.871049543295445
absolute_relative_error_per_sample_percent,19.12629891966956,24.991787152949108
