metrics,mean,std
pep_reference_ms,137.87356451358494,20.14601560316418
pep_estimated_ms,142.64344114586117,10.40812540620077
error_ms,-5.2239746119456605,12.679400199868699
absolute_error_ms,17.557286207467776,6.96549055255272
absolute_relative_error_percent,14.997432069329355,8.503518868216728
pearson_r,0.2079618435565767,0.19819402289094418
error_per_sample_ms,-5.005294400770095,22.844983733239626
absolute_error_per_sample_ms,17.172789988769452,15.87581613057993
absolute_relative_error_per_sample_percent,14.819073706374473,20.241111086033456
