metrics,mean,std
pep_reference_ms,137.87356451358494,20.14601560316418
pep_estimated_ms,151.2604633990952,22.325577029307055
error_ms,-13.872764293424094,13.254531564239011
absolute_error_ms,24.806436049356186,8.408736322679143
absolute_relative_error_percent,20.557970710713665,8.854458423482338
pearson_r,0.21562434622696885,0.19285172196812042
error_per_sample_ms,-12.921001926782274,31.95486222479115
absolute_error_per_sample_ms,24.266538214515094,24.478574992854313
absolute_relative_error_per_sample_percent,20.29331135703496,26.072126195973546
