metrics,mean,std
pep_reference_ms,137.87356451358494,20.14601560316418
pep_estimated_ms,138.10655556709656,31.595198026508633
error_ms,-0.717677216142432,28.483612222421364
absolute_error_ms,31.415539193498176,12.974670216575984
absolute_relative_error_percent,24.38146595007674,9.824848612997629
pearson_r,0.12332436898887786,0.2924526466416925
error_per_sample_ms,-0.7367576243980738,37.91095057838372
absolute_error_per_sample_ms,31.265168539325842,21.45395585343954
absolute_relative_error_per_sample_percent,24.439030460166087,20.13062559612354
