metrics,mean,std
pep_reference_ms,137.87356451358494,20.14601560316418
pep_estimated_ms,118.79473302784653,6.028892047348974
error_ms,18.643411570487046,18.06291265384466
absolute_error_ms,26.532761517722854,12.362533844529432
absolute_relative_error_percent,19.02105047198473,6.475227994896477
pearson_r,0.10278199933880901,0.16757535983161279
error_per_sample_ms,18.686677367576245,26.10246015299628
absolute_error_per_sample_ms,26.37592295345104,18.298661848131506
absolute_relative_error_per_sample_percent,19.047726636639403,15.08856685502853
