metrics,mean,std
pep_reference_ms,137.87356451358494,20.14601560316418
pep_estimated_ms,152.05712446054127,16.758568290237367
error_ms,-14.621149017819603,6.7979647521901425
absolute_error_ms,18.538199174258853,5.712187608293299
absolute_relative_error_percent,15.581918283615389,7.284675844789829
pearson_r,0.46205777630040623,0.22283812468360026
error_per_sample_ms,-14.752529307852898,18.58542336685621
absolute_error_per_sample_ms,18.198169262887426,15.227662925861333
absolute_relative_error_per_sample_percent,15.471223043363677,18.994561494326142
