metrics,mean,std
pep_reference_ms,137.87356451358494,20.14601560316418
pep_estimated_ms,137.07056268368433,31.993496997461843
error_ms,0.34448355587932605,28.89180287587611
absolute_error_ms,31.616202214142092,13.859396542529016
absolute_relative_error_percent,24.455947374395265,10.213794115943838
pearson_r,0.1279766895931638,0.3024404430588479
error_per_sample_ms,0.16019261637239166,38.10630591127487
absolute_error_per_sample_ms,31.297271268057784,21.739296746942305
absolute_relative_error_per_sample_percent,24.412807890582663,20.022222236671574
