metrics,mean,std
pep_reference_ms,137.87356451358494,20.14601560316418
pep_estimated_ms,132.64520675964604,31.714928520045678
error_ms,4.773056748503391,28.91080389086746
absolute_error_ms,33.11117668598074,14.44210069198803
absolute_relative_error_percent,25.35676083846427,10.602281962902754
pearson_r,0.052909825279818634,0.3156176058078813
error_per_sample_ms,4.189940543146393,39.60727076588004
absolute_error_per_sample_ms,32.84814398200225,22.523120037296625
absolute_relative_error_per_sample_percent,25.342094901304858,19.68399514006798
