metrics,mean,std
pep_reference_ms,137.87356451358494,20.14601560316418
pep_estimated_ms,130.33152827588736,30.422650273568024
error_ms,7.162051634019761,16.06638714298457
absolute_error_ms,19.035266786445987,12.028882688831935
absolute_relative_error_percent,14.184821992876651,10.417316125605536
pearson_r,0.38822551149664486,0.21197469635693195
error_per_sample_ms,6.926159314913557,31.436269077949568
absolute_error_per_sample_ms,18.45306188398772,26.376034643262305
absolute_relative_error_per_sample_percent,13.797794512062286,20.839954371118047
