metrics,mean,std
pep_reference_ms,137.87356451358494,20.14601560316418
pep_estimated_ms,150.02614029777146,22.728447426860875
error_ms,-12.638441192100347,12.927103713193924
absolute_error_ms,24.14655170010371,8.151433493505728
absolute_relative_error_percent,19.972551934822043,8.473024530593555
pearson_r,0.23686754669889162,0.19188593605767992
error_per_sample_ms,-11.649967886962107,31.65315838542685
absolute_error_per_sample_ms,23.584457289659603,24.11260172383717
absolute_relative_error_per_sample_percent,19.68121791648068,25.428639298372858
