metrics,mean,std
pep_reference_ms,91.81678678514223,20.888297889774446
pep_estimated_ms,111.41556667940478,14.10429799096765
error_ms,-19.70010559634526,11.58939531382172
absolute_error_ms,21.891104786764757,10.024543705603477
absolute_relative_error_percent,30.378736456061862,18.98597443220043
pearson_r,0.3110802243571793,0.31568972963193004
error_per_sample_ms,-20.23858378595856,18.75647833971713
absolute_error_per_sample_ms,22.405954536310603,16.105246185213314
absolute_relative_error_per_sample_percent,31.870122245091064,31.853645285987433
