metrics,mean,std
pep_reference_ms,91.81678678514223,20.888297889774446
pep_estimated_ms,105.26983925469179,22.700990769121027
error_ms,-13.568743861215628,7.38022790940902
absolute_error_ms,15.647720818101531,6.145577597752378
absolute_relative_error_percent,19.845833060304017,9.500881118353897
pearson_r,0.49339399934711975,0.2660914652553315
error_per_sample_ms,-12.84217961654894,17.065000588863445
absolute_error_per_sample_ms,15.389101917255298,14.809164884690256
absolute_relative_error_per_sample_percent,20.023501684472482,22.212487706564268
