metrics,mean,std
pep_reference_ms,91.81678678514223,20.888297889774446
pep_estimated_ms,105.80557192130902,22.95389981880483
error_ms,-14.116713790150174,14.509291688558855
absolute_error_ms,22.89294499075567,7.206100873204312
absolute_relative_error_percent,28.588633085338575,11.886702335817576
pearson_r,0.25746559315386414,0.32353076285949056
error_per_sample_ms,-13.386593762656947,24.577000581343327
absolute_error_per_sample_ms,23.44613203726205,15.280992854950004
absolute_relative_error_per_sample_percent,29.917626364414485,23.494122545561343
