metrics,mean,std
pep_reference_ms,91.81678678514223,20.888297889774446
pep_estimated_ms,106.58914911263628,21.904671093249195
error_ms,-14.889158489426421,13.556192267203839
absolute_error_ms,22.922767348662855,6.572326865450841
absolute_relative_error_percent,28.602723556463523,11.62380899647735
pearson_r,0.25741459384999443,0.3097267634917534
error_per_sample_ms,-14.311945117029863,23.935933678786753
absolute_error_per_sample_ms,23.310330912025826,15.309773573766673
absolute_relative_error_per_sample_percent,29.77446638912408,24.11398743627275
