metrics,mean,std
pep_reference_ms,91.81678678514223,20.888297889774446
pep_estimated_ms,64.05171694321685,24.694378170829427
error_ms,27.726582559883404,19.872121899944474
absolute_error_ms,29.349640400093072,19.32740093045051
absolute_relative_error_percent,32.010119072781684,20.23536400591241
pearson_r,0.31184146750669317,0.34711386987338866
error_per_sample_ms,24.144011406844108,32.57409924039451
absolute_error_per_sample_ms,26.249049429657795,30.90295507190649
absolute_relative_error_per_sample_percent,28.817572883755815,32.51204228945978
