metrics,mean,std
pep_reference_ms,91.81678678514223,20.888297889774446
pep_estimated_ms,66.53949077716425,26.145496609638233
error_ms,25.10521608073184,20.752785153017026
absolute_error_ms,27.940191905628076,19.354191821209195
absolute_relative_error_percent,30.770625933745627,20.558629861782265
pearson_r,0.32315411506112907,0.32926510291407385
error_per_sample_ms,21.002485875706213,31.58283511729769
absolute_error_per_sample_ms,24.46598870056497,28.98267213197347
absolute_relative_error_per_sample_percent,27.25139644453866,31.045525032237272
