metrics,mean,std
pep_reference_ms,91.81678678514223,20.888297889774446
pep_estimated_ms,87.17553950993948,22.600373446671796
error_ms,5.638085820568286,10.82226968084597
absolute_error_ms,16.604697758362278,6.9164490828837915
absolute_relative_error_percent,20.986922772384837,12.187263520222407
pearson_r,0.45557099894751624,0.30581689400373396
error_per_sample_ms,5.306384833297015,23.36236766485659
absolute_error_per_sample_ms,17.062322946175637,16.817701346716813
absolute_relative_error_per_sample_percent,21.77174966396115,26.618096310243004
