metrics,mean,std
pep_reference_ms,91.81678678514223,20.888297889774446
pep_estimated_ms,103.61884309362345,21.433935993248355
error_ms,-12.074229211576627,13.705422952031665
absolute_error_ms,23.24930809851304,6.648588755057609
absolute_relative_error_percent,28.69290127631764,11.287495477180913
pearson_r,0.19831250283816126,0.30616861080235397
error_per_sample_ms,-11.599490337651305,25.434130961972855
absolute_error_per_sample_ms,23.791038437035464,14.677523087072762
absolute_relative_error_per_sample_percent,29.971860174081016,22.628574375675925
