metrics,mean,std
pep_reference_ms,91.81678678514223,20.888297889774446
pep_estimated_ms,106.88235529230856,22.03121400195087
error_ms,-15.181377543937614,13.569142231028717
absolute_error_ms,23.049864969162602,6.575114110334814
absolute_relative_error_percent,28.799145366197152,11.625180197862017
pearson_r,0.26043493690827835,0.31066136336276673
error_per_sample_ms,-14.779459241323648,23.98152179493714
absolute_error_per_sample_ms,23.523204196933012,15.498537588314033
absolute_relative_error_per_sample_percent,30.106436539376357,24.632539799913307
