metrics,mean,std
pep_reference_ms,137.87356451358494,20.14601560316418
pep_estimated_ms,121.15369429032701,29.27644849134781
error_ms,16.365945599437186,15.488435161087011
absolute_error_ms,22.35022203178884,13.235886762495381
absolute_relative_error_percent,16.907955804145395,11.316067058266581
pearson_r,0.37823253406976665,0.21451224503324337
error_per_sample_ms,16.021158854166668,30.848950637386196
absolute_error_per_sample_ms,21.523111979166668,27.296353917521397
absolute_relative_error_per_sample_percent,16.308809428885187,21.01726058847577
