metrics,mean,std
pep_reference_ms,137.87356451358494,20.14601560316418
pep_estimated_ms,130.40785714268557,29.661275241387877
error_ms,7.101734841950112,17.33884630568547
absolute_error_ms,20.71402801924717,12.146215683457925
absolute_relative_error_percent,15.692140436278281,10.749585109560261
pearson_r,0.37507669065645155,0.21225698824346234
error_per_sample_ms,6.724193548387097,32.67367582766854
absolute_error_per_sample_ms,20.391290322580645,26.400362685917234
absolute_relative_error_per_sample_percent,15.517721017353836,21.113306677954323
