metrics,mean,std
pep_reference_ms,137.87356451358494,20.14601560316418
pep_estimated_ms,130.99921135783777,28.805531272312496
error_ms,6.4327666606482365,21.770742769853484
absolute_error_ms,26.36588425814626,17.814594859758557
absolute_relative_error_percent,19.353410760823756,12.459725550049503
pearson_r,0.20852621190641707,0.25660801344069817
error_per_sample_ms,7.023058053965658,38.86490796261666
absolute_error_per_sample_ms,25.64153720359771,30.03857495302583
absolute_relative_error_per_sample_percent,18.98145633371066,22.70905971003784
