metrics,mean,std
pep_reference_ms,137.87356451358494,20.14601560316418
pep_estimated_ms,142.80132158958918,29.697934808048263
error_ms,-5.373863041037823,28.389377758543393
absolute_error_ms,35.067393686917505,10.915029203244243
absolute_relative_error_percent,27.501798663645502,10.656669227276035
pearson_r,0.03691542252675765,0.30810526809237204
error_per_sample_ms,-6.152264696434308,39.6003802321473
absolute_error_per_sample_ms,35.042724060391905,19.443455604723784
absolute_relative_error_per_sample_percent,27.6735993176815,21.140906487514023
