metrics,mean,std
pep_reference_ms,137.87356451358494,20.14601560316418
pep_estimated_ms,133.7993546864225,27.459850608601837
error_ms,3.620746454417818,22.325783352376753
absolute_error_ms,23.982920717107014,17.000058210091357
absolute_relative_error_percent,18.1763455481018,11.88910375834358
pearson_r,0.25280263210055287,0.25467760680344825
error_per_sample_ms,3.587413710065821,35.50887695307009
absolute_error_per_sample_ms,23.53154599454166,26.833118020502408
absolute_relative_error_per_sample_percent,18.029452509680873,21.38721728718109
