metrics,mean,std
pep_reference_ms,137.87356451358494,20.14601560316418
pep_estimated_ms,164.25187591050246,15.230359514731877
error_ms,-26.83131599715177,9.347660797061945
absolute_error_ms,29.570164626478874,8.000865766176593
absolute_relative_error_percent,24.566641901665214,10.58962303739087
pearson_r,0.3995187957087635,0.2109230742309758
error_per_sample_ms,-27.099807445442874,20.579544163084744
absolute_error_per_sample_ms,29.36617458279846,17.191422044526686
absolute_relative_error_per_sample_percent,24.60324796509406,23.214786682581856
