metrics,mean,std
pep_reference_ms,137.87356451358494,20.14601560316418
pep_estimated_ms,132.88393367333904,45.95294409131327
error_ms,7.244088869910178,46.05047741502952
absolute_error_ms,52.89883418313727,22.59772907069518
absolute_relative_error_percent,41.114023311878455,19.90170182353751
pearson_r,0.23189585883281788,0.28799559375948675
error_per_sample_ms,-0.8992013813943449,65.41611633944754
absolute_error_per_sample_ms,53.10641053313188,38.20714593301749
absolute_relative_error_per_sample_percent,42.14167928549209,33.82848251065387
