metrics,mean,std
pep_reference_ms,137.87356451358494,20.14601560316418
pep_estimated_ms,143.74360203412428,7.831072315085649
error_ms,-6.326229414239105,14.744199797889808
absolute_error_ms,18.3423273633378,7.835466969741357
absolute_relative_error_percent,15.84935502857227,10.043864661784294
pearson_r,0.19484142197987628,0.20294205251344244
error_per_sample_ms,-6.508262473929087,23.186538470790225
absolute_error_per_sample_ms,18.079576447938393,15.909178550451308
absolute_relative_error_per_sample_percent,15.790076631641508,20.976678391700315
