metrics,mean,std
pep_reference_ms,137.87356451358494,20.14601560316418
pep_estimated_ms,161.35675362545425,20.835468560711607
error_ms,-23.934578937097235,14.574544613619878
absolute_error_ms,28.0521139292425,12.286684066664254
absolute_relative_error_percent,23.496892173639985,12.479981241564252
pearson_r,0.20022214900757154,0.18713800323306914
error_per_sample_ms,-23.284315299406003,32.935898272614956
absolute_error_per_sample_ms,27.256702520468775,29.732219925475874
absolute_relative_error_per_sample_percent,23.132838447225318,31.170238834128366
