metrics,mean,std
pep_reference_ms,137.87356451358494,20.14601560316418
pep_estimated_ms,138.92493757750285,29.25670841153403
error_ms,-1.5435192367267712,27.880221239300944
absolute_error_ms,34.14774044599331,11.472815447011408
absolute_relative_error_percent,26.622520543928495,10.360422689012742
pearson_r,0.034268904639765785,0.2927381131285749
error_per_sample_ms,-1.951511233230968,39.83163502492313
absolute_error_per_sample_ms,34.327784063358656,20.297063485921523
absolute_relative_error_per_sample_percent,26.898457303911673,20.72089402499309
