metrics,mean,std
pep_reference_ms,137.87356451358494,20.14601560316418
pep_estimated_ms,140.18254632033032,31.25843364894208
error_ms,-2.7530862443935082,27.242165290827757
absolute_error_ms,31.612530590005132,12.722902886713706
absolute_relative_error_percent,24.524758288814592,9.712053441531449
pearson_r,0.09555921183689511,0.2778123396646741
error_per_sample_ms,-2.2718668407310707,38.26393982631528
absolute_error_per_sample_ms,31.319516971279374,22.0992833969709
absolute_relative_error_per_sample_percent,24.51646318092303,20.907177554661132
