metrics,mean,std
pep_reference_ms,137.87356451358494,20.14601560316418
pep_estimated_ms,108.54782785984925,16.14161259225063
error_ms,28.913135273804542,16.980103951126953
absolute_error_ms,37.0345606563283,9.965526493666873
absolute_relative_error_percent,27.22176095774747,6.196149876471238
pearson_r,0.035879855224740555,0.24893543210681282
error_per_sample_ms,29.551696414214504,30.38660189602316
absolute_error_per_sample_ms,37.35745296671491,20.026708256350577
absolute_relative_error_per_sample_percent,27.556211957171215,15.738913184560978
