metrics,mean,std
pep_reference_ms,137.87356451358494,20.14601560316418
pep_estimated_ms,129.0402123599293,37.86034178443797
error_ms,11.26794101855537,38.05803194796907
absolute_error_ms,44.53836449049353,20.90674126750072
absolute_relative_error_percent,34.39770180908229,17.11109275030075
pearson_r,0.25329723117630215,0.31495337164619575
error_per_sample_ms,2.3572413793103446,55.676654442066436
absolute_error_per_sample_ms,42.88413793103448,35.58647426612559
absolute_relative_error_per_sample_percent,33.75806381818402,30.553100335552127
