metrics,mean,std
pep_reference_ms,137.87356451358494,20.14601560316418
pep_estimated_ms,158.34257435472622,15.33458900699334
error_ms,-20.903532702436994,9.24472565759003
absolute_error_ms,23.974448230173977,7.867604740170034
absolute_relative_error_percent,20.22419419543535,9.866139056897874
pearson_r,0.3984643521296573,0.21242408913888883
error_per_sample_ms,-21.124699085219067,20.48717401887179
absolute_error_per_sample_ms,23.74963890226288,17.376186656821808
absolute_relative_error_per_sample_percent,20.24580830870126,22.19977520460661
