metrics,mean,std
pep_reference_ms,137.87356451358494,20.14601560316418
pep_estimated_ms,127.84137155595128,38.440880095875045
error_ms,12.678116081001194,39.30404234854413
absolute_error_ms,45.32673676191772,21.675158938724955
absolute_relative_error_percent,34.798293051790885,17.361790722597537
pearson_r,0.253887642395773,0.3206113984111655
error_per_sample_ms,4.285448628544863,57.40312614309868
absolute_error_per_sample_ms,44.1115760111576,36.98179042123652
absolute_relative_error_per_sample_percent,34.42794210457904,30.787435078947524
