metrics,mean,std
pep_reference_ms,137.87356451358494,20.14601560316418
pep_estimated_ms,112.8135997462431,17.130451612923473
error_ms,24.599440210584884,18.21070501008099
absolute_error_ms,33.88371040708006,10.287747308932921
absolute_relative_error_percent,25.089750700357648,6.607940581720123
pearson_r,0.04852814252268393,0.24264449142804226
error_per_sample_ms,25.671113968815302,30.451405099360343
absolute_error_per_sample_ms,34.54750040186465,19.81828400514068
absolute_relative_error_per_sample_percent,25.637074259867,16.235686681691288
