metrics,mean,std
pep_reference_ms,137.87356451358494,20.14601560316418
pep_estimated_ms,152.7119875961397,7.81105954354655
error_ms,-15.291923008165421,14.460689333435477
absolute_error_ms,21.484718193660562,10.525697998512475
absolute_relative_error_percent,19.0822005248938,12.878526844452502
pearson_r,0.18541647857757682,0.19761607087867997
error_per_sample_ms,-15.262870890136327,24.17818164088594
absolute_error_per_sample_ms,21.119486768243785,19.274516178483456
absolute_relative_error_per_sample_percent,18.948625261254758,24.95898193555957
