metrics,mean,std
pep_reference_ms,137.87356451358494,20.14601560316418
pep_estimated_ms,158.23542996919153,21.340696247435993
error_ms,-20.84773086352044,14.192586578283272
absolute_error_ms,26.084060624103984,11.025412629817838
absolute_relative_error_percent,21.81027917167004,11.141132295482723
pearson_r,0.22693798449490826,0.19234355573440728
error_per_sample_ms,-20.05266538214515,32.39596937906656
absolute_error_per_sample_ms,25.34810533076429,28.444362834807528
absolute_relative_error_per_sample_percent,21.44270327730736,29.705840588437596
