metrics,mean,std
pep_reference_ms,137.87356451358494,20.14601560316418
pep_estimated_ms,123.15922619980904,30.548556745743145
error_ms,14.224732373156774,28.11648716528536
absolute_error_ms,31.207798632159776,18.751569707189677
absolute_relative_error_percent,23.42558365328726,12.986187997755616
pearson_r,0.03924062442713051,0.3072629040160023
error_per_sample_ms,13.914777295385111,39.23444696417202
absolute_error_per_sample_ms,31.017848528702363,27.764292326927208
absolute_relative_error_per_sample_percent,23.419192028942923,21.40966775832322
