metrics,mean,std
pep_reference_ms,137.87356451358494,20.14601560316418
pep_estimated_ms,129.7635574625242,42.73697249329684
error_ms,10.998679076114886,42.19163118008944
absolute_error_ms,52.4175395102097,23.65600869845833
absolute_relative_error_percent,40.12450357040941,19.372697306298306
pearson_r,0.2130890637143749,0.32697044230642863
error_per_sample_ms,3.7934520943668755,66.2858714250407
absolute_error_per_sample_ms,53.005777563793934,39.98242831828605
absolute_relative_error_per_sample_percent,41.3241254413009,33.62106213067533
