metrics,mean,std
pep_reference_ms,137.87356451358494,20.14601560316418
pep_estimated_ms,135.3089496972731,29.619582395175946
error_ms,2.192844410954816,17.49569266368326
absolute_error_ms,21.2861749361671,11.189100169349546
absolute_relative_error_percent,16.20936328851175,10.246120502134131
pearson_r,0.36763946558072164,0.211496609407058
error_per_sample_ms,1.7842190016103059,32.88282729131172
absolute_error_per_sample_ms,21.082125603864736,25.29837441692278
absolute_relative_error_per_sample_percent,16.14140001049052,21.037631428807575
