metrics,mean,std
pep_reference_ms,137.87356451358494,20.14601560316418
pep_estimated_ms,135.6615450587419,47.55931568359981
error_ms,4.182157377481645,46.86108482782638
absolute_error_ms,55.258446602933454,21.68296956271236
absolute_relative_error_percent,43.0139831952095,19.7938437139109
pearson_r,0.21747560452340425,0.2674075364066885
error_per_sample_ms,-4.275833158666946,66.19608613862252
absolute_error_per_sample_ms,55.213582058268706,36.76499592775058
absolute_relative_error_per_sample_percent,43.96468039710375,33.805776824814586
