metrics,mean,std
pep_reference_ms,137.87356451358494,20.14601560316418
pep_estimated_ms,153.46975307051528,21.052483295147045
error_ms,-16.08205396484418,14.694719448460908
absolute_error_ms,25.843409086418767,9.353616576273764
absolute_relative_error_percent,21.456804533095898,10.041190758216489
pearson_r,0.2050419485117783,0.19329830575366858
error_per_sample_ms,-15.323699421965317,32.791549417875984
absolute_error_per_sample_ms,25.24791265253693,25.935388639648504
absolute_relative_error_per_sample_percent,21.178846356405423,27.932499047765045
