metrics,mean,std
pep_reference_ms,137.87356451358494,20.14601560316418
pep_estimated_ms,106.8322039681225,17.12250179418616
error_ms,30.579781178109904,18.1870219407585
absolute_error_ms,37.68256215978096,11.916329331927606
absolute_relative_error_percent,27.513534046801446,7.4031231929174846
pearson_r,0.048928570887299565,0.24278869773148892
error_per_sample_ms,31.64983922829582,30.40758850814883
absolute_error_per_sample_ms,38.456913183279745,21.151822391263654
absolute_relative_error_per_sample_percent,28.15072531979737,15.883916594481803
