metrics,mean,std
pep_reference_ms,137.87356451358494,20.14601560316418
pep_estimated_ms,136.8211138518343,29.66762833494695
error_ms,0.6016467740946337,28.36360214065514
absolute_error_ms,33.588487738965995,12.675615487417266
absolute_relative_error_percent,26.063893851749377,10.73396488822908
pearson_r,0.037187413627326145,0.3078052698056737
error_per_sample_ms,-0.1757429718875502,39.56020826870422
absolute_error_per_sample_ms,33.51871485943775,21.01277511484689
absolute_relative_error_per_sample_percent,26.196379335523634,20.47908752115994
