metrics,mean,std
pep_reference_ms,137.87356451358494,20.14601560316418
pep_estimated_ms,134.57227793633442,47.89569922496482
error_ms,5.519747201534313,47.778248294160676
absolute_error_ms,55.78849872382726,22.041628357869286
absolute_relative_error_percent,43.23372225768936,19.863443960825403
pearson_r,0.22054325194355331,0.27116089633743334
error_per_sample_ms,-2.3762962962962964,67.27747949840452
absolute_error_per_sample_ms,55.95089947089947,37.435315948223725
absolute_relative_error_per_sample_percent,44.36051424327701,33.803487792529076
