metrics,mean,std
pep_reference_ms,137.87356451358494,20.14601560316418
pep_estimated_ms,160.15465010456722,14.914797247497217
error_ms,-22.7355356545048,9.375006570285976
absolute_error_ms,26.226459987668036,7.681642061420773
absolute_relative_error_percent,21.848988300547305,10.27277078715511
pearson_r,0.44846434970880983,0.2223319714391375
error_per_sample_ms,-23.11414352223471,20.133747061652624
absolute_error_per_sample_ms,26.159255097126344,15.978885263764173
absolute_relative_error_per_sample_percent,21.95619323886321,21.70360176513893
