metrics,mean,std
pep_reference_ms,137.87356451358494,20.14601560316418
pep_estimated_ms,147.2470438156821,29.90680790370067
error_ms,-9.82648390233141,28.283716707673804
absolute_error_ms,34.344561568281016,11.125452124504477
absolute_relative_error_percent,27.157355114172464,10.934569431763967
pearson_r,0.10762984790402043,0.291235069113606
error_per_sample_ms,-10.202824133504492,38.00736287338411
absolute_error_per_sample_ms,34.23299101412067,19.41029569881541
absolute_relative_error_per_sample_percent,27.281474255972018,21.949337377828922
