metrics,mean,std
pep_reference_ms,137.87356451358494,20.14601560316418
pep_estimated_ms,133.6345750856632,47.06249168269195
error_ms,6.473042430077535,47.16054998477391
absolute_error_ms,54.45436483040624,22.472719452339398
absolute_relative_error_percent,42.252742784135094,19.91245370714201
pearson_r,0.22224990864562924,0.2769963981679139
error_per_sample_ms,-1.4561366061899679,66.49986677364075
absolute_error_per_sample_ms,54.62582710779082,37.95222822862447
absolute_relative_error_per_sample_percent,43.32381088657731,33.87777022209139
