metrics,mean,std
pep_reference_ms,137.87356451358494,20.14601560316418
pep_estimated_ms,137.76318779078463,27.499813613643063
error_ms,-0.34242016602721453,22.38035490658256
absolute_error_ms,25.289762015520346,16.05851991405273
absolute_relative_error_percent,19.34049774278325,11.463378793005194
pearson_r,0.25269781851613626,0.2545324644486508
error_per_sample_ms,-0.36623334938212165,35.5974575636218
absolute_error_per_sample_ms,24.883004333172845,25.458774660524334
absolute_relative_error_per_sample_percent,19.229332317834626,21.106152975974236
