metrics,mean,std
pep_reference_ms,137.87356451358494,20.14601560316418
pep_estimated_ms,154.07144393491876,15.545482870880921
error_ms,-16.663910483394115,9.20869045555372
absolute_error_ms,20.013884325308933,7.467909573624954
absolute_relative_error_percent,17.146958834608263,9.315304760777192
pearson_r,0.41368947250987054,0.21400905694862696
error_per_sample_ms,-16.765650080256822,20.0624060445125
absolute_error_per_sample_ms,19.79550561797753,17.07996241907831
absolute_relative_error_per_sample_percent,17.147323387559698,21.284302422864638
