metrics,mean,std
pep_reference_ms,137.87356451358494,20.14601560316418
pep_estimated_ms,134.8320063986664,23.118821742512026
error_ms,3.1980399800252273,19.239879434045186
absolute_error_ms,25.818402432374544,11.820597302335447
absolute_relative_error_percent,20.689382707348297,10.000664115853839
pearson_r,0.2091977028190314,0.1960242356118976
error_per_sample_ms,1.6630548759175114,38.16630208423623
absolute_error_per_sample_ms,24.13421880461377,29.613710490185362
absolute_relative_error_per_sample_percent,19.529540923611584,25.718968844638027
