metrics,mean,std
pep_reference_ms,137.87356451358494,20.14601560316418
pep_estimated_ms,134.88940520072717,29.75994858455092
error_ms,2.34342302077894,17.01939791660726
absolute_error_ms,25.123412228380555,10.941632014186867
absolute_relative_error_percent,18.97552081551166,10.54730222003504
pearson_r,0.3739329682457967,0.21834863388151904
error_per_sample_ms,1.7816091954022988,35.804489953897765
absolute_error_per_sample_ms,25.160919540229884,25.535539157691304
absolute_relative_error_per_sample_percent,19.04223347915552,20.043161041099697
