metrics,mean,std
pep_reference_ms,137.87356451358494,20.14601560316418
pep_estimated_ms,118.25875687238816,29.025028158518094
error_ms,19.284826598464733,17.315434393987328
absolute_error_ms,25.263217105609183,14.74991175926499
absolute_relative_error_percent,18.804342580635563,12.422381449287956
pearson_r,0.3252213427108564,0.21550820114324318
error_per_sample_ms,18.681803224744982,36.86871536940995
absolute_error_per_sample_ms,24.66403422178348,33.166208113460165
absolute_relative_error_per_sample_percent,18.44234363630309,24.92340684598842
