metrics,mean,std
pep_reference_ms,137.87356451358494,20.14601560316418
pep_estimated_ms,142.5872751231865,27.427628631036388
error_ms,-5.166507498429083,22.12290166349412
absolute_error_ms,28.127075439609275,14.447767324471641
absolute_relative_error_percent,21.62221989407577,10.635070313648894
pearson_r,0.2570354299695072,0.26125850740950146
error_per_sample_ms,-5.062108810784785,35.66512466850496
absolute_error_per_sample_ms,27.733911089712727,22.988176067277184
absolute_relative_error_per_sample_percent,21.519401727342792,20.067399303463823
