metrics,mean,std
pep_reference_ms,137.87356451358494,20.14601560316418
pep_estimated_ms,138.27707057033047,20.867745036265088
error_ms,0.12431194501713035,20.050794860801904
absolute_error_ms,38.388589076347124,10.25481545187171
absolute_relative_error_percent,30.150513675210032,10.875868102222356
pearson_r,0.20715065592060114,0.18146962052572724
error_per_sample_ms,-1.6183680936699598,50.71969401635771
absolute_error_per_sample_ms,37.619099890230515,34.057448522289796
absolute_relative_error_per_sample_percent,29.711830166918705,29.435672817842363
