metrics,mean,std
pep_reference_ms,137.87356451358494,20.14601560316418
pep_estimated_ms,129.32125287668413,43.17076642649836
error_ms,11.38824708251352,43.29013043080686
absolute_error_ms,52.330874265530596,24.022976244959384
absolute_relative_error_percent,40.462317589819875,20.712842605590797
pearson_r,0.21281760312147688,0.3137091992069749
error_per_sample_ms,4.568128241395568,67.02068686902997
absolute_error_per_sample_ms,53.78547854785479,40.24627388224474
absolute_relative_error_per_sample_percent,42.421335644221756,34.19513184990926
