metrics,mean,std
pep_reference_ms,137.87356451358494,20.14601560316418
pep_estimated_ms,148.30051256721575,29.507593499061223
error_ms,-10.910737162305985,27.896249240942222
absolute_error_ms,34.293419892248316,10.543707669429576
absolute_relative_error_percent,27.199662972459528,10.877219877257547
pearson_r,0.1048458381448748,0.281377064321057
error_per_sample_ms,-11.12148932755577,37.8175837530777
absolute_error_per_sample_ms,34.35499919756058,19.328507338115763
absolute_relative_error_per_sample_percent,27.429039215657845,22.188822347207363
