metrics,mean,std
pep_reference_ms,137.87356451358494,20.14601560316418
pep_estimated_ms,124.18714745759996,28.094254177749306
error_ms,13.202853447360043,21.526652972945634
absolute_error_ms,23.5628848074527,18.293787052923086
absolute_relative_error_percent,17.3410458612374,12.469686094672563
pearson_r,0.25478094195860174,0.25399451743694224
error_per_sample_ms,13.517052767052768,34.49697866110833
absolute_error_per_sample_ms,22.954633204633204,29.083278128385096
absolute_relative_error_per_sample_percent,17.022445612798375,21.57444361108999
