metrics,mean,std
pep_reference_ms,137.87356451358494,20.14601560316418
pep_estimated_ms,147.3537587152857,26.74795145471061
error_ms,-9.421286522588511,21.341898302252016
absolute_error_ms,32.732592749378014,11.698602299121108
absolute_relative_error_percent,26.045514559946117,10.50352285675495
pearson_r,0.1849283940852336,0.19321150322211908
error_per_sample_ms,-10.894764306835972,40.95872567144353
absolute_error_per_sample_ms,31.18003130979301,28.707468461193205
absolute_relative_error_per_sample_percent,25.105660172821445,26.84272053755631
