metrics,mean,std
pep_reference_ms,137.87356451358494,20.14601560316418
pep_estimated_ms,150.82083281550214,7.826102042202053
error_ms,-13.400768227527875,14.461592145770329
absolute_error_ms,20.698474854860745,9.997704582683843
absolute_relative_error_percent,18.315784296934797,12.314679683510363
pearson_r,0.18033206866718116,0.1951117897902476
error_per_sample_ms,-13.370328789093826,24.233043611949242
absolute_error_per_sample_ms,20.32141138732959,18.789527238704444
absolute_relative_error_per_sample_percent,18.17085675576156,24.276983463573014
