metrics,mean,std
pep_reference_ms,137.87356451358494,20.14601560316418
pep_estimated_ms,135.56768806577915,20.4423736575048
error_ms,2.858535230293606,19.790736180093198
absolute_error_ms,35.57137723126902,10.733576580850611
absolute_relative_error_percent,28.02895871669613,10.747525219364306
pearson_r,0.21451596599580974,0.19115259936599724
error_per_sample_ms,1.174298375184638,49.31626199222586
absolute_error_per_sample_ms,34.69645494830133,35.0660617631966
absolute_relative_error_per_sample_percent,27.504553764037862,29.667072121736258
