metrics,mean,std
pep_reference_ms,137.87356451358494,20.14601560316418
pep_estimated_ms,107.27421050339606,4.354720974981041
error_ms,30.114385656230667,19.01915386691537
absolute_error_ms,33.757272469475055,15.730121730653096
absolute_relative_error_percent,23.296696332331475,7.616337285788946
pearson_r,-0.004822490481111017,0.1933675853124364
error_per_sample_ms,30.049446139027133,26.243046829922616
absolute_error_per_sample_ms,33.729651629475036,21.306743560057605
absolute_relative_error_per_sample_percent,23.420027149917303,13.932875900061672
