metrics,mean,std
pep_reference_ms,137.87356451358494,20.14601560316418
pep_estimated_ms,109.30955100374361,5.26670031011315
error_ms,28.079045155883133,18.347400239809197
absolute_error_ms,32.63772067686461,14.758154878452444
absolute_relative_error_percent,22.684283656595902,7.126499297130336
pearson_r,0.06575180340756555,0.17154881551263268
error_per_sample_ms,28.454326537164874,26.591594542052995
absolute_error_per_sample_ms,32.84026328463638,20.935107030256894
absolute_relative_error_per_sample_percent,22.93331260985431,14.355138882579581
