metrics,mean,std
pep_reference_ms,137.87356451358494,20.14601560316418
pep_estimated_ms,108.38611605414512,16.934199747468227
error_ms,29.025869092087284,17.856471584841856
absolute_error_ms,36.708859445927146,11.13840960778873
absolute_relative_error_percent,26.905182020944636,6.928575694506501
pearson_r,0.04633272069185843,0.2478404224599383
error_per_sample_ms,30.09807073954984,30.284121296627088
absolute_error_per_sample_ms,37.4524115755627,20.502164083979658
absolute_relative_error_per_sample_percent,27.51751228487992,15.794714585525716
