metrics,mean,std
pep_reference_ms,137.87356451358494,20.14601560316418
pep_estimated_ms,104.54782785984926,16.141612592250635
error_ms,32.91313527380454,16.980103951126953
absolute_error_ms,39.74106239731965,10.950643178776813
absolute_relative_error_percent,28.987376410917143,6.694523959804667
pearson_r,0.035879855224740555,0.24893543210681282
error_per_sample_ms,33.551696414214504,30.38660189602316
absolute_error_per_sample_ms,40.12381411802541,20.955702032648723
absolute_relative_error_per_sample_percent,29.370288979864593,15.565597461213315
