metrics,mean,std
pep_reference_ms,137.87356451358494,20.14601560316418
pep_estimated_ms,134.27260593981964,44.12887281390365
error_ms,5.717659234202679,42.87877129025548
absolute_error_ms,50.661371523333266,21.95218557807232
absolute_relative_error_percent,39.28976504163305,18.5804644907442
pearson_r,0.22502461124605025,0.29835512429761635
error_per_sample_ms,-2.9767032967032967,62.5137233822284
absolute_error_per_sample_ms,50.175824175824175,37.406056219590326
absolute_relative_error_per_sample_percent,39.663168374157,33.224240456422436
