metrics,mean,std
pep_reference_ms,137.87356451358494,20.14601560316418
pep_estimated_ms,132.00282660254612,25.753812178392497
error_ms,5.41517436345178,21.07279050658502
absolute_error_ms,26.831225684073615,16.09508478201981
absolute_relative_error_percent,20.0332771007918,11.417114914643879
pearson_r,0.21433622501927022,0.2610803846424111
error_per_sample_ms,5.147677968825326,38.0617816988139
absolute_error_per_sample_ms,26.59392575928009,27.7121079542642
absolute_relative_error_per_sample_percent,20.01129503004862,21.0162883860593
