metrics,mean,std
pep_reference_ms,137.87356451358494,20.14601560316418
pep_estimated_ms,150.7119875961397,7.81105954354655
error_ms,-13.291923008165421,14.460689333435475
absolute_error_ms,20.61592712508994,9.990467876779135
absolute_relative_error_percent,18.249808303613094,12.297243509448053
pearson_r,0.18541647857757682,0.19761607087867997
error_per_sample_ms,-13.262870890136327,24.17818164088594
absolute_error_per_sample_ms,20.2383319967923,18.732275080611867
absolute_relative_error_per_sample_percent,18.10635463798431,24.273849240384862
