metrics,mean,std
pep_reference_ms,137.87356451358494,20.14601560316418
pep_estimated_ms,140.5872751231865,27.427628631036388
error_ms,-3.1665074984290835,22.12290166349412
absolute_error_ms,27.160875926406753,15.065034591878659
absolute_relative_error_percent,20.812081276118324,10.935933713312055
pearson_r,0.2570354299695072,0.26125850740950146
error_per_sample_ms,-3.062108810784786,35.66512466850496
absolute_error_per_sample_ms,26.758465735836943,23.777345088405625
absolute_relative_error_per_sample_percent,20.70080808960703,20.21296480684493
