metrics,mean,std
pep_reference_ms,137.87356451358494,20.14601560316418
pep_estimated_ms,139.67202631403558,21.135434129430678
error_ms,-1.3054441896762305,20.180959534386986
absolute_error_ms,39.7810201735415,10.031783072363263
absolute_relative_error_percent,31.213247449945136,10.97210730212003
pearson_r,0.20999646273014874,0.17796479574474697
error_per_sample_ms,-3.0347841923146968,51.373891222741754
absolute_error_per_sample_ms,39.09378983791659,33.46882445752816
absolute_relative_error_per_sample_percent,30.84235645113706,29.30022474732408
