metrics,mean,std
pep_reference_ms,137.87356451358494,20.14601560316418
pep_estimated_ms,156.25330591909432,15.077964386646794
error_ms,-18.816433422416992,9.351587093038658
absolute_error_ms,22.541450196413713,7.570715030153231
absolute_relative_error_percent,18.982542213586946,9.786486746649233
pearson_r,0.4477105053464062,0.2225364248536486
error_per_sample_ms,-19.13872832369942,20.04165595611106
absolute_error_per_sample_ms,22.46820809248555,16.221544945666036
absolute_relative_error_per_sample_percent,19.085849928596016,21.065213083630702
