metrics,mean,std
pep_reference_ms,137.87356451358494,20.14601560316418
pep_estimated_ms,93.08922480249412,18.792695106089713
error_ms,44.371738331159655,17.82811717386512
absolute_error_ms,47.392741465032564,15.368288614290432
absolute_relative_error_percent,33.937123532162744,10.035291190602253
pearson_r,0.04688089350050773,0.23773110255433672
error_per_sample_ms,45.86493005306319,30.297083297747175
absolute_error_per_sample_ms,48.71361955298279,25.465434124912587
absolute_relative_error_per_sample_percent,34.98731957643854,17.325670507859403
