metrics,mean,std
pep_reference_ms,137.87356451358494,20.14601560316418
pep_estimated_ms,144.68133337717728,24.109925601606413
error_ms,-6.760069849045207,21.51383627768057
absolute_error_ms,31.31721639402797,11.999794258687864
absolute_relative_error_percent,25.29128411187375,11.698286900750952
pearson_r,0.18973431549930406,0.19600010127670228
error_per_sample_ms,-8.938649252448874,40.667072786671696
absolute_error_per_sample_ms,30.270149510225124,28.5907031764414
absolute_relative_error_per_sample_percent,24.725980871332315,26.995632788468683
