metrics,mean,std
pep_reference_ms,137.87356451358494,20.14601560316418
pep_estimated_ms,118.52766706333848,26.265019653314123
error_ms,18.867741738934985,20.089397492907334
absolute_error_ms,26.361876884827204,18.21674936574666
absolute_relative_error_percent,19.015655349064865,12.488080847976178
pearson_r,0.2156954763416557,0.26261455684542356
error_per_sample_ms,18.927269795194324,36.989013215301824
absolute_error_per_sample_ms,25.898403483309142,32.4915579429114
absolute_relative_error_per_sample_percent,18.789034604763533,23.086464089355783
