metrics,mean,std
pep_reference_ms,137.87356451358494,20.14601560316418
pep_estimated_ms,140.80132158958918,29.697934808048263
error_ms,-3.373863041037822,28.389377758543393
absolute_error_ms,34.56280224810459,11.408035085584752
absolute_relative_error_percent,27.0134176721695,10.605005452244875
pearson_r,0.03691542252675765,0.30810526809237204
error_per_sample_ms,-4.152264696434308,39.6003802321473
absolute_error_per_sample_ms,34.523610664953424,19.838138100502565
absolute_relative_error_per_sample_percent,27.172611505527968,20.838292992291368
