metrics,mean,std
pep_reference_ms,137.87356451358494,20.14601560316418
pep_estimated_ms,147.26500002260676,29.64850440245655
error_ms,-9.875224617696983,28.014897534672578
absolute_error_ms,34.022754732602614,10.572327824267779
absolute_relative_error_percent,26.948230893522187,10.689578159976724
pearson_r,0.09479308670077509,0.288741759072924
error_per_sample_ms,-10.038517091959557,37.811055734909935
absolute_error_per_sample_ms,34.00770341839191,19.337111195851488
absolute_relative_error_per_sample_percent,27.12258394729985,22.01495928809812
