metrics,mean,std
pep_reference_ms,137.87356451358494,20.14601560316418
pep_estimated_ms,135.96486079171953,25.793362124422497
error_ms,1.4537576514900965,21.105339386105136
absolute_error_ms,28.446309250309465,14.80850514125892
absolute_relative_error_percent,21.41810181608457,10.740474563966004
pearson_r,0.21402111427927387,0.26115915888047886
error_per_sample_ms,1.189718875502008,38.12800453262463
absolute_error_per_sample_ms,28.242570281124497,25.642101796816764
absolute_relative_error_per_sample_percent,21.419411849932395,20.149377453339333
