metrics,mean,std
pep_reference_ms,137.87356451358494,20.14601560316418
pep_estimated_ms,136.9604198077694,20.622943434370182
error_ms,1.4418051737788653,19.963047022694525
absolute_error_ms,36.91153339551766,10.608256856766333
absolute_relative_error_percent,29.04666796487115,10.85638869657775
pearson_r,0.21242179640493966,0.18535899330087294
error_per_sample_ms,-0.277992277992278,49.9432803415368
absolute_error_per_sample_ms,36.09339952197095,34.520646603552294
absolute_relative_error_per_sample_percent,28.564958787081896,29.53733368052669
