metrics,mean,std
pep_reference_ms,137.87356451358494,20.14601560316418
pep_estimated_ms,158.15465010456722,14.914797247497217
error_ms,-20.7355356545048,9.375006570285976
absolute_error_ms,24.404725271423704,7.696919247797379
absolute_relative_error_percent,20.434252329410715,10.044246245735248
pearson_r,0.44846434970880983,0.2223319714391375
error_per_sample_ms,-21.11414352223471,20.133747061652624
absolute_error_per_sample_ms,24.320436667201797,16.11493678972269
absolute_relative_error_per_sample_percent,20.526301329282663,21.38967944115334
