metrics,mean,std
pep_reference_ms,137.87356451358494,20.14601560316418
pep_estimated_ms,149.6738942691331,25.175627787713022
error_ms,-11.717320254861647,22.221451745464897
absolute_error_ms,36.58720549655313,11.65648219501995
absolute_relative_error_percent,29.23991031708659,12.311654056454495
pearson_r,0.19539083582547137,0.18168621818245745
error_per_sample_ms,-13.702513250128227,42.93283484613291
absolute_error_per_sample_ms,35.72542314925629,27.471463705122222
absolute_relative_error_per_sample_percent,28.824096691037923,27.271004818335907
