metrics,mean,std
pep_reference_ms,137.87356451358494,20.14601560316418
pep_estimated_ms,128.03871740504238,25.719183501868013
error_ms,9.37861707703847,21.025212902360163
absolute_error_ms,25.884383290175272,17.060209336426716
absolute_relative_error_percent,19.137337922668948,11.912197012218769
pearson_r,0.21446101673824242,0.2611798806930041
error_per_sample_ms,9.103038096769009,37.9862219046074
absolute_error_per_sample_ms,25.580774795049027,29.52020186350844
absolute_relative_error_per_sample_percent,19.071149367984955,21.804662057606954
