metrics,mean,std
pep_reference_ms,137.87356451358494,20.14601560316418
pep_estimated_ms,136.5872751231865,27.427628631036388
error_ms,0.8334925015709166,22.12290166349412
absolute_error_ms,25.358714225116216,16.31479745609
absolute_relative_error_percent,19.288937807195424,11.576777160158503
pearson_r,0.2570354299695072,0.26125850740950146
error_per_sample_ms,0.9378911892152143,35.66512466850496
absolute_error_per_sample_ms,24.94045899534585,25.51184553505059
absolute_relative_error_per_sample_percent,19.162638223825155,20.673216763508446
