metrics,mean,std
pep_reference_ms,137.87356451358494,20.14601560316418
pep_estimated_ms,152.82083281550214,7.826102042202053
error_ms,-15.400768227527875,14.461592145770329
absolute_error_ms,21.57188669247874,10.532163378554873
absolute_relative_error_percent,19.150831174006793,12.895060539129629
pearson_r,0.18033206866718116,0.1951117897902476
error_per_sample_ms,-15.370328789093826,24.233043611949242
absolute_error_per_sample_ms,21.207056936647955,19.332566975682564
absolute_relative_error_per_sample_percent,19.01568989914736,24.962319173467026
