metrics,mean,std
pep_reference_ms,137.87356451358494,20.14601560316418
pep_estimated_ms,149.74360203412428,7.831072315085649
error_ms,-12.326229414239103,14.744199797889808
absolute_error_ms,19.882524440463282,9.52376767602827
absolute_relative_error_percent,17.63724857156976,11.966721284278128
pearson_r,0.19484142197987628,0.20294205251344244
error_per_sample_ms,-12.508262473929086,23.186538470790225
absolute_error_per_sample_ms,19.643189475373013,17.556118694310896
absolute_relative_error_per_sample_percent,17.595731935715662,23.20516598573628
