metrics,mean,std
pep_reference_ms,137.87356451358494,20.14601560316418
pep_estimated_ms,132.62339054383187,27.389109505266482
error_ms,4.7967105970084605,22.069716554343643
absolute_error_ms,24.160861456662733,17.257127250266652
absolute_relative_error_percent,18.204958189776928,12.035902670655956
pearson_r,0.25714116813346755,0.26139306808829454
error_per_sample_ms,4.89195697543747,35.57842627161517
absolute_error_per_sample_ms,23.709744742334244,26.974129518255854
absolute_relative_error_per_sample_percent,18.05226527348951,21.04794880290843
