metrics,mean,std
pep_reference_ms,137.87356451358494,20.14601560316418
pep_estimated_ms,130.00282660254612,25.753812178392497
error_ms,7.415174363451778,21.072790506585015
absolute_error_ms,26.248814341814565,16.663513062616353
absolute_relative_error_percent,19.506507663060347,11.718796789818777
pearson_r,0.21433622501927022,0.2610803846424111
error_per_sample_ms,7.147677968825326,38.0617816988139
absolute_error_per_sample_ms,25.985537522095452,28.714810919140053
absolute_relative_error_per_sample_percent,19.46722786964255,21.464043026218565
