metrics,mean,std
pep_reference_ms,137.87356451358494,20.14601560316418
pep_estimated_ms,142.96357106450182,23.73819042562724
error_ms,-4.972400588175204,21.065233538483984
absolute_error_ms,31.118183919865036,12.18993479945901
absolute_relative_error_percent,25.03245635041355,11.77698644235122
pearson_r,0.2023938872803689,0.187243553161063
error_per_sample_ms,-6.968243010010355,41.047679653736694
absolute_error_per_sample_ms,29.972730410769763,28.898163390182162
absolute_relative_error_per_sample_percent,24.371968497915624,26.959507327432075
