metrics,mean,std
pep_reference_ms,137.87356451358494,20.14601560316418
pep_estimated_ms,138.5872751231865,27.427628631036388
error_ms,-1.1665074984290837,22.12290166349412
absolute_error_ms,26.22815198267089,15.691968488510827
absolute_relative_error_percent,20.026301596954678,11.253107137971252
pearson_r,0.2570354299695072,0.26125850740950146
error_per_sample_ms,-1.0621088107847858,35.66512466850496
absolute_error_per_sample_ms,25.817043813192104,24.629442573750364
absolute_relative_error_per_sample_percent,19.907007585259834,20.42220019226205
