metrics,mean,std
pep_reference_ms,137.87356451358494,20.14601560316418
pep_estimated_ms,123.64977655228918,30.008577700592074
error_ms,13.760313295324707,17.809084758522417
absolute_error_ms,21.716239560379975,14.594786894690591
absolute_relative_error_percent,16.39313516578308,12.213486537210105
pearson_r,0.3487040451100027,0.20924693538110298
error_per_sample_ms,13.569435431537963,33.17930874044427
absolute_error_per_sample_ms,21.22485399091499,28.887742720550868
absolute_relative_error_per_sample_percent,16.111959620730417,22.42094426787348
