metrics,mean,std
pep_reference_ms,137.87356451358494,20.14601560316418
pep_estimated_ms,100.54782785984925,16.14161259225063
error_ms,36.91313527380454,16.980103951126953
absolute_error_ms,42.50512487361786,11.956900940540613
absolute_relative_error_percent,30.798833475820008,7.295988749146697
pearson_r,0.035879855224740555,0.24893543210681282
error_per_sample_ms,37.551696414214504,30.38660189602316
absolute_error_per_sample_ms,42.946776009004665,22.114472835794892
absolute_relative_error_per_sample_percent,31.22946426990088,15.726512495754692
