metrics,mean,std
pep_reference_ms,137.87356451358494,20.14601560316418
pep_estimated_ms,162.25187591050246,15.230359514731877
error_ms,-24.83131599715177,9.347660797061945
absolute_error_ms,27.714271242197213,8.008415082869266
absolute_relative_error_percent,23.12890818757834,10.361320159530587
pearson_r,0.3995187957087635,0.2109230742309758
error_per_sample_ms,-25.099807445442874,20.579544163084744
absolute_error_per_sample_ms,27.496469833119384,17.247090145152622
absolute_relative_error_per_sample_percent,23.153106684994043,22.873772861405737
