metrics,mean,std
pep_reference_ms,137.87356451358494,20.14601560316418
pep_estimated_ms,146.84228348051914,7.795155031553073
error_ms,-9.421919892647992,14.423857729914308
absolute_error_ms,19.406600728651984,8.88650812827956
absolute_relative_error_percent,16.948724210092802,11.080082981731072
pearson_r,0.18043338548904517,0.19507392401112011
error_per_sample_ms,-9.396214308630093,24.14863924645684
absolute_error_per_sample_ms,19.024061597690086,17.593484621203206
absolute_relative_error_per_sample_percent,16.798863996633774,22.812353001727423
