metrics,mean,std
pep_reference_ms,137.87356451358494,20.14601560316418
pep_estimated_ms,131.36362199970685,29.46592195953395
error_ms,6.143083810186859,17.32370827867989
absolute_error_ms,20.673659588599833,11.95814658222818
absolute_relative_error_percent,15.715529712163816,10.618626682268347
pearson_r,0.3676315488867957,0.2111754571885722
error_per_sample_ms,5.665968079961309,32.70119801693779
absolute_error_per_sample_ms,20.323391907141705,26.23797414845215
absolute_relative_error_per_sample_percent,15.531934060147941,21.40243360180577
