metrics,mean,std
pep_reference_ms,137.87356451358494,20.14601560316418
pep_estimated_ms,121.34301464403417,32.00732978378385
error_ms,16.218935096721633,18.8271887120407
absolute_error_ms,24.589737668883927,14.722984901820228
absolute_relative_error_percent,18.19938571845896,12.257784322220674
pearson_r,0.31246320883871387,0.2016724649168
error_per_sample_ms,16.30697050938338,37.623125905306296
absolute_error_per_sample_ms,23.614611260053618,33.522634519336
absolute_relative_error_per_sample_percent,17.53600245510509,25.256913337751254
