metrics,mean,std
pep_reference_ms,137.87356451358494,20.14601560316418
pep_estimated_ms,137.96486079171953,25.793362124422497
error_ms,-0.5462423485099029,21.105339386105136
absolute_error_ms,29.295197577567333,14.154020082348346
absolute_relative_error_percent,22.14291020334287,10.410121533055976
pearson_r,0.21402111427927387,0.26115915888047886
error_per_sample_ms,-0.810281124497992,38.12800453262463
absolute_error_per_sample_ms,29.10586345381526,24.642443015018284
absolute_relative_error_per_sample_percent,22.154825522652583,19.778937616795748
