metrics,mean,std
pep_reference_ms,137.87356451358494,20.14601560316418
pep_estimated_ms,121.82803273414441,29.316488024087086
error_ms,15.647361439192684,17.352489832917577
absolute_error_ms,24.39291833766334,14.131112523082686
absolute_relative_error_percent,18.347334232140486,12.208629168870676
pearson_r,0.32655802120271876,0.2180363872453941
error_per_sample_ms,15.08992628992629,37.33109190314274
absolute_error_per_sample_ms,23.95806715806716,32.36243680821705
absolute_relative_error_per_sample_percent,18.10173351318951,24.499400658472695
