metrics,mean,std
pep_reference_ms,137.87356451358494,20.14601560316418
pep_estimated_ms,138.39700777528714,30.032129905252816
error_ms,-0.981064481767864,28.52088608987032
absolute_error_ms,31.86242127306973,13.4338134662021
absolute_relative_error_percent,24.834960878167834,10.968647479621312
pearson_r,0.10213643020935254,0.30344932199862173
error_per_sample_ms,-1.3140747873535548,38.07108108309619
absolute_error_per_sample_ms,31.691221312790884,21.137655950605104
absolute_relative_error_per_sample_percent,24.905220804305483,20.68911444919543
