metrics,mean,std
pep_reference_ms,137.87356451358494,20.14601560316418
pep_estimated_ms,135.76318779078463,27.499813613643063
error_ms,1.6575798339727856,22.38035490658256
absolute_error_ms,24.53197492664423,16.607490910044476
absolute_relative_error_percent,18.683378505258293,11.724161806292454
pearson_r,0.25269781851613626,0.2545324644486508
error_per_sample_ms,1.6337666506178783,35.5974575636218
absolute_error_per_sample_ms,24.109131760552078,26.241149826462735
absolute_relative_error_per_sample_percent,18.55858800823592,21.29495808647362
