metrics,mean,std
pep_reference_ms,137.87356451358494,20.14601560316418
pep_estimated_ms,105.24961654078851,20.939403843794445
error_ms,32.17597598346155,18.240793885674638
absolute_error_ms,39.26087320987233,12.521880190551945
absolute_relative_error_percent,28.67734224601752,8.471373677333588
pearson_r,0.04734194821593843,0.24320616492188837
error_per_sample_ms,34.136995259113945,31.25383010165359
absolute_error_per_sample_ms,40.532940984142556,22.343165320066287
absolute_relative_error_per_sample_percent,29.660314441806232,16.487189006212702
