metrics,mean,std
pep_reference_ms,137.87356451358494,20.14601560316418
pep_estimated_ms,116.43170968328187,28.5427586596177
error_ms,20.81286161035928,14.498567106352848
absolute_error_ms,24.464034645781318,13.534770352024573
absolute_relative_error_percent,18.41642064099026,11.849854437065488
pearson_r,0.3869771373246673,0.21802433864479476
error_per_sample_ms,20.17823106503929,32.76637778892512
absolute_error_per_sample_ms,23.642534693195117,30.361605286969716
absolute_relative_error_per_sample_percent,17.764352594888475,22.82568574703163
