metrics,mean,std
pep_reference_ms,137.87356451358494,20.14601560316418
pep_estimated_ms,152.23542996919153,21.340696247435993
error_ms,-14.847730863520438,14.192586578283272
absolute_error_ms,24.987777378706763,9.017540702728933
absolute_relative_error_percent,20.674153956329846,9.417075445287157
pearson_r,0.22693798449490826,0.19234355573440728
error_per_sample_ms,-14.05266538214515,32.39596937906656
absolute_error_per_sample_ms,24.369299935773924,25.556084539542592
absolute_relative_error_per_sample_percent,20.363992971622366,27.222897717144054
