metrics,mean,std
pep_reference_ms,137.87356451358494,20.14601560316418
pep_estimated_ms,110.52922363796984,16.147413531868178
error_ms,26.932794306279522,17.002770277626798
absolute_error_ms,35.7228821769083,9.51543002079276
absolute_relative_error_percent,26.369399164098873,6.015278163766555
pearson_r,0.03547942686012492,0.24877378616060092
error_per_sample_ms,27.57266881028939,30.429139005145927
absolute_error_per_sample_ms,36.015755627009646,19.724348215642557
absolute_relative_error_per_sample_percent,26.67916953719333,15.976776610991282
