metrics,mean,std
pep_reference_ms,137.87356451358494,20.14601560316418
pep_estimated_ms,136.4908313498203,23.36743768731918
error_ms,1.4423566300414077,19.458512447908006
absolute_error_ms,25.62636935825052,11.595181791555369
absolute_relative_error_percent,20.666146866527132,9.903949269286672
pearson_r,0.2016377652598759,0.20419258055145717
error_per_sample_ms,-0.22496522948539638,37.717678126026534
absolute_error_per_sample_ms,24.029554937413074,29.07325819516734
absolute_relative_error_per_sample_percent,19.5981870640175,25.587371928327013
