metrics,mean,std
pep_reference_ms,137.87356451358494,20.14601560316418
pep_estimated_ms,134.86060851878528,48.344268729286675
error_ms,5.168472050771174,48.23536940684556
absolute_error_ms,57.625515958528744,21.180241237222752
absolute_relative_error_percent,44.54959679497346,19.49222337935092
pearson_r,0.2250828541859569,0.2655371848355116
error_per_sample_ms,-3.159572237366324,68.18787886708606
absolute_error_per_sample_ms,57.37219542881107,36.9864963573714
absolute_relative_error_per_sample_percent,45.441367776516884,33.730102326229556
