metrics,mean,std
pep_reference_ms,137.87356451358494,20.14601560316418
pep_estimated_ms,128.26685839315684,33.1282020489129
error_ms,9.169100551511935,19.73950071986595
absolute_error_ms,21.057868935671944,14.500254994895592
absolute_relative_error_percent,15.839360171324127,11.916151338681136
pearson_r,0.3208328937271625,0.19630120770151874
error_per_sample_ms,9.593662320514936,33.69316710053268
absolute_error_per_sample_ms,19.99933982505364,28.76272366356339
absolute_relative_error_per_sample_percent,15.127769803672104,22.60196467839107
