metrics,mean,std
pep_reference_ms,137.87356451358494,20.14601560316418
pep_estimated_ms,136.14696848762165,48.08523008198835
error_ms,3.6717782858824974,47.361552807620974
absolute_error_ms,56.97652712986109,21.00441336041811
absolute_relative_error_percent,44.226088848603524,19.567604763532728
pearson_r,0.21877159417177955,0.25936932927264406
error_per_sample_ms,-5.104508622480782,67.12292996762574
absolute_error_per_sample_ms,56.647413255765635,36.367764670739355
absolute_relative_error_per_sample_percent,45.04574764016628,33.75197882872705
