metrics,mean,std
pep_reference_ms,137.87356451358494,20.14601560316418
pep_estimated_ms,112.36751183226573,16.941748068629114
error_ms,25.045528124562264,17.880102014173392
absolute_error_ms,34.157058336251055,10.095610409792517
absolute_relative_error_percent,25.271491093738586,6.455031797273824
pearson_r,0.045932292327242795,0.24769496073849495
error_per_sample_ms,26.11927342870921,30.327822279718198
absolute_error_per_sample_ms,34.82912714997589,19.721185325549254
absolute_relative_error_per_sample_percent,25.825464658233045,16.13446395735634
