metrics,mean,std
pep_reference_ms,137.87356451358494,20.14601560316418
pep_estimated_ms,136.76597384598378,30.730389841624127
error_ms,0.6673909602944151,23.433040205546686
absolute_error_ms,24.94864288217299,17.842592891534213
absolute_relative_error_percent,18.727470629906616,12.361817051214647
pearson_r,0.23764279536300364,0.24326626188530917
error_per_sample_ms,1.497307001795332,36.55548558407929
absolute_error_per_sample_ms,23.883466623143462,27.715076702160626
absolute_relative_error_per_sample_percent,18.147314037681134,22.25364769686954
