metrics,mean,std
pep_reference_ms,137.87356451358494,20.14601560316418
pep_estimated_ms,125.11405539367075,29.8120643551805
error_ms,12.310146778410891,17.709340921049535
absolute_error_ms,21.127846829701976,14.157350976211513
absolute_relative_error_percent,16.017705501574067,11.916217114452268
pearson_r,0.34331296309353543,0.2088385175236262
error_per_sample_ms,11.992217898832685,32.59775189202866
absolute_error_per_sample_ms,20.636835278858626,27.938284632750758
absolute_relative_error_per_sample_percent,15.734789574066822,21.983640395010095
