metrics,mean,std
pep_reference_ms,137.87356451358494,20.14601560316418
pep_estimated_ms,142.84228348051914,7.795155031553073
error_ms,-5.421919892647993,14.423857729914308
absolute_error_ms,18.751719488050625,7.907912731783368
absolute_relative_error_percent,16.015543103329005,9.807613970318632
pearson_r,0.18043338548904517,0.19507392401112011
error_per_sample_ms,-5.396214308630093,24.14863924645684
absolute_error_per_sample_ms,18.38177735001604,16.564605874412372
absolute_relative_error_per_sample_percent,15.873283621451856,21.330091984877114
