metrics,mean,std
pep_reference_ms,137.87356451358494,20.14601560316418
pep_estimated_ms,156.44283332623937,15.51391138712128
error_ms,-19.03529987471471,9.208432524995676
absolute_error_ms,22.0439913696363,7.507459637718892
absolute_relative_error_percent,18.759255539116797,9.597440637720279
pearson_r,0.40136665409875855,0.2096140941411117
error_per_sample_ms,-19.164365971107543,20.248146336281533
absolute_error_per_sample_ms,21.86741573033708,17.29382787027275
absolute_relative_error_per_sample_percent,18.794647332405443,21.85975729174444
