metrics,mean,std
pep_reference_ms,137.87356451358494,20.14601560316418
pep_estimated_ms,132.94263803371737,9.545386092388755
error_ms,4.477921879633314,13.15871608979006
absolute_error_ms,18.79529089876616,6.900879159677908
absolute_relative_error_percent,14.793469801026946,6.1228378035159245
pearson_r,0.17987744099425237,0.1964987839142526
error_per_sample_ms,4.888960205391528,23.393914129590467
absolute_error_per_sample_ms,18.621951219512194,14.979989418242685
absolute_relative_error_per_sample_percent,14.7566014040531,17.257193566153664
