metrics,mean,std
pep_reference_ms,137.87356451358494,20.14601560316418
pep_estimated_ms,139.76318779078463,27.499813613643063
error_ms,-2.3424201660272144,22.38035490658256
absolute_error_ms,26.215023615853564,15.439399778733105
absolute_relative_error_percent,20.118321232145373,11.158875418125788
pearson_r,0.25269781851613626,0.2545324644486508
error_per_sample_ms,-2.3662333493821217,35.5974575636218
absolute_error_per_sample_ms,25.82250040121971,24.61659030586062
absolute_relative_error_per_sample_percent,20.0195312138263,20.898835957853745
