metrics,mean,std
pep_reference_ms,137.87356451358494,20.14601560316418
pep_estimated_ms,142.5412466137981,16.331989478749115
error_ms,-5.124208462974326,7.4948600988270995
absolute_error_ms,12.013135487273665,5.583821120559566
absolute_relative_error_percent,10.345783258273089,6.142929491209168
pearson_r,0.44924044737320323,0.2263802731998421
error_per_sample_ms,-4.970446514616126,19.031668209106233
absolute_error_per_sample_ms,11.605203983295857,15.881718228272986
absolute_relative_error_per_sample_percent,10.148497802738785,17.786579771484114
