metrics,mean,std
pep_reference_ms,137.87356451358494,20.14601560316418
pep_estimated_ms,144.63663974229226,23.91637420927121
error_ms,-6.666004625867869,21.280766550446092
absolute_error_ms,32.393332811375764,12.160091291506713
absolute_relative_error_percent,26.021204196886895,11.961092930502485
pearson_r,0.20335035658790904,0.1844355027844439
error_per_sample_ms,-8.67504735663854,41.47423178197444
absolute_error_per_sample_ms,31.335973824694335,28.52060821586614
absolute_relative_error_per_sample_percent,25.43130525756755,27.030325357271572
