metrics,mean,std
pep_reference_ms,137.87356451358494,20.14601560316418
pep_estimated_ms,134.0491646752531,45.56952418098656
error_ms,5.8767432945755145,45.067081666948795
absolute_error_ms,52.34353291320759,22.179108789771774
absolute_relative_error_percent,40.85131470420335,19.820628644008345
pearson_r,0.22764507111785937,0.28211009709044094
error_per_sample_ms,-2.8031630690318443,64.23675505151483
absolute_error_per_sample_ms,52.30006411626416,37.402161918458134
absolute_relative_error_per_sample_percent,41.69803706282542,33.76334636160685
