metrics,mean,std
pep_reference_ms,137.87356451358494,20.14601560316418
pep_estimated_ms,145.65804990120347,14.036130056798301
error_ms,-8.22410750606871,14.321427605827425
absolute_error_ms,19.56934579218388,8.595901700711057
absolute_relative_error_percent,16.58517498476839,9.139969239464387
pearson_r,0.16791592725246843,0.18912285364281192
error_per_sample_ms,-7.320828576088729,24.817704080939883
absolute_error_per_sample_ms,18.774098841950742,17.805790618847603
absolute_relative_error_per_sample_percent,16.124545643822312,21.75678664795712
