metrics,mean,std
pep_reference_ms,137.87356451358494,20.14601560316418
pep_estimated_ms,159.35675362545425,20.835468560711607
error_ms,-21.93457893709724,14.574544613619878
absolute_error_ms,27.200828499857987,11.651146785737476
absolute_relative_error_percent,22.770334707646313,11.898799192459395
pearson_r,0.20022214900757154,0.18713800323306914
error_per_sample_ms,-21.284315299406003,32.935898272614956
absolute_error_per_sample_ms,26.42735591587735,28.972233812464516
absolute_relative_error_per_sample_percent,22.41328875591612,30.45961690271637
