metrics,mean,std
pep_reference_ms,137.87356451358494,20.14601560316418
pep_estimated_ms,142.30051256721575,29.507593499061223
error_ms,-4.910737162305984,27.896249240942222
absolute_error_ms,32.20679611397962,11.838681453066986
absolute_relative_error_percent,25.328495612333505,10.62728855701567
pearson_r,0.1048458381448748,0.281377064321057
error_per_sample_ms,-5.12148932755577,37.8175837530777
absolute_error_per_sample_ms,32.24971914620446,20.40477661833737
absolute_relative_error_per_sample_percent,25.535668540275093,21.28578136986924
