metrics,mean,std
pep_reference_ms,137.87356451358494,20.14601560316418
pep_estimated_ms,144.7334227956448,7.780101747250466
error_ms,-7.313059207773629,14.42299435850043
absolute_error_ms,18.932948222801215,8.359818543502284
absolute_relative_error_percent,16.370489540059022,10.422747619160406
pearson_r,0.18554157921326492,0.19757382612013977
error_per_sample_ms,-7.28873917228104,24.09369167278328
absolute_error_per_sample_ms,18.555983317292267,17.00903231442228
absolute_relative_error_per_sample_percent,16.225540698970203,22.072335197801593
