metrics,mean,std
pep_reference_ms,137.87356451358494,20.14601560316418
pep_estimated_ms,132.4735116872303,44.458522641344594
error_ms,7.721780555255139,44.646969434143884
absolute_error_ms,51.15129992645956,22.68869519695001
absolute_relative_error_percent,39.808351345629006,19.855408770511414
pearson_r,0.2339550787441215,0.2911831019180423
error_per_sample_ms,-0.10675381263616558,64.45735225245377
absolute_error_per_sample_ms,51.75816993464052,38.416838766227166
absolute_relative_error_per_sample_percent,41.084296174471945,33.786406959175416
