metrics,mean,std
pep_reference_ms,137.87356451358494,20.14601560316418
pep_estimated_ms,127.05460437929054,29.807524981739732
error_ms,10.361652195355608,17.45912006885523
absolute_error_ms,25.82459775311169,13.032717325143752
absolute_relative_error_percent,19.60355922151623,11.789934414092803
pearson_r,0.3192542946372634,0.2207466839663719
error_per_sample_ms,9.86640663091175,38.26861994200549
absolute_error_per_sample_ms,25.61612221680481,30.09397837850421
absolute_relative_error_per_sample_percent,19.541715673050838,23.1657260795149
