metrics,mean,std
pep_reference_ms,137.87356451358494,20.14601560316418
pep_estimated_ms,147.11168327652484,19.8993177613797
error_ms,-9.7180034934857,13.680970020649259
absolute_error_ms,24.30394536374244,7.663123505138702
absolute_relative_error_percent,19.948737820930955,8.5044470707896
pearson_r,0.2808203838859702,0.20177838711537885
error_per_sample_ms,-9.584966270478638,32.66947350864876
absolute_error_per_sample_ms,23.939608095085127,24.208701782463482
absolute_relative_error_per_sample_percent,19.80744122747152,25.873834440519715
