metrics,mean,std
pep_reference_ms,137.87356451358494,20.14601560316418
pep_estimated_ms,102.8322039681225,17.12250179418616
error_ms,34.579781178109904,18.1870219407585
absolute_error_ms,40.35723390788603,13.002114118534015
absolute_relative_error_percent,29.2421243711874,8.057741080592697
pearson_r,0.048928570887299565,0.24278869773148892
error_per_sample_ms,35.64983922829582,30.40758850814883
absolute_error_per_sample_ms,41.19710610932476,22.323326904860778
absolute_relative_error_per_sample_percent,29.932931987703732,16.036979344997693
