metrics,mean,std
pep_reference_ms,137.87356451358494,20.14601560316418
pep_estimated_ms,150.23542996919153,21.340696247435993
error_ms,-12.847730863520438,14.192586578283272
absolute_error_ms,25.008264685825427,8.36651340638034
absolute_relative_error_percent,20.57395444282423,8.873063252433363
pearson_r,0.22693798449490826,0.19234355573440728
error_per_sample_ms,-12.05266538214515,32.39596937906656
absolute_error_per_sample_ms,24.436737315350033,24.44609261628446
absolute_relative_error_per_sample_percent,20.289872204438627,26.303662170616384
