metrics,mean,std
pep_reference_ms,137.87356451358494,20.14601560316418
pep_estimated_ms,128.82454174844443,42.170955854711785
error_ms,12.069376743285847,42.50113434817972
absolute_error_ms,51.21928607238149,23.9075654850545
absolute_relative_error_percent,39.508258631312486,20.481417758982836
pearson_r,0.20928061165826473,0.3126003818647178
error_per_sample_ms,4.907743785850861,65.8978517224947
absolute_error_per_sample_ms,52.34751434034417,40.32803681181268
absolute_relative_error_per_sample_percent,41.245031954480005,34.06702479904796
