metrics,mean,std
pep_reference_ms,137.87356451358494,20.14601560316418
pep_estimated_ms,144.30051256721575,29.507593499061223
error_ms,-6.910737162305984,27.896249240942222
absolute_error_ms,32.87676217592131,11.294448274792092
absolute_relative_error_percent,25.93347367253159,10.633663045646623
pearson_r,0.1048458381448748,0.281377064321057
error_per_sample_ms,-7.12148932755577,37.8175837530777
absolute_error_per_sample_ms,32.92601508586102,19.91890513379663
absolute_relative_error_per_sample_percent,26.148262452341392,21.516760309882176
