metrics,mean,std
pep_reference_ms,137.87356451358494,20.14601560316418
pep_estimated_ms,127.39133617078461,30.160443026221746
error_ms,10.040748494829728,17.914786261246423
absolute_error_ms,21.067904332525874,14.150136705884833
absolute_relative_error_percent,16.029737725045294,11.945344008913425
pearson_r,0.3455986148471087,0.2106510376348349
error_per_sample_ms,9.809970864357398,33.56640115935865
absolute_error_per_sample_ms,20.614762058918743,28.248369871635045
absolute_relative_error_per_sample_percent,15.804870290780332,22.080434583197935
