metrics,mean,std
pep_reference_ms,137.87356451358494,20.14601560316418
pep_estimated_ms,151.46975307051528,21.052483295147045
error_ms,-14.082053964844183,14.694719448460907
absolute_error_ms,25.79556505249297,8.653297301912668
absolute_relative_error_percent,21.29838247428445,9.444405402354015
pearson_r,0.2050419485117783,0.19329830575366858
error_per_sample_ms,-13.323699421965317,32.791549417875984
absolute_error_per_sample_ms,25.245343609505458,24.808855385726357
absolute_relative_error_per_sample_percent,21.044307647363425,27.002994442039615
