metrics,mean,std
pep_reference_ms,137.87356451358494,20.14601560316418
pep_estimated_ms,133.09870413989879,30.610724733230096
error_ms,4.316512973835585,18.213077226422516
absolute_error_ms,22.5476435202022,12.990552287987047
absolute_relative_error_percent,17.302561332649965,11.405698021966227
pearson_r,0.34419173581277956,0.2094299864037965
error_per_sample_ms,4.215379655005642,34.142734252513726
absolute_error_per_sample_ms,22.291149443817506,26.20306059121728
absolute_relative_error_per_sample_percent,17.24172311859199,21.02435849707431
