metrics,mean,std
pep_reference_ms,137.87356451358494,20.14601560316418
pep_estimated_ms,133.96486079171953,25.793362124422497
error_ms,3.453757651490097,21.105339386105136
absolute_error_ms,27.62402031588472,15.471923714253183
absolute_relative_error_percent,20.713727113676505,11.087589309461093
pearson_r,0.21402111427927387,0.26115915888047886
error_per_sample_ms,3.189718875502008,38.12800453262463
absolute_error_per_sample_ms,27.40562248995984,26.69926763194799
absolute_relative_error_per_sample_percent,20.70433432270127,20.587133614481864
