metrics,mean,std
pep_reference_ms,137.87356451358494,20.14601560316418
pep_estimated_ms,132.39917469944922,29.68399428718237
error_ms,5.10818937771389,17.35826222996267
absolute_error_ms,20.81911463162318,11.64380707223032
absolute_relative_error_percent,15.781743654095997,10.438736674803414
pearson_r,0.3751540419896062,0.21221338441723842
error_per_sample_ms,4.739235607160135,32.69250319561683
absolute_error_per_sample_ms,20.542493146266732,25.870177708534886
absolute_relative_error_per_sample_percent,15.640335318141648,20.839064421936154
