metrics,mean,std
pep_reference_ms,137.87356451358494,20.14601560316418
pep_estimated_ms,116.15745749099108,29.262262835940778
error_ms,21.265613297091832,15.743423020729288
absolute_error_ms,26.14274551795382,13.757724701755667
absolute_relative_error_percent,19.555908135145362,11.607006307040395
pearson_r,0.3494221239396043,0.214669221111843
error_per_sample_ms,21.09409836065574,30.49677754420111
absolute_error_per_sample_ms,25.57672131147541,26.848570784766697
absolute_relative_error_per_sample_percent,19.11554851237879,20.72800679444372
