metrics,mean,std
pep_reference_ms,137.87356451358494,20.14601560316418
pep_estimated_ms,151.11168327652484,19.8993177613797
error_ms,-13.718003493485698,13.68097002064926
absolute_error_ms,23.912781494067907,8.894605498873796
absolute_relative_error_percent,19.868864885766282,9.614445352516094
pearson_r,0.2808203838859702,0.20177838711537885
error_per_sample_ms,-13.584966270478638,32.66947350864876
absolute_error_per_sample_ms,23.556055252168328,26.399963425337127
absolute_relative_error_per_sample_percent,19.745035551372844,27.686181191430567
