metrics,mean,std
pep_reference_ms,137.87356451358494,20.14601560316418
pep_estimated_ms,122.74434301493054,2.0262320537717913
error_ms,14.67621689842016,19.756961647967053
absolute_error_ms,25.297427914080284,12.076552377412893
absolute_relative_error_percent,18.566541763479616,7.092039176418
pearson_r,0.07973972978038232,0.1548258384304783
error_per_sample_ms,14.544287548138639,27.47983791360745
absolute_error_per_sample_ms,25.02374839537869,18.452365926510907
absolute_relative_error_per_sample_percent,18.509512790185525,16.87359467806293
