metrics,mean,std
pep_reference_ms,137.87356451358494,20.14601560316418
pep_estimated_ms,127.55184617729563,30.80881903884785
error_ms,9.85479022027334,27.98860654808492
absolute_error_ms,29.11513763314226,17.53634352990134
absolute_relative_error_percent,22.07793504606504,12.183579560643592
pearson_r,0.09523299302869359,0.29132852497687123
error_per_sample_ms,10.141595761759511,37.70335478919122
absolute_error_per_sample_ms,28.99855514528817,26.143426065461437
absolute_relative_error_per_sample_percent,22.142445153230035,21.037536611588678
