metrics,mean,std
pep_reference_ms,137.87356451358494,20.14601560316418
pep_estimated_ms,153.21001256478115,25.836354120356855
error_ms,-15.808841000468071,16.618904265036807
absolute_error_ms,26.764727931832468,11.531517706589252
absolute_relative_error_percent,21.862532799493238,10.067301663737657
pearson_r,0.22335249754141628,0.18874944412438535
error_per_sample_ms,-14.159020408163265,33.75809529911415
absolute_error_per_sample_ms,25.623510204081633,26.144264800605537
absolute_relative_error_per_sample_percent,21.17872365191538,26.95053032912808
