metrics,mean,std
pep_reference_ms,137.87356451358494,20.14601560316418
pep_estimated_ms,130.8361115083319,46.50611352835264
error_ms,9.683702914783526,46.26307142571671
absolute_error_ms,57.081310423863265,23.268372140419526
absolute_relative_error_percent,43.965380628281764,20.55582686347637
pearson_r,0.20872589173619535,0.28829024914768875
error_per_sample_ms,2.93221110100091,69.8863886933098
absolute_error_per_sample_ms,58.13148316651501,38.90290286590955
absolute_relative_error_per_sample_percent,45.82060811661133,33.85455671168406
