metrics,mean,std
pep_reference_ms,137.87356451358494,20.14601560316418
pep_estimated_ms,114.89920672206367,29.59849832000733
error_ms,22.506872659425504,16.009806661663713
absolute_error_ms,26.835921048181408,14.0634454207819
absolute_relative_error_percent,20.043395150178213,11.862951782193692
pearson_r,0.35759905855568025,0.2122053019333362
error_per_sample_ms,22.463763352506163,30.73957528785069
absolute_error_per_sample_ms,26.289564502875926,27.539080432795245
absolute_relative_error_per_sample_percent,19.619938258927007,21.125968968314258
