metrics,mean,std
pep_reference_ms,137.87356451358494,20.14601560316418
pep_estimated_ms,141.76318779078463,27.499813613643063
error_ms,-4.342420166027214,22.38035490658256
absolute_error_ms,27.206583293609377,14.816844902212322
absolute_relative_error_percent,20.946431499165012,10.860116884751067
pearson_r,0.25269781851613626,0.2545324644486508
error_per_sample_ms,-4.366233349382122,35.5974575636218
absolute_error_per_sample_ms,26.828117477130476,23.80115735186837
absolute_relative_error_per_sample_percent,20.859803644195708,20.7288012057815
