metrics,mean,std
pep_reference_ms,137.87356451358494,20.14601560316418
pep_estimated_ms,134.5872751231865,27.427628631036388
error_ms,2.8334925015709156,22.12290166349412
absolute_error_ms,24.657051877093476,16.864638109169384
absolute_relative_error_percent,18.673036486894855,11.855576385190158
pearson_r,0.2570354299695072,0.26125850740950146
error_per_sample_ms,2.937891189215214,35.66512466850496
absolute_error_per_sample_ms,24.228855721393035,26.336189410990908
absolute_relative_error_per_sample_percent,18.537988789026702,20.907666621858706
