metrics,mean,std
pep_reference_ms,137.87356451358494,20.14601560316418
pep_estimated_ms,140.39700777528714,30.032129905252816
error_ms,-2.981064481767864,28.52088608987032
absolute_error_ms,32.42119582072245,12.735207460727114
absolute_relative_error_percent,25.360768546186563,10.828878998106246
pearson_r,0.10213643020935254,0.30344932199862173
error_per_sample_ms,-3.314074787353555,38.07108108309619
absolute_error_per_sample_ms,32.25966939496068,20.486679503025716
absolute_relative_error_per_sample_percent,25.44049293946659,20.82147657682589
