metrics,mean,std
pep_reference_ms,137.87356451358494,20.14601560316418
pep_estimated_ms,162.15465010456722,14.914797247497217
error_ms,-24.7355356545048,9.375006570285976
absolute_error_ms,28.050541698555808,7.674647003162715
absolute_relative_error_percent,23.26523551775563,10.504521852295426
pearson_r,0.44846434970880983,0.2223319714391375
error_per_sample_ms,-25.11414352223471,20.133747061652624
absolute_error_per_sample_ms,28.000642157649704,15.87614608011842
absolute_relative_error_per_sample_percent,23.38771941503334,22.03116197992111
