metrics,mean,std
pep_reference_ms,137.87356451358494,20.14601560316418
pep_estimated_ms,128.9267966151885,1.8943914638480106
error_ms,8.493763298162179,19.78775179912977
absolute_error_ms,23.111022194278796,10.781424981755837
absolute_relative_error_percent,17.676015429699632,7.924969849207439
pearson_r,0.07961856812686484,0.15318839256793862
error_per_sample_ms,8.312901155327342,27.58374412778378
absolute_error_per_sample_ms,22.784017971758665,17.631102937362343
absolute_relative_error_per_sample_percent,17.58503020867349,18.43431984369385
