metrics,mean,std
pep_reference_ms,137.87356451358494,20.14601560316418
pep_estimated_ms,109.88794447902171,28.149302132839924
error_ms,27.682237844834248,15.384747882312876
absolute_error_ms,30.72793010071669,14.192156190313169
absolute_relative_error_percent,22.71982774825378,11.893641532327472
pearson_r,0.3370111616317101,0.2193042271064272
error_per_sample_ms,27.14003350083752,34.171713722892896
absolute_error_per_sample_ms,29.954773869346734,31.7332469126976
absolute_relative_error_per_sample_percent,22.12202883564235,23.627159750660567
