metrics,mean,std
pep_reference_ms,137.87356451358494,20.14601560316418
pep_estimated_ms,134.84862785939498,46.69570720644207
error_ms,5.062001110745248,46.19644100295186
absolute_error_ms,53.85541755463353,22.1500543554205
absolute_relative_error_percent,41.9574453351917,19.896043296594655
pearson_r,0.21773681232635214,0.2699262331778674
error_per_sample_ms,-3.387737843551797,65.34652935133826
absolute_error_per_sample_ms,53.83678646934461,37.19201646343121
absolute_relative_error_per_sample_percent,42.89264568892317,33.83980562261193
