metrics,mean,std
pep_reference_ms,137.87356451358494,20.14601560316418
pep_estimated_ms,126.68664877843638,31.127121568398184
error_ms,10.69446829859829,28.49278286338629
absolute_error_ms,29.473359001346886,18.42693903814135
absolute_relative_error_percent,22.30486869340627,12.750442388158884
pearson_r,0.10661459045273047,0.30723633445643345
error_per_sample_ms,10.833333333333334,37.899588035781505
absolute_error_per_sample_ms,29.23795761078998,26.43637114171898
absolute_relative_error_per_sample_percent,22.28084283802982,21.012207016448478
