metrics,mean,std
pep_reference_ms,137.87356451358494,20.14601560316418
pep_estimated_ms,143.76318779078463,27.499813613643063
error_ms,-6.342420166027214,22.38035490658256
absolute_error_ms,28.233046756014446,14.207339199328407
absolute_relative_error_percent,21.800562772105877,10.581525216088066
pearson_r,0.25269781851613626,0.2545324644486508
error_per_sample_ms,-6.366233349382122,35.5974575636218
absolute_error_per_sample_ms,27.869041887337506,23.04396702684821
absolute_relative_error_per_sample_percent,21.72645565792141,20.615841933935386
