metrics,mean,std
pep_reference_ms,137.87356451358494,20.14601560316418
pep_estimated_ms,146.7334227956448,7.780101747250466
error_ms,-9.313059207773629,14.42299435850043
absolute_error_ms,19.331417305766767,8.873927775087191
absolute_relative_error_percent,16.887154055378595,11.060490920553443
pearson_r,0.18554157921326492,0.19757382612013977
error_per_sample_ms,-9.288739172281039,24.09369167278328
absolute_error_per_sample_ms,18.94995187680462,17.54097995268804
absolute_relative_error_per_sample_percent,16.739715701749393,22.81087057871243
