metrics,mean,std
pep_reference_ms,137.87356451358494,20.14601560316418
pep_estimated_ms,90.71475435459821,17.644969924430374
error_ms,46.74620877905555,16.52912240738179
absolute_error_ms,49.656637970512,14.177377584911245
absolute_relative_error_percent,35.6279032711373,9.177491243808408
pearson_r,0.03502552272755406,0.2480575367342721
error_per_sample_ms,47.77456182666023,30.278781689943663
absolute_error_per_sample_ms,50.55635954333494,25.36272635348367
absolute_relative_error_per_sample_percent,36.38314386366339,17.238899500326024
