metrics,mean,std
pep_reference_ms,137.87356451358494,20.14601560316418
pep_estimated_ms,140.97948514328078,21.567910009811193
error_ms,-2.644339358146539,20.472653423350668
absolute_error_ms,41.25554885527881,9.818419832716488
absolute_relative_error_percent,32.33623066115507,11.05991892278733
pearson_r,0.20950910426500113,0.17307062346393215
error_per_sample_ms,-4.388546574845959,52.105197485043014
absolute_error_per_sample_ms,40.60964117433853,32.94037021173858
absolute_relative_error_per_sample_percent,31.99552826754062,29.192459376290934
