metrics,mean,std
pep_reference_ms,137.87356451358494,20.14601560316418
pep_estimated_ms,160.25187591050246,15.230359514731877
error_ms,-22.83131599715177,9.347660797061945
absolute_error_ms,25.86067801192567,8.021910701267936
absolute_relative_error_percent,21.692531854765978,10.135602611795623
pearson_r,0.3995187957087635,0.2109230742309758
error_per_sample_ms,-23.099807445442874,20.579544163084744
absolute_error_per_sample_ms,25.6293324775353,17.327898278003815
absolute_relative_error_per_sample_percent,21.704477367358653,22.542995162439137
