metrics,mean,std
pep_reference_ms,137.87356451358494,20.14601560316418
pep_estimated_ms,140.30051256721575,29.507593499061223
error_ms,-2.9107371623059843,27.896249240942222
absolute_error_ms,31.57514807028902,12.466935312384603
absolute_relative_error_percent,24.749596965445537,10.695377675395154
pearson_r,0.1048458381448748,0.281377064321057
error_per_sample_ms,-3.1214893275557696,37.8175837530777
absolute_error_per_sample_ms,31.610014443909485,20.99333997721479
absolute_relative_error_per_sample_percent,24.947957659391996,21.122795623577183
