metrics,mean,std
pep_reference_ms,137.87356451358494,20.14601560316418
pep_estimated_ms,136.3154197946518,29.8955329525068
error_ms,1.192109902344359,17.59299379752192
absolute_error_ms,21.849257307154975,10.916322567417385
absolute_relative_error_percent,16.601575616215783,10.110977843281093
pearson_r,0.37476810592400145,0.2128268757046097
error_per_sample_ms,0.9119304459829335,32.966044273172386
absolute_error_per_sample_ms,21.7330542585735,24.80455693522811
absolute_relative_error_per_sample_percent,16.587491192066977,20.36394532519656
