metrics,mean,std
pep_reference_ms,137.87356451358494,20.14601560316418
pep_estimated_ms,127.18153412131953,29.35749419673995
error_ms,10.056245045791313,16.659257376425472
absolute_error_ms,22.612586545465344,12.531609981123216
absolute_relative_error_percent,16.989819461429054,11.385484860563807
pearson_r,0.3755269390916223,0.21705557998868893
error_per_sample_ms,9.362677217276623,35.20813744933363
absolute_error_per_sample_ms,22.39531816683152,28.735385703561835
absolute_relative_error_per_sample_percent,16.840256927213318,22.03339902115262
