metrics,mean,std
pep_reference_ms,137.87356451358494,20.14601560316418
pep_estimated_ms,123.00940465623549,28.133553698769358
error_ms,14.380596248724526,21.40651455769366
absolute_error_ms,24.054271909669115,18.456478704874456
absolute_relative_error_percent,17.611353711242444,12.611883148421889
pearson_r,0.25914699609649244,0.26079111426741697
error_per_sample_ms,14.824324324324325,34.6670506661908
absolute_error_per_sample_ms,23.487129987129986,29.494401477783082
absolute_relative_error_per_sample_percent,17.32145697633567,21.575063127919204
