metrics,mean,std
pep_reference_ms,137.87356451358494,20.14601560316418
pep_estimated_ms,133.00328933912337,44.48918697403839
error_ms,7.219860338495141,43.899938462830605
absolute_error_ms,51.22332043618438,22.6032480216731
absolute_relative_error_percent,39.53005790826894,18.845198326522954
pearson_r,0.22757111742660893,0.30350836871857484
error_per_sample_ms,-0.9724811362627608,63.7515124972416
absolute_error_per_sample_ms,51.085219707057256,38.15103396669646
absolute_relative_error_per_sample_percent,40.15056976452374,33.244680736547394
