metrics,mean,std
pep_reference_ms,137.87356451358494,20.14601560316418
pep_estimated_ms,133.60047548597072,43.96769833601877
error_ms,6.377668210527413,43.529398462799925
absolute_error_ms,50.5841310398683,22.174660239777932
absolute_relative_error_percent,39.55161078234657,19.726953575034457
pearson_r,0.22878496803485865,0.2859796187659039
error_per_sample_ms,-2.0008626266982965,63.220629238408414
absolute_error_per_sample_ms,50.913521673495794,37.53218250187021
absolute_relative_error_per_sample_percent,40.62744061762694,33.697320239904755
