metrics,mean,std
pep_reference_ms,137.87356451358494,20.14601560316418
pep_estimated_ms,131.80333000432188,43.57251350469953
error_ms,8.568520609136346,43.90481831732634
absolute_error_ms,50.03483365365336,22.832213636851854
absolute_relative_error_percent,38.854933921682225,19.777848030705048
pearson_r,0.2311332934543221,0.28993176992946174
error_per_sample_ms,0.5768383971818583,63.44963830759716
absolute_error_per_sample_ms,50.45090268604139,38.482408475366334
absolute_relative_error_per_sample_percent,40.01081467538034,33.60434242502345
