metrics,mean,std
pep_reference_ms,137.87356451358494,20.14601560316418
pep_estimated_ms,130.24483779734751,45.78816740621854
error_ms,10.32280439423413,45.78690983349612
absolute_error_ms,55.621434266492756,23.75588944618022
absolute_relative_error_percent,42.89637447628519,20.694664825205912
pearson_r,0.20415963334156104,0.2983802684137125
error_per_sample_ms,3.566137566137566,69.0088656741027
absolute_error_per_sample_ms,56.70991488382793,39.48324242809799
absolute_relative_error_per_sample_percent,44.71738843345524,34.04318819414237
