metrics,mean,std
pep_reference_ms,137.87356451358494,20.14601560316418
pep_estimated_ms,131.07079428962916,46.78350451394958
error_ms,9.396572185598918,46.52768833438234
absolute_error_ms,58.92242271641759,22.21152624982102
absolute_relative_error_percent,45.26136551331952,20.034815470242943
pearson_r,0.21489446505539223,0.2813210682533833
error_per_sample_ms,2.203557757261878,70.71151878223769
absolute_error_per_sample_ms,59.51497410493132,38.24843019745642
absolute_relative_error_per_sample_percent,46.86567722635312,33.60678941295221
