metrics,mean,std
pep_reference_ms,137.87356451358494,20.14601560316418
pep_estimated_ms,108.8322039681225,17.12250179418616
error_ms,28.579781178109904,18.1870219407585
absolute_error_ms,36.38543658982482,11.36089415977217
absolute_relative_error_percent,26.681883143978485,7.099131524401878
pearson_r,0.048928570887299565,0.24278869773148892
error_per_sample_ms,29.64983922829582,30.40758850814883
absolute_error_per_sample_ms,37.12508038585209,20.62674990124995
absolute_relative_error_per_sample_percent,27.290855087188902,15.912819741132063
