metrics,mean,std
pep_reference_ms,137.87356451358494,20.14601560316418
pep_estimated_ms,135.56843375267573,30.77363017966535
error_ms,1.8649310536024908,23.32444690248653
absolute_error_ms,25.09891740551945,18.08086389617181
absolute_relative_error_percent,18.74509280002267,12.517744767414182
pearson_r,0.24374548992181724,0.2522766239521396
error_per_sample_ms,2.823567814591154,36.746037929863085
absolute_error_per_sample_ms,24.0515749959197,27.92428296236417
absolute_relative_error_per_sample_percent,18.17249060911078,22.029999422684217
