metrics,mean,std
pep_reference_ms,137.87356451358494,20.14601560316418
pep_estimated_ms,120.9267966151885,1.8943914638480102
error_ms,16.49376329816218,19.78775179912977
absolute_error_ms,26.221796798141014,12.508626789086456
absolute_relative_error_percent,19.04369798052789,6.978279760688478
pearson_r,0.07961856812686485,0.15318839256793865
error_per_sample_ms,16.312901155327342,27.58374412778378
absolute_error_per_sample_ms,25.92201540436457,18.842048762977246
absolute_relative_error_per_sample_percent,18.973959076560412,16.52020489825627
