metrics,mean,std
pep_reference_ms,137.87356451358494,20.14601560316418
pep_estimated_ms,126.47860620112499,36.14772752882161
error_ms,14.662974358760481,37.63758632334988
absolute_error_ms,45.698336453469224,22.335366908774898
absolute_relative_error_percent,34.845290290084804,17.743139161866946
pearson_r,0.25507034468028744,0.36107701504293005
error_per_sample_ms,7.29309462915601,59.560105499819365
absolute_error_per_sample_ms,45.60716112531969,38.99464386949271
absolute_relative_error_per_sample_percent,35.33111247619093,31.481169072543434
