metrics,mean,std
pep_reference_ms,137.87356451358494,20.14601560316418
pep_estimated_ms,110.8322039681225,17.12250179418616
error_ms,26.579781178109904,18.1870219407585
absolute_error_ms,35.10998579385883,10.807418197308815
absolute_relative_error_percent,25.868006379577373,6.827233868016938
pearson_r,0.048928570887299565,0.24278869773148892
error_per_sample_ms,27.64983922829582,30.40758850814883
absolute_error_per_sample_ms,35.81382636655948,20.161966402547144
absolute_relative_error_per_sample_percent,26.447800688322634,16.022927465640205
