metrics,mean,std
pep_reference_ms,137.87356451358494,20.14601560316418
pep_estimated_ms,145.2470438156821,29.90680790370067
error_ms,-7.82648390233141,28.283716707673808
absolute_error_ms,33.65416756235271,11.49109981986914
absolute_relative_error_percent,26.53738661337921,10.808979624708073
pearson_r,0.10762984790402043,0.291235069113606
error_per_sample_ms,-8.202824133504492,38.00736287338411
absolute_error_per_sample_ms,33.53722721437741,19.674865873126652
absolute_relative_error_per_sample_percent,26.65502485279286,21.59192784912895
