metrics,mean,std
pep_reference_ms,137.87356451358494,20.14601560316418
pep_estimated_ms,136.92493757750285,29.25670841153403
error_ms,0.45648076327322973,27.880221239300944
absolute_error_ms,33.68903247399276,12.150518515011566
absolute_relative_error_percent,26.167099861863033,10.462010774523778
pearson_r,0.034268904639765785,0.2927381131285749
error_per_sample_ms,0.04848876676903184,39.83163502492313
absolute_error_per_sample_ms,33.85938257636981,20.97864894282304
absolute_relative_error_per_sample_percent,26.433955818855228,20.593783373768748
