metrics,mean,std
pep_reference_ms,137.87356451358494,20.14601560316418
pep_estimated_ms,104.8322039681225,17.12250179418616
error_ms,32.579781178109904,18.1870219407585
absolute_error_ms,39.00543991340325,12.466003052489183
absolute_relative_error_percent,28.366037838510376,7.7257211693836725
pearson_r,0.048928570887299565,0.24278869773148892
error_per_sample_ms,33.64983922829582,30.40758850814883
absolute_error_per_sample_ms,39.813183279742766,21.721960227029975
absolute_relative_error_per_sample_percent,29.030469568346913,15.928365238842828
