metrics,mean,std
pep_reference_ms,137.87356451358494,20.14601560316418
pep_estimated_ms,132.8014893509474,43.206832002575005
error_ms,7.295500565786985,42.869908299329154
absolute_error_ms,49.5484017312002,22.19493345538302
absolute_relative_error_percent,38.69219764821949,19.587929293623446
pearson_r,0.22919114133010107,0.28545591135543924
error_per_sample_ms,-1.3124183006535948,62.1331727258101
absolute_error_per_sample_ms,49.561655773420476,37.4952779929449
absolute_relative_error_per_sample_percent,39.540687882112216,33.492791072536555
