metrics,mean,std
pep_reference_ms,137.87356451358494,20.14601560316418
pep_estimated_ms,154.23542996919153,21.340696247435993
error_ms,-16.84773086352044,14.192586578283272
absolute_error_ms,25.145376487778826,9.672586092034289
absolute_relative_error_percent,20.90359072237923,9.975675495869952
pearson_r,0.22693798449490826,0.19234355573440728
error_per_sample_ms,-16.05266538214515,32.39596937906656
absolute_error_per_sample_ms,24.48426461143224,26.60277587617327
absolute_relative_error_per_sample_percent,20.571028225051673,28.103278460721015
