metrics,mean,std
pep_reference_ms,137.87356451358494,20.14601560316418
pep_estimated_ms,152.2533059190943,15.077964386646794
error_ms,-14.81643342241699,9.351587093038658
absolute_error_ms,18.971566905880533,7.57251625439352
absolute_relative_error_percent,16.197449089505614,9.311129274589923
pearson_r,0.4477105053464062,0.2225364248536486
error_per_sample_ms,-15.138728323699421,20.04165595611106
absolute_error_per_sample_ms,18.859987154784843,16.58764459600132
absolute_relative_error_per_sample_percent,16.268266193931005,20.481866655872608
