metrics,mean,std
pep_reference_ms,137.87356451358494,20.14601560316418
pep_estimated_ms,146.30051256721575,29.507593499061223
error_ms,-8.910737162305983,27.89624924094222
absolute_error_ms,33.57267078087329,10.859772195373553
absolute_relative_error_percent,26.55772004913193,10.718849956902293
pearson_r,0.1048458381448748,0.281377064321057
error_per_sample_ms,-9.12148932755577,37.8175837530777
absolute_error_per_sample_ms,33.6286310383566,19.557259086074385
absolute_relative_error_per_sample_percent,26.780203305063278,21.818273048617854
