metrics,mean,std
pep_reference_ms,137.87356451358494,20.14601560316418
pep_estimated_ms,124.74434301493054,2.026232053771791
error_ms,12.676216898420156,19.75696164796705
absolute_error_ms,24.466753088084708,11.611904707493837
absolute_relative_error_percent,18.183892640827303,7.279027471645405
pearson_r,0.07973972978038232,0.1548258384304783
error_per_sample_ms,12.544287548138639,27.47983791360745
absolute_error_per_sample_ms,24.186136071887034,18.09783036058987
absolute_relative_error_per_sample_percent,18.121382358325505,17.319424097839963
