metrics,mean,std
pep_reference_ms,137.87356451358494,20.14601560316418
pep_estimated_ms,129.59085983055968,44.72644452639756
error_ms,11.026586612472352,44.78145238490289
absolute_error_ms,54.10459232794906,23.96574664201392
absolute_relative_error_percent,41.7828829054976,20.725231030268635
pearson_r,0.21427708257150208,0.30978786835912936
error_per_sample_ms,3.9976695408995573,68.01428965635627
absolute_error_per_sample_ms,55.19785597762759,39.938974131668026
absolute_relative_error_per_sample_percent,43.51885190901255,34.12933758761354
