metrics,mean,std
pep_reference_ms,137.87356451358494,20.14601560316418
pep_estimated_ms,146.3716840565912,24.27728024096713
error_ms,-8.466992681233153,21.747596974001095
absolute_error_ms,32.65084793254378,11.965370762528377
absolute_relative_error_percent,26.31962965351256,11.874838741782423
pearson_r,0.18997811905248907,0.19405156059698309
error_per_sample_ms,-10.656834162236324,41.099233920338825
absolute_error_per_sample_ms,31.695421025553077,28.250936784699107
absolute_relative_error_per_sample_percent,25.824743499343608,27.084159064129178
