metrics,mean,std
pep_reference_ms,137.87356451358494,20.14601560316418
pep_estimated_ms,125.30854609035553,29.133552334661044
error_ms,11.964049992517063,16.567127461319362
absolute_error_ms,22.556028320836873,12.903632214734941
absolute_relative_error_percent,16.90054692849829,11.48486568689497
pearson_r,0.3744379749535495,0.2179234494466041
error_per_sample_ms,11.272937293729372,35.10717339868838
absolute_error_per_sample_ms,22.292079207920793,29.3710051557946
absolute_relative_error_per_sample_percent,16.738263560905665,22.39383356898638
