metrics,mean,std
pep_reference_ms,133.4191762754604,21.372115145218338
pep_estimated_ms,101.85577495445665,19.007828078525602
error_ms,31.013465120266765,18.87628666447647
absolute_error_ms,39.453721872380015,12.718809914312592
absolute_relative_error_percent,30.370030975946452,9.192180235432138
pearson_r,0.02342321714261322,0.23134837375272285
error_per_sample_ms,32.449135057927315,32.41303466731247
absolute_error_per_sample_ms,40.4910331693382,21.541295579225526
absolute_relative_error_per_sample_percent,31.29719342592602,20.750479746813877
