metrics,mean,std
pep_reference_ms,133.4191762754604,21.372115145218338
pep_estimated_ms,136.59354725918857,31.788083424442227
error_ms,-3.7313847783920195,28.46261131838668
absolute_error_ms,32.35781148914445,12.636428220234103
absolute_relative_error_percent,27.43403893048348,12.364688190065992
pearson_r,0.1672006644843365,0.2901462875402199
error_per_sample_ms,-3.4897797496434797,38.64939999016444
absolute_error_per_sample_ms,32.15528442402155,21.72538528797641
absolute_relative_error_per_sample_percent,27.64319028575475,31.731541844277196
