metrics,mean,std
pep_reference_ms,133.4191762754604,21.372115145218338
pep_estimated_ms,150.91484321734768,22.038130156561834
error_ms,-18.097199172856477,15.682429750784449
absolute_error_ms,29.769786234316985,10.187946612483692
absolute_relative_error_percent,27.332783604515626,13.976776103183301
pearson_r,0.125285775666077,0.18049431454649825
error_per_sample_ms,-17.110618066561013,35.041313151075684
absolute_error_per_sample_ms,29.08716323296355,25.973136372614057
absolute_relative_error_per_sample_percent,27.12858164704532,39.675319779645996
