metrics,mean,std
pep_reference_ms,133.4191762754604,21.372115145218338
pep_estimated_ms,136.59877321518462,31.815146642944196
error_ms,-3.7364010907821883,28.661352295671566
absolute_error_ms,32.503623904630665,13.026192957383458
absolute_relative_error_percent,27.556407157025927,12.563313551696211
pearson_r,0.17536519709624973,0.2939689753926087
error_per_sample_ms,-3.7250118802471093,38.78214674110886
absolute_error_per_sample_ms,32.22746713131633,21.893400413293683
absolute_relative_error_per_sample_percent,27.72011217169855,31.71561013192913
