metrics,mean,std
pep_reference_ms,133.4191762754604,21.372115145218338
pep_estimated_ms,142.5513171309919,24.739694232928176
error_ms,-9.164797472934277,19.739921022706667
absolute_error_ms,32.36357905066183,11.532842867910439
absolute_relative_error_percent,28.38237164309932,13.649330510998938
pearson_r,0.1630783229039722,0.19778823205325885
error_per_sample_ms,-10.621445700582392,41.51149329862584
absolute_error_per_sample_ms,31.04830421377184,29.530018457518036
absolute_relative_error_per_sample_percent,27.594758906165573,38.07964755772908
