metrics,mean,std
pep_reference_ms,133.4191762754604,21.372115145218338
pep_estimated_ms,149.66446155639954,22.44945321397105
error_ms,-16.846817511908327,15.280614384629237
absolute_error_ms,29.122536715832528,9.839036112566664
absolute_relative_error_percent,26.742149496680227,13.516696218513696
pearson_r,0.13240229030572429,0.18366138402238655
error_per_sample_ms,-15.816164817749604,34.879795283907846
absolute_error_per_sample_ms,28.410776545166403,25.68226946144291
absolute_relative_error_per_sample_percent,26.504817017436753,39.34997945341418
