metrics,mean,std
pep_reference_ms,133.4191762754604,21.372115145218338
pep_estimated_ms,130.77893512527643,30.680371832389742
error_ms,2.169272844258053,14.755894032192588
absolute_error_ms,18.5032290638862,10.890309163966611
absolute_relative_error_percent,15.191185734506803,10.247869454970193
pearson_r,0.4054323864646764,0.21362161449278164
error_per_sample_ms,2.3676986913501437,31.337380412885462
absolute_error_per_sample_ms,18.215129269071177,25.60949968167955
absolute_relative_error_per_sample_percent,15.109576851996003,25.951635424099827
