metrics,mean,std
pep_reference_ms,133.4191762754604,21.372115145218338
pep_estimated_ms,137.690869375415,31.57059243058547
error_ms,-4.828706894618438,28.270388395852795
absolute_error_ms,32.34522209276179,12.256678618379215
absolute_relative_error_percent,27.532348477672567,12.35030507473691
pearson_r,0.17478135446053827,0.28412083669783195
error_per_sample_ms,-4.624940579939787,38.60109535448176
absolute_error_per_sample_ms,32.216130565678974,21.761331974603287
absolute_relative_error_per_sample_percent,27.797883995624254,32.17879355510366
