metrics,mean,std
pep_reference_ms,133.4191762754604,21.372115145218338
pep_estimated_ms,132.1004218577066,31.638939929758052
error_ms,0.7612646275837046,28.748734268833612
absolute_error_ms,33.48875736470224,13.760452765020828
absolute_relative_error_percent,27.82636558124314,12.525951466255021
pearson_r,0.11534506275303384,0.3111482969937369
error_per_sample_ms,0.3790642347343378,40.10337561060692
absolute_error_per_sample_ms,33.31482950039651,22.328156225245895
absolute_relative_error_per_sample_percent,28.02872388820925,28.451083424724693
