metrics,mean,std
pep_reference_ms,133.4191762754604,21.372115145218338
pep_estimated_ms,133.12819671432487,28.200187311376187
error_ms,-0.2686046045500611,20.70383621773192
absolute_error_ms,21.965965406670527,16.52561946992324
absolute_relative_error_percent,18.611830685333913,13.676048741760285
pearson_r,0.3043184012167097,0.23111256908431219
error_per_sample_ms,0.06561014263074486,34.807436855417706
absolute_error_per_sample_ms,21.47606973058637,27.392341887135146
absolute_relative_error_per_sample_percent,18.590551908123462,32.899997523771816
