metrics,mean,std
pep_reference_ms,133.4191762754604,21.372115145218338
pep_estimated_ms,153.39538086019263,16.89524285826278
error_ms,-20.516226213446625,8.260976097734396
absolute_error_ms,22.286055346350278,8.359992054225575
absolute_relative_error_percent,21.702529749249106,13.230886041082064
pearson_r,0.3681382570352828,0.21328997556469972
error_per_sample_ms,-20.45152091254753,21.606741122746396
absolute_error_per_sample_ms,21.770912547528518,20.276669756881045
absolute_relative_error_per_sample_percent,21.658202435690647,38.15461794253368
