metrics,mean,std
pep_reference_ms,133.4191762754604,21.372115145218338
pep_estimated_ms,144.15404837379387,25.165348036358388
error_ms,-10.858710901604148,20.139924184759042
absolute_error_ms,32.805969344225645,11.60984689703988
absolute_relative_error_percent,28.93355288254012,13.942878990050673
pearson_r,0.15365984994881063,0.19818434564143814
error_per_sample_ms,-12.48219458170046,41.26004659190733
absolute_error_per_sample_ms,31.541659567217582,29.382313354934247
absolute_relative_error_per_sample_percent,28.223020997144427,38.53714161053283
