metrics,mean,std
pep_reference_ms,133.4191762754604,21.372115145218338
pep_estimated_ms,129.75456688007353,30.93547162429908
error_ms,3.190352769497963,14.839800249325444
absolute_error_ms,18.37261017501934,11.160744857185463
absolute_relative_error_percent,14.937391003887612,10.417717906262691
pearson_r,0.42328397430086306,0.2178435226633772
error_per_sample_ms,3.5035121328224776,31.209719691884793
absolute_error_per_sample_ms,18.11653895274585,25.653697918321598
absolute_relative_error_per_sample_percent,14.860460907183601,24.316786441512367
