metrics,mean,std
pep_reference_ms,133.4191762754604,21.372115145218338
pep_estimated_ms,102.30192002352791,19.178021590931476
error_ms,30.56732005119551,19.231587902452333
absolute_error_ms,39.106480092192804,12.93727663054142
absolute_relative_error_percent,30.129387204273833,9.30173232690157
pearson_r,0.02595833097681644,0.2269064416040857
error_per_sample_ms,32.00349150928424,32.53677109499125
absolute_error_per_sample_ms,40.13807332169497,21.720957900031145
absolute_relative_error_per_sample_percent,31.050296579072807,20.965519168262816
