metrics,mean,std
pep_reference_ms,133.4191762754604,21.372115145218338
pep_estimated_ms,142.21438585386238,10.211825628662176
error_ms,-9.34966571147077,14.390752955907155
absolute_error_ms,19.804751671401817,8.61601231962646
absolute_relative_error_percent,19.4948764671267,13.865511818455504
pearson_r,0.2036361673355518,0.18084389179786656
error_per_sample_ms,-9.099920823436262,25.333662382620737
absolute_error_per_sample_ms,19.458749010292955,18.60000257160856
absolute_relative_error_per_sample_percent,19.54419838808995,35.616618851360855
