metrics,mean,std
pep_reference_ms,133.4191762754604,21.372115145218338
pep_estimated_ms,127.33379746065656,26.648528038410937
error_ms,5.519038336272531,19.628667897712333
absolute_error_ms,22.884584155006817,16.726482338568726
absolute_relative_error_percent,18.638723685024384,13.470285883237272
pearson_r,0.3056807703799692,0.25223142436105134
error_per_sample_ms,5.599809433063363,36.91644790249818
absolute_error_per_sample_ms,22.59012228045101,29.729923760056277
absolute_relative_error_per_sample_percent,18.6869364387613,30.681600816908215
