metrics,mean,std
pep_reference_ms,133.4191762754604,21.372115145218338
pep_estimated_ms,131.9486776505689,28.250102135860388
error_ms,0.9109144592059278,20.575626782846175
absolute_error_ms,21.956107795344046,16.801233322267034
absolute_relative_error_percent,18.458197387027198,13.650870422378356
pearson_r,0.3182962939554831,0.2433151344727949
error_per_sample_ms,1.3730586370839937,34.86975498896174
absolute_error_per_sample_ms,21.489698890649763,27.495053093243882
absolute_relative_error_per_sample_percent,18.443101031167235,32.081700989891715
