metrics,mean,std
pep_reference_ms,133.4191762754604,21.372115145218338
pep_estimated_ms,118.17707635389935,5.6767680032797525
error_ms,14.702078292846668,19.649670554965798
absolute_error_ms,26.26749394055005,12.066656260736837
absolute_relative_error_percent,21.158258636121776,9.322970911142345
pearson_r,0.11128258200493979,0.1672365486155669
error_per_sample_ms,14.757921419518377,28.59187408362028
absolute_error_per_sample_ms,26.213561470215463,18.65852896895979
absolute_relative_error_per_sample_percent,21.42355836902946,28.193319462081437
