metrics,mean,std
pep_reference_ms,133.4191762754604,21.372115145218338
pep_estimated_ms,132.232083323763,31.33864538590512
error_ms,0.6475163072635071,28.318497313617467
absolute_error_ms,33.65927320206618,13.238046801923957
absolute_relative_error_percent,27.938719205932095,12.321436014735747
pearson_r,0.1045070007156495,0.3063391379247534
error_per_sample_ms,0.6483726866624122,40.51797093825946
absolute_error_per_sample_ms,33.756860242501595,22.418758722611365
absolute_relative_error_per_sample_percent,28.310769374054424,28.618767152052456
