metrics,mean,std
pep_reference_ms,133.4191762754604,21.372115145218338
pep_estimated_ms,124.73177274765139,30.32118192801176
error_ms,8.02636167639322,14.531619105760669
absolute_error_ms,19.456361672259543,12.196375524086436
absolute_relative_error_percent,15.434737281336819,11.335794206093203
pearson_r,0.4356511865619802,0.224140755441951
error_per_sample_ms,7.91255935811364,33.50019687821052
absolute_error_per_sample_ms,19.336171606353364,28.47778527351085
absolute_relative_error_per_sample_percent,15.388124392025572,23.650409166787806
