metrics,mean,std
pep_reference_ms,133.4191762754604,21.372115145218338
pep_estimated_ms,132.43305971574523,43.20348007032849
error_ms,3.3327416602239808,41.63502929850513
absolute_error_ms,48.50915569187576,20.222269976866972
absolute_relative_error_percent,40.336759276647165,21.359165272961125
pearson_r,0.26074677957597947,0.29706487455334557
error_per_sample_ms,-4.765679442508711,61.40931224547057
absolute_error_per_sample_ms,49.141114982578394,37.13443347190666
absolute_relative_error_per_sample_percent,41.970712303415446,43.89997964790484
