metrics,mean,std
pep_reference_ms,133.4191762754604,21.372115145218338
pep_estimated_ms,128.95874757346942,41.78123686011704
error_ms,7.866880840967991,40.78698897771316
absolute_error_ms,49.165072103480504,21.50814981737067
absolute_relative_error_percent,40.140397283076055,20.735260425912454
pearson_r,0.25761170300994934,0.3323559445113009
error_per_sample_ms,1.2354916067146282,64.49034792399436
absolute_error_per_sample_ms,50.98033573141487,39.516285042755854
absolute_relative_error_per_sample_percent,42.62152852141276,42.81949446704495
