metrics,mean,std
pep_reference_ms,133.4191762754604,21.372115145218338
pep_estimated_ms,123.06469664327852,30.86562445202356
error_ms,9.797004584050933,14.79012261193204
absolute_error_ms,16.799634459280938,13.030862346356708
absolute_relative_error_percent,13.795316393190763,11.885500501399665
pearson_r,0.43084943678525445,0.20472144827250216
error_per_sample_ms,10.18097074895532,31.155937128323547
absolute_error_per_sample_ms,16.57441337190614,28.27778996159906
absolute_relative_error_per_sample_percent,13.749442255771994,27.485990905988672
