metrics,mean,std
pep_reference_ms,133.4191762754604,21.372115145218338
pep_estimated_ms,153.86690239021195,16.95891376571784
error_ms,-21.02675248803175,8.163543562641275
absolute_error_ms,22.546693217526276,8.012467536361562
absolute_relative_error_percent,22.002593556292215,13.32933307781747
pearson_r,0.35449439132681004,0.2100352282173998
error_per_sample_ms,-20.905403264141974,21.628980356848263
absolute_error_per_sample_ms,22.11662177151006,20.38881355864762
absolute_relative_error_per_sample_percent,22.011185907839366,38.85787927045192
