metrics,mean,std
pep_reference_ms,133.4191762754604,21.372115145218338
pep_estimated_ms,118.36365560251998,5.588661287382464
error_ms,14.51549904422603,19.681429970227732
absolute_error_ms,26.266751201234296,12.00265941107209
absolute_relative_error_percent,21.181590064047985,9.344112249688601
pearson_r,0.11200438605836252,0.16504287059137043
error_per_sample_ms,14.524714828897338,28.67535536217144
absolute_error_per_sample_ms,26.174271229404308,18.658801451786296
absolute_relative_error_per_sample_percent,21.423869155891243,28.26713129638652
