metrics,mean,std
pep_reference_ms,133.4191762754604,21.372115145218338
pep_estimated_ms,135.04683101933753,21.45926998921068
error_ms,-1.2467054895138727,18.846321230982024
absolute_error_ms,36.65919376521369,9.879320147504385
absolute_relative_error_percent,31.127101696505846,12.229289331234204
pearson_r,0.15542008197489357,0.19316343578950199
error_per_sample_ms,-2.3483043079743355,50.11845587237436
absolute_error_per_sample_ms,35.567736021998165,35.38799664326085
absolute_relative_error_per_sample_percent,30.41574664725683,39.60012292855444
