metrics,mean,std
pep_reference_ms,133.4191762754604,21.372115145218338
pep_estimated_ms,142.1035405417196,10.202043983662145
error_ms,-9.238820399328008,14.386588692959906
absolute_error_ms,19.736058899969517,8.609610673602132
absolute_relative_error_percent,19.430116912759935,13.813421733068829
pearson_r,0.20970520000005438,0.17935914776344977
error_per_sample_ms,-8.991923990498812,25.272352078744184
absolute_error_per_sample_ms,19.391923990498814,18.533746534082912
absolute_relative_error_per_sample_percent,19.481733285146884,35.54413642542758
