metrics,mean,std
pep_reference_ms,133.4191762754604,21.372115145218338
pep_estimated_ms,146.64028788573933,21.203285006493136
error_ms,-13.777574226082837,14.698243861529397
absolute_error_ms,28.53480100869712,8.971048266063328
absolute_relative_error_percent,26.196617127795257,12.969748883042136
pearson_r,0.16124306700925814,0.1844308344547874
error_per_sample_ms,-13.355636594260346,35.367587267573
absolute_error_per_sample_ms,28.02505153004598,25.37391859184555
absolute_relative_error_per_sample_percent,26.101052856628215,38.95434010061079
