metrics,mean,std
pep_reference_ms,133.4191762754604,21.372115145218338
pep_estimated_ms,131.22731935274,43.81356969355516
error_ms,4.742017232653703,42.752495296930505
absolute_error_ms,48.90894364037111,20.719996918021828
absolute_relative_error_percent,40.53839216545683,21.37562597760304
pearson_r,0.27426180382381915,0.3054668679157229
error_per_sample_ms,-2.8974471830985915,62.531992182402334
absolute_error_per_sample_ms,49.87896126760563,37.825050817461836
absolute_relative_error_per_sample_percent,42.376909481866896,43.853170275074106
