metrics,mean,std
pep_reference_ms,133.4191762754604,21.372115145218338
pep_estimated_ms,117.71667571165372,29.740542250514835
error_ms,15.29895583641307,14.287334748947325
absolute_error_ms,19.260073253526965,13.396257011991311
absolute_relative_error_percent,15.091866343731288,12.156156139774717
pearson_r,0.42346981698220754,0.20669487614185644
error_per_sample_ms,15.237955250694105,34.41070666953251
absolute_error_per_sample_ms,18.97468561162829,32.500051071631134
absolute_relative_error_per_sample_percent,14.98468846281626,28.333271319302458
