metrics,mean,std
pep_reference_ms,133.4191762754604,21.372115145218338
pep_estimated_ms,141.1299957726394,10.290241711485576
error_ms,-8.269025417771138,14.62879372924828
absolute_error_ms,19.182898026363663,7.96647714622131
absolute_relative_error_percent,18.919500304333273,13.24374281065372
pearson_r,0.22054046304171288,0.1869427985236992
error_per_sample_ms,-8.212543554006968,24.51709974055002
absolute_error_per_sample_ms,18.92841305036427,17.613893116211948
absolute_relative_error_per_sample_percent,19.036808585528888,34.88564399745856
