metrics,mean,std
pep_reference_ms,133.4191762754604,21.372115145218338
pep_estimated_ms,124.4555902168135,30.622688319285757
error_ms,8.410553231674655,14.501210455623234
absolute_error_ms,16.350218252674882,12.575306315983843
absolute_relative_error_percent,13.554719087311978,11.51985790434206
pearson_r,0.4184018534934663,0.2064386573036357
error_per_sample_ms,8.659922928709056,30.631702120800245
absolute_error_per_sample_ms,16.121708413615927,27.447877108712152
absolute_relative_error_per_sample_percent,13.50375029356734,27.596272269069537
