metrics,mean,std
pep_reference_ms,133.4191762754604,21.372115145218338
pep_estimated_ms,151.63724354775724,16.541642915442733
error_ms,-18.775162766639003,8.168785197260929
absolute_error_ms,20.76634782134648,7.82702135744155
absolute_relative_error_percent,20.3691498033345,12.761042526533533
pearson_r,0.4049629529462778,0.2179313793242999
error_per_sample_ms,-18.822951339356475,21.201144921660042
absolute_error_per_sample_ms,20.432715168806467,19.654419196288636
absolute_relative_error_per_sample_percent,20.417706296133247,37.55731654324339
