metrics,mean,std
pep_reference_ms,133.4191762754604,21.372115145218338
pep_estimated_ms,100.0168554536883,18.304518990674637
error_ms,32.89735317449425,18.057827971329598
absolute_error_ms,41.128093487059765,11.985516317900377
absolute_relative_error_percent,31.54237774611871,8.653226169498215
pearson_r,0.008261470054139245,0.22844656408513248
error_per_sample_ms,33.90031746031746,32.51410780335861
absolute_error_per_sample_ms,41.77269841269841,21.481163783195587
absolute_relative_error_per_sample_percent,32.21369273553902,20.24645768901766
