metrics,mean,std
pep_reference_ms,133.4191762754604,21.372115145218338
pep_estimated_ms,135.70462610069222,32.00629637874771
error_ms,-2.8422539762898134,28.968094022222022
absolute_error_ms,32.57149539035642,13.482689910797449
absolute_relative_error_percent,27.521588110892743,12.686458511409109
pearson_r,0.17997631085558227,0.311261896766407
error_per_sample_ms,-2.791382860763504,38.897441684802665
absolute_error_per_sample_ms,32.26960240773008,21.896930112347007
absolute_relative_error_per_sample_percent,27.663605623784896,31.264623146823293
