metrics,mean,std
pep_reference_ms,133.4191762754604,21.372115145218338
pep_estimated_ms,116.42199421964372,6.095187235959899
error_ms,16.462128009226763,20.648727571504413
absolute_error_ms,26.966645801718958,12.852028107221365
absolute_relative_error_percent,21.464253249587994,9.130868691639753
pearson_r,0.06461589615529578,0.18158309430681202
error_per_sample_ms,16.086846275752773,28.502643712678093
absolute_error_per_sample_ms,26.739778129952455,18.8725087699671
absolute_relative_error_per_sample_percent,21.626564380413974,27.66639773320785
