metrics,mean,std
pep_reference_ms,99.84737777839543,12.994945553810146
pep_estimated_ms,107.42177154215457,10.998910793656519
error_ms,-7.605261614183748,4.724507201117686
absolute_error_ms,10.174029796681351,5.773221372705372
absolute_relative_error_percent,27.70540971098568,37.46054650314519
pearson_r,0.31903866427206395,0.20258373562280801
error_per_sample_ms,-7.910144969579315,20.69796000369161
absolute_error_per_sample_ms,10.753690508333827,19.37354077615007
absolute_relative_error_per_sample_percent,29.384643484402012,293.5956640865675
