metrics,mean,std
pep_reference_ms,99.84737777839543,12.994945553810146
pep_estimated_ms,114.91928176224057,10.717092723627351
error_ms,-15.108804775059932,7.401220221179805
absolute_error_ms,15.346127199115314,7.4278273485936905
absolute_relative_error_percent,35.31843719236752,43.33140029951976
pearson_r,0.3836329021452984,0.24055170751309912
error_per_sample_ms,-14.998255545592158,20.27523150649732
absolute_error_per_sample_ms,15.355835036039416,20.005774476357864
absolute_relative_error_per_sample_percent,37.13390262146729,324.21941148828853
