metrics,mean,std
pep_reference_ms,99.84737777839543,12.994945553810146
pep_estimated_ms,56.464216178749496,20.757662835042467
error_ms,43.37894613722314,19.270353020741886
absolute_error_ms,48.73847255105679,11.04481951965506
absolute_relative_error_percent,56.722207481303364,20.357310909096046
pearson_r,0.07468219230527899,0.21643466615085524
error_per_sample_ms,44.68272155973033,28.59782597049406
absolute_error_per_sample_ms,49.71714689986666,18.509093990796337
absolute_relative_error_per_sample_percent,59.653140803887446,185.32432376878035
