metrics,mean,std
pep_reference_ms,99.84737777839543,12.994945553810146
pep_estimated_ms,118.86139015161758,12.094736298471087
error_ms,-19.049367719955782,9.960206529902326
absolute_error_ms,19.694919837422322,10.31222741665052
absolute_relative_error_percent,41.214752808988415,48.22432742464624
pearson_r,0.21883988128163973,0.2171122226745071
error_per_sample_ms,-18.97434971974296,23.03051334728841
absolute_error_per_sample_ms,19.477981817005624,22.606165456864584
absolute_relative_error_per_sample_percent,43.25690989089133,351.15053579953883
