metrics,mean,std
pep_reference_ms,99.84737777839543,12.994945553810146
pep_estimated_ms,92.55721900937061,12.230131046773497
error_ms,7.432928853259265,10.401049707166102
absolute_error_ms,19.124942237541298,8.531114987243003
absolute_relative_error_percent,32.73280395881444,27.530553471262973
pearson_r,0.32708231266688614,0.2463134210921196
error_per_sample_ms,6.8792977808655,26.841522503106738
absolute_error_per_sample_ms,19.01377476006349,20.156101746522786
absolute_relative_error_per_sample_percent,33.69267019260275,229.37326313604723
