metrics,mean,std
pep_reference_ms,99.84737777839543,12.994945553810146
pep_estimated_ms,113.46038452714373,23.768536587526892
error_ms,-13.659027531948688,15.301385348844004
absolute_error_ms,22.93085584498715,6.921052457727169
absolute_relative_error_percent,38.94561048862042,34.01349985331736
pearson_r,0.19560067067881834,0.22213129228136652
error_per_sample_ms,-14.259061515780077,26.00935948976108
absolute_error_per_sample_ms,22.834586976358775,18.931171490362953
absolute_relative_error_per_sample_percent,40.95518746637246,276.8247510094932
