metrics,mean,std
pep_reference_ms,99.84737777839543,12.994945553810146
pep_estimated_ms,112.39781109884102,3.7269721001772327
error_ms,-12.634222611300885,10.86196035193869
absolute_error_ms,14.572875706070704,9.21299689876598
absolute_relative_error_percent,36.40616816847087,48.0652614932851
pearson_r,0.22352680773598696,0.22169207668201238
error_per_sample_ms,-13.628087131659639,21.64047153430476
absolute_error_per_sample_ms,15.43880596175322,20.388183773217634
absolute_relative_error_per_sample_percent,39.24620643789429,350.07059662889156
