metrics,mean,std
pep_reference_ms,99.84737777839543,12.994945553810146
pep_estimated_ms,77.65069862832314,31.87131511467662
error_ms,21.801541917283156,27.450923652390877
absolute_error_ms,28.72008963823179,24.124253903286863
absolute_relative_error_percent,29.82470131290809,25.54031434426397
pearson_r,0.2670474856049913,0.3329017424663742
error_per_sample_ms,19.7618195248749,38.676888107861856
absolute_error_per_sample_ms,22.424009494711218,37.19670661258727
absolute_relative_error_per_sample_percent,24.620113095610154,58.22980291398162
