metrics,mean,std
pep_reference_ms,99.84737777839543,12.994945553810146
pep_estimated_ms,118.15555901922212,12.036316866435442
error_ms,-18.343536587560337,9.345162729043931
absolute_error_ms,19.120676926755912,9.838498824087319
absolute_relative_error_percent,40.30839348169524,47.130659486770924
pearson_r,0.23110291134603295,0.22412947486147328
error_per_sample_ms,-18.080733790357762,22.66362191077486
absolute_error_per_sample_ms,18.78261078139031,22.08543014630097
absolute_relative_error_per_sample_percent,42.00414184696628,350.02832759161186
