metrics,mean,std
pep_reference_ms,99.84737777839543,12.994945553810146
pep_estimated_ms,86.01714314400327,24.054014571022222
error_ms,13.870189099153523,14.284366698221955
absolute_error_ms,16.710427310531387,15.073935244425432
absolute_relative_error_percent,24.42095566277717,25.831985834175914
pearson_r,0.39843498348098355,0.2318004205325326
error_per_sample_ms,13.320940961986832,26.455666425691444
absolute_error_per_sample_ms,16.403922417153545,24.662949610137947
absolute_relative_error_per_sample_percent,24.422455384065497,122.00004725410601
