metrics,mean,std
pep_reference_ms,99.84737777839543,12.994945553810146
pep_estimated_ms,111.22752884370838,25.027632752644386
error_ms,-11.414082239666204,16.799159367798428
absolute_error_ms,22.143421359505524,7.534368378355064
absolute_relative_error_percent,38.10589122849117,34.27476369018945
pearson_r,0.20574925892066287,0.25283375729867863
error_per_sample_ms,-11.566858891342195,26.458756820236157
absolute_error_per_sample_ms,22.00547072892621,18.698055917206663
absolute_relative_error_per_sample_percent,40.01448303179629,274.8992621736035
