metrics,mean,std
pep_reference_ms,99.84737777839543,12.994945553810146
pep_estimated_ms,57.742779841064916,20.6392183423585
error_ms,42.08763357651698,19.375566634002492
absolute_error_ms,47.52004897665451,11.268301997893834
absolute_relative_error_percent,55.6457214694376,20.352339782532873
pearson_r,0.08536033451890168,0.22199602126118423
error_per_sample_ms,43.42757714307821,28.60469305964805
absolute_error_per_sample_ms,48.55553230945804,18.61567091726384
absolute_relative_error_per_sample_percent,58.70708674942484,188.58064140770531
