metrics,mean,std
pep_reference_ms,99.84737777839543,12.994945553810146
pep_estimated_ms,113.351771478135,4.083050870783043
error_ms,-13.575995322357533,11.065746357317598
absolute_error_ms,15.328854958051396,9.40313056830769
absolute_relative_error_percent,37.2723572662482,48.06842329812356
pearson_r,0.1880149221123746,0.20268512421532867
error_per_sample_ms,-14.737524492533156,22.14464197074684
absolute_error_per_sample_ms,16.245947422529785,21.06297672516815
absolute_relative_error_per_sample_percent,40.23379795763155,350.47319638350666
