metrics,mean,std
pep_reference_ms,99.84737777839543,12.994945553810146
pep_estimated_ms,113.95642816906681,11.056276617038145
error_ms,-14.142153021832016,7.428414598873032
absolute_error_ms,14.536345543953617,7.431966440422645
absolute_relative_error_percent,34.05294205347398,43.086538812408534
pearson_r,0.44083716348627344,0.24731807069002193
error_per_sample_ms,-13.979470722716526,19.863031798851946
absolute_error_per_sample_ms,14.560602679566518,19.441051502871247
absolute_relative_error_per_sample_percent,35.67427255352135,322.2070070299201
