metrics,mean,std
pep_reference_ms,99.84737777839543,12.994945553810146
pep_estimated_ms,73.04726201279453,30.353792195163408
error_ms,26.159559912990748,24.33317121486542
absolute_error_ms,32.58266542419859,23.558817042502117
absolute_relative_error_percent,35.070634790740456,25.350541984778438
pearson_r,0.22172645137850105,0.2949575632268378
error_per_sample_ms,21.571897265351975,39.55160729147327
absolute_error_per_sample_ms,24.833806219382204,37.589339707209476
absolute_relative_error_per_sample_percent,27.64643135823882,66.96934616799611
