metrics,mean,std
pep_reference_ms,99.84737777839543,12.994945553810146
pep_estimated_ms,107.84175386237564,25.189382900203817
error_ms,-7.985292106811722,16.874596567072075
absolute_error_ms,23.18980496388887,7.33906028201966
absolute_relative_error_percent,38.521970966956985,34.18600283381445
pearson_r,0.11182756068942075,0.21396036717828956
error_per_sample_ms,-7.769436493442473,29.047826874507134
absolute_error_per_sample_ms,23.37391050248971,18.915620459783383
absolute_relative_error_per_sample_percent,40.43150475562781,265.6392077401724
