metrics,mean,std
pep_reference_ms,99.84737777839543,12.994945553810146
pep_estimated_ms,75.65597802510183,31.794681835641217
error_ms,23.621999952886537,24.78389637217206
absolute_error_ms,31.227265407171636,23.122933442203678
absolute_relative_error_percent,34.79030027961579,26.044865141629483
pearson_r,0.19159638577423796,0.26069371378953454
error_per_sample_ms,18.738705542415946,38.987835736149094
absolute_error_per_sample_ms,23.598699211103646,36.25316284599415
absolute_relative_error_per_sample_percent,27.45373281545496,90.41130704902614
