metrics,mean,std
pep_reference_ms,99.84737777839543,12.994945553810146
pep_estimated_ms,119.88569139437067,9.770105055321704
error_ms,-20.10991523859318,9.692330493583881
absolute_error_ms,20.44468639567179,9.6731087101967
absolute_relative_error_percent,42.737546091643146,48.51331482048928
pearson_r,0.25673555974958384,0.20139178094010224
error_per_sample_ms,-20.22077574933012,21.126818286178015
absolute_error_per_sample_ms,20.696881043130993,20.660622882390737
absolute_relative_error_per_sample_percent,45.178787846479025,358.61111252344955
