metrics,mean,std
pep_reference_ms,99.84737777839543,12.994945553810146
pep_estimated_ms,108.31112262098004,10.528294821233999
error_ms,-8.495795296113855,5.613241283480321
absolute_error_ms,10.459282062749992,5.9033476282489685
absolute_relative_error_percent,28.672056981481912,38.71018399825836
pearson_r,0.28741922186381036,0.21097101553663933
error_per_sample_ms,-8.969401757548315,21.089166661320807
absolute_error_per_sample_ms,11.06634692044341,20.068360276656097
absolute_relative_error_per_sample_percent,30.561194303549023,297.95178675237327
