metrics,mean,std
pep_reference_ms,99.84737777839543,12.994945553810146
pep_estimated_ms,87.55344126788198,28.085644266983635
error_ms,12.705201289472596,18.92081783694159
absolute_error_ms,16.505621052362237,17.49112112349015
absolute_relative_error_percent,20.618809821038187,21.171340431402765
pearson_r,0.3836372857903654,0.25017690362482026
error_per_sample_ms,10.796745907970676,30.66866101347727
absolute_error_per_sample_ms,15.424962480350844,28.62179279920513
absolute_relative_error_per_sample_percent,20.30637414775345,109.24301728992465
