metrics,mean,std
pep_reference_ms,99.84737777839543,12.994945553810146
pep_estimated_ms,90.65666782237444,23.346317963083127
error_ms,9.17892668108031,13.79401943867532
absolute_error_ms,14.676435918127792,13.524308642176445
absolute_relative_error_percent,23.97358278929183,25.880743782707032
pearson_r,0.360548190235254,0.23928570274487218
error_per_sample_ms,8.735286457548014,25.324609339898277
absolute_error_per_sample_ms,14.582777827923024,22.4718414584858
absolute_relative_error_per_sample_percent,24.4827403510628,155.98810460133566
