metrics,mean,std
pep_reference_ms,99.84737777839543,12.994945553810146
pep_estimated_ms,113.14982426904228,3.9543349589205614
error_ms,-13.374048113264807,11.011524401116048
absolute_error_ms,15.142850713265483,9.359549145213613
absolute_relative_error_percent,37.07392108329698,48.10678082257129
pearson_r,0.19816885975965268,0.21332814073676698
error_per_sample_ms,-14.445819352490066,21.943625463624294
absolute_error_per_sample_ms,15.978916541232975,20.853743582889578
absolute_relative_error_per_sample_percent,39.94701936937005,350.42666913984027
