metrics,mean,std
pep_reference_ms,99.84737777839543,12.994945553810146
pep_estimated_ms,58.27758810208824,20.54102950378884
error_ms,41.552825315493635,19.38712305666396
absolute_error_ms,47.00908833620504,11.334483917628889
absolute_relative_error_percent,55.153587873886096,20.37201419457696
pearson_r,0.08525191997253015,0.21588794266667222
error_per_sample_ms,42.9202604456044,28.715622497781876
absolute_error_per_sample_ms,48.08369517657654,18.833321276920316
absolute_relative_error_per_sample_percent,58.27491926324924,188.73903526279506
