metrics,mean,std
pep_reference_ms,99.84737777839543,12.994945553810146
pep_estimated_ms,120.32671898836105,9.762039640936294
error_ms,-20.550942832583576,9.775266450103123
absolute_error_ms,20.823093083822684,9.755576328681101
absolute_relative_error_percent,43.1969360395505,48.68292407917651
pearson_r,0.232330962608833,0.2055519144508302
error_per_sample_ms,-20.717851772721932,21.679281055282583
absolute_error_per_sample_ms,21.095619116384302,21.311862031433407
absolute_relative_error_per_sample_percent,45.70803689616063,359.03518992263747
