metrics,mean,std
pep_reference_ms,99.84737777839543,12.994945553810146
pep_estimated_ms,107.42896188122931,23.88792141849205
error_ms,-7.612548360036077,15.58148104222645
absolute_error_ms,24.467708556273884,5.923084101069745
absolute_relative_error_percent,40.12253996154781,34.14605298270959
pearson_r,0.09486324068005356,0.16492385405135948
error_per_sample_ms,-7.916116556160709,29.95712102767755
absolute_error_per_sample_ms,24.540721248286157,18.91684440416949
absolute_relative_error_per_sample_percent,42.20769038720284,270.72616931538624
