metrics,mean,std
pep_reference_ms,99.84737777839543,12.994945553810146
pep_estimated_ms,115.25454588566565,10.648381813723947
error_ms,-15.444068898485034,7.377447640944861
absolute_error_ms,15.659455147122065,7.415453657576941
absolute_relative_error_percent,35.71385151301579,43.36959959014518
pearson_r,0.35543880456003735,0.23563128664567626
error_per_sample_ms,-15.466129916935687,20.570793841850357
absolute_error_per_sample_ms,15.793619848634096,20.32044059483634
absolute_relative_error_per_sample_percent,37.68403274225099,324.4537534767994
