metrics,mean,std
pep_reference_ms,99.84737777839543,12.994945553810146
pep_estimated_ms,93.75801739007063,12.080686107682881
error_ms,6.050738548054817,10.298584772374843
absolute_error_ms,18.723551405681164,8.668395324930737
absolute_relative_error_percent,33.67383892682288,30.34120971840761
pearson_r,0.29210451626822614,0.24929217618991564
error_per_sample_ms,5.328953732864168,27.202589646489976
absolute_error_per_sample_ms,18.619658493608437,20.53501762706148
absolute_relative_error_per_sample_percent,35.30267115569136,262.7433684549626
