metrics,mean,std
pep_reference_ms,99.84737777839543,12.994945553810146
pep_estimated_ms,111.05921985726826,24.242421036883574
error_ms,-11.254628607827017,15.696969820074974
absolute_error_ms,22.665352352637413,7.054359678184415
absolute_relative_error_percent,38.569452439787156,34.326602022037314
pearson_r,0.18314030577659557,0.22506235228067073
error_per_sample_ms,-11.649072757775137,27.007614370314087
absolute_error_per_sample_ms,22.602001786168664,18.82183958463049
absolute_relative_error_per_sample_percent,40.4880930462537,275.4079555999284
