metrics,mean,std
pep_reference_ms,99.84737777839543,12.994945553810146
pep_estimated_ms,110.39047595567689,25.29344048863891
error_ms,-10.573261300122914,16.912121738477317
absolute_error_ms,22.016467036093637,7.778878628010262
absolute_relative_error_percent,37.77989238806216,34.252643539007465
pearson_r,0.20165177187500713,0.2529927138789076
error_per_sample_ms,-10.660071787656486,26.708297087304945
absolute_error_per_sample_ms,21.995887597999307,18.524340544211338
absolute_relative_error_per_sample_percent,39.66218099114569,272.01743549308384
