metrics,mean,std
pep_reference_ms,99.84737777839543,12.994945553810146
pep_estimated_ms,86.60355740506213,27.87910813930164
error_ms,13.9337114908892,18.610810651534944
absolute_error_ms,16.576672213221386,17.559442112814523
absolute_relative_error_percent,18.263275937130185,19.82155867160266
pearson_r,0.4144730603339054,0.27428597075672373
error_per_sample_ms,11.88965973876386,31.18564027621553
absolute_error_per_sample_ms,15.083336072739762,29.772489668448728
absolute_relative_error_per_sample_percent,16.7902757806786,46.52291448344992
