metrics,mean,std
pep_reference_ms,99.84737777839543,12.994945553810146
pep_estimated_ms,94.55764945445817,11.922862459396418
error_ms,5.251106483667274,10.204854044250077
absolute_error_ms,18.838588659355135,8.792522059836577
absolute_relative_error_percent,33.858311915611075,30.372920416116738
pearson_r,0.26868032466815855,0.2372528834953658
error_per_sample_ms,4.461972310304382,27.583818410173105
absolute_error_per_sample_ms,18.70196323394161,20.760847915719246
absolute_relative_error_per_sample_percent,35.462217845707876,257.9156784150573
