metrics,mean,std
pep_reference_ms,99.84737777839543,12.994945553810146
pep_estimated_ms,120.39452570041347,9.775236628630095
error_ms,-20.618749544635993,9.768301956569863
absolute_error_ms,20.884000333877115,9.749205926080114
absolute_relative_error_percent,43.25773142698159,48.639347972863554
pearson_r,0.22820009115523848,0.20633697302501167
error_per_sample_ms,-20.796414407378748,21.773852008811247
absolute_error_per_sample_ms,21.163665694818693,21.41706650928176
absolute_relative_error_per_sample_percent,45.776438165674875,359.05632243577696
