metrics,mean,std
pep_reference_ms,99.84737777839543,12.994945553810146
pep_estimated_ms,116.60290181108317,12.564490888007109
error_ms,-16.684854685509478,8.427471298881365
absolute_error_ms,18.239878205214968,9.815925494420247
absolute_relative_error_percent,38.29909726279541,46.25437981908136
pearson_r,0.2392420386899696,0.242804994186023
error_per_sample_ms,-16.140208953159576,22.78717961797663
absolute_error_per_sample_ms,17.93004439445686,21.4073680775192
absolute_relative_error_per_sample_percent,39.19060000025267,343.5255601777112
