metrics,mean,std
pep_reference_ms,99.84737777839543,12.994945553810146
pep_estimated_ms,89.20903563450845,27.230546262508323
error_ms,10.984748420384028,18.10856497706333
absolute_error_ms,15.466641246969038,16.694790930662595
absolute_relative_error_percent,20.63419052558316,21.804807276925036
pearson_r,0.37262111282882965,0.24656002740078933
error_per_sample_ms,9.120577092155377,29.85002504217068
absolute_error_per_sample_ms,14.632816412579436,27.569722620075673
absolute_relative_error_per_sample_percent,20.51228858747462,123.47606627184793
