metrics,mean,std
pep_reference_ms,99.84737777839543,12.994945553810146
pep_estimated_ms,104.85389781240274,12.345759697098302
error_ms,-5.000426921261787,4.449237025173699
absolute_error_ms,10.296646491473176,6.459990146893982
absolute_relative_error_percent,25.727583648067878,34.7411340014615
pearson_r,0.32402816008520585,0.20893078186582073
error_per_sample_ms,-5.228953978466249,22.227204731566005
absolute_error_per_sample_ms,11.001662709205958,20.0088482307387
absolute_relative_error_per_sample_percent,27.88010672376492,266.21774355758265
