metrics,mean,std
pep_reference_ms,99.84737777839543,12.994945553810146
pep_estimated_ms,89.09186919642563,24.2754603059139
error_ms,10.74851738933883,14.703580765400446
absolute_error_ms,15.635568774644513,14.479751867151169
absolute_relative_error_percent,24.077935814510674,25.40256044180093
pearson_r,0.37393885452494613,0.2502924398594711
error_per_sample_ms,10.558486768760291,26.122955372123936
absolute_error_per_sample_ms,15.53166983162795,23.50867228197635
absolute_relative_error_per_sample_percent,24.64717689570869,135.8053932925351
