metrics,mean,std
pep_reference_ms,137.87356451358494,20.14601560316418
pep_estimated_ms,128.2908694546485,19.791961261686065
error_ms,9.582695058936464,3.5893057536175177
absolute_error_ms,10.068228944656976,2.879916272347571
absolute_relative_error_percent,7.574853709859126,2.5112724183544803
error_per_sample_ms,9.617607018605355,5.447197208286412
absolute_error_per_sample_ms,10.057479957646347,4.58447587973038
absolute_relative_error_per_sample_percent,7.54096873671367,4.7288974239325725
