metrics,mean,std
pep_reference_ms,137.87356451358494,20.14601560316418
pep_estimated_ms,144.16231679240508,18.59425411095894
error_ms,-6.288752278820142,5.817497203417935
absolute_error_ms,6.725974104935607,5.370434764588115
absolute_relative_error_percent,5.41336501473251,4.9159463079417876
error_per_sample_ms,-6.538798971411285,7.091902682504877
absolute_error_per_sample_ms,6.955679927393738,6.68352395030511
absolute_relative_error_per_sample_percent,5.56695603700428,6.439999407965932
