metrics,mean,std
pep_reference_ms,137.87356451358494,20.14601560316418
pep_estimated_ms,140.16231679240508,18.594254110958936
error_ms,-2.288752278820142,5.817497203417935
absolute_error_ms,4.855155445313154,4.202830372799641
absolute_relative_error_percent,3.906460078074334,3.859610491468458
error_per_sample_ms,-2.538798971411284,7.091902682504877
absolute_error_per_sample_ms,4.961427923158372,5.667875866553848
absolute_relative_error_per_sample_percent,3.984881202675254,5.491332856409016
