metrics,mean,std
pep_reference_ms,137.87356451358494,20.14601560316418
pep_estimated_ms,141.13747077644285,23.717183708854762
error_ms,-3.266483779086486,10.083118252559798
absolute_error_ms,4.326606708311972,9.754697416978633
absolute_relative_error_percent,3.11822110583113,6.682431540781995
error_per_sample_ms,-3.0726377346875964,12.696565983729785
absolute_error_per_sample_ms,4.170821791320407,12.37934311718048
absolute_relative_error_per_sample_percent,3.0123135609592855,9.239929268453507
