metrics,mean,std
pep_reference_ms,91.81678678514223,20.888297889774446
pep_estimated_ms,116.42678585031206,22.332277181940395
error_ms,-24.723319605465015,10.523423574484237
absolute_error_ms,25.784493623366984,9.622484481415517
absolute_relative_error_percent,32.98034557322626,16.055649684796844
error_per_sample_ms,-23.99919240864123,19.742241685215255
absolute_error_per_sample_ms,25.05309913183929,18.386396245992916
absolute_relative_error_per_sample_percent,33.15667048816586,31.474668215754452
