metrics,mean,std
pep_reference_ms,91.81678678514223,20.888297889774446
pep_estimated_ms,102.58611699608194,22.345971215487378
error_ms,-11.002425719057209,14.611826583768464
absolute_error_ms,23.68343321356849,7.146429490102551
absolute_relative_error_percent,29.13426281541484,11.471415564073624
error_per_sample_ms,-9.934827302631579,27.366693720960996
absolute_error_per_sample_ms,24.350534539473685,15.958953173435258
absolute_relative_error_per_sample_percent,30.570669176423227,22.786392114481668
