metrics,mean,std
pep_reference_ms,91.81678678514223,20.888297889774446
pep_estimated_ms,75.36095290899114,26.041805797592804
error_ms,16.351768487847572,15.108422090799962
absolute_error_ms,21.819825280079137,13.633418239204854
absolute_relative_error_percent,24.433771299654715,15.405245316900654
error_per_sample_ms,15.638741315897017,28.23311106502427
absolute_error_per_sample_ms,21.23007764609726,24.309722201132153
absolute_relative_error_per_sample_percent,24.282142128841095,26.827642016605
