metrics,mean,std
pep_reference_ms,91.81678678514223,20.888297889774446
pep_estimated_ms,89.8403725600553,23.703484223566562
error_ms,1.8661505306870185,12.858864585730954
absolute_error_ms,16.12576384618537,7.8751589757412
absolute_relative_error_percent,21.167515588880377,14.476374881882526
error_per_sample_ms,1.197981836528759,24.04010599456119
absolute_error_per_sample_ms,16.935216952573157,17.10439368933232
absolute_relative_error_per_sample_percent,22.862196519038072,28.757423058610463
