metrics,mean,std
pep_reference_ms,91.81678678514223,20.888297889774446
pep_estimated_ms,71.50390991353238,24.807622876834348
error_ms,20.103054377523126,14.306425619080208
absolute_error_ms,23.28073543124397,13.896665595074657
absolute_relative_error_percent,25.8267859336112,15.50154888420635
error_per_sample_ms,19.784223706176963,27.4350914328089
absolute_error_per_sample_ms,22.55634390651085,25.205378377517913
absolute_relative_error_per_sample_percent,25.59839110707089,26.678239898332954
