metrics,mean,std
pep_reference_ms,91.81678678514223,20.888297889774446
pep_estimated_ms,115.99258608176649,22.480450372588397
error_ms,-24.278782883424615,10.63381786885849
absolute_error_ms,25.493703985648008,9.554832945602802
absolute_relative_error_percent,32.57446068561675,15.996924265082944
error_per_sample_ms,-23.447948251465533,19.917656172995386
absolute_error_per_sample_ms,24.735597331716193,18.293975217876127
absolute_relative_error_per_sample_percent,32.6899658471696,31.197302020846443
