metrics,mean,std
pep_reference_ms,91.81678678514223,20.888297889774446
pep_estimated_ms,112.94383639731929,22.938253362847515
error_ms,-21.16356254461261,10.48715379913195
absolute_error_ms,24.247729268305854,9.16096561320994
absolute_relative_error_percent,30.538496263858324,14.744781221495318
error_per_sample_ms,-19.757421716144773,21.874208771409855
absolute_error_per_sample_ms,23.319845465636437,18.028353493973103
absolute_relative_error_per_sample_percent,30.287875592690035,29.382273614268954
