metrics,mean,std
pep_reference_ms,91.81678678514223,20.888297889774446
pep_estimated_ms,112.5419443132243,22.663802330800927
error_ms,-20.796361110156212,10.556053942516764
absolute_error_ms,24.52915239263364,9.687446677540123
absolute_relative_error_percent,30.875852359907235,15.306235092503398
error_per_sample_ms,-19.745604514868678,22.571478477354106
absolute_error_per_sample_ms,23.715650097677447,18.355611642105433
absolute_relative_error_per_sample_percent,30.482843716606652,29.353886457083192
