metrics,mean,std
pep_reference_ms,91.81678678514223,20.888297889774446
pep_estimated_ms,105.0360237368803,22.70561477648694
error_ms,-13.334928343404128,7.398762340987419
absolute_error_ms,15.532886564919373,6.115451870589906
absolute_relative_error_percent,19.684040553259788,9.486130509721097
error_per_sample_ms,-12.503531786074673,17.099935903679423
absolute_error_per_sample_ms,15.227648839556004,14.726331038466022
absolute_relative_error_per_sample_percent,19.791472928915812,22.00041756051111
