metrics,mean,std
pep_reference_ms,91.81678678514223,20.888297889774446
pep_estimated_ms,112.65346601580657,14.077763145820073
error_ms,-20.93800493274707,11.640344167981047
absolute_error_ms,22.94700487932727,10.387296016245399
absolute_relative_error_percent,31.72349259313715,19.745910263722504
error_per_sample_ms,-21.751760209213437,20.57678493041309
absolute_error_per_sample_ms,23.67974250653792,18.325199728669713
absolute_relative_error_per_sample_percent,33.46517205099734,34.5726533814379
