metrics,mean,std
pep_reference_ms,91.81678678514223,20.888297889774446
pep_estimated_ms,53.49050260768296,22.278012196624058
error_ms,38.41503021088728,13.115576129495976
absolute_error_ms,40.84850450717784,11.056795860828418
absolute_relative_error_percent,45.43750328451927,13.977247515268822
error_per_sample_ms,39.180738226559185,25.870110635966263
absolute_error_per_sample_ms,41.89732711073398,21.18978181273815
absolute_relative_error_per_sample_percent,47.55297818485194,22.788834638986074
