metrics,mean,std
pep_reference_ms,91.81678678514223,20.888297889774446
pep_estimated_ms,55.84373085596948,23.125678004743015
error_ms,35.97348348889769,14.074802247924666
absolute_error_ms,38.43946293449292,11.865923572925915
absolute_relative_error_percent,42.882909947694216,14.991212770720201
error_per_sample_ms,36.65060240963855,24.773256388374396
absolute_error_per_sample_ms,39.37100124636477,20.171890093203437
absolute_relative_error_per_sample_percent,45.05941527682819,22.13382797750062
