metrics,mean,std
pep_reference_ms,91.81678678514223,20.888297889774446
pep_estimated_ms,67.21520380153805,26.270004982559346
error_ms,24.506530703300182,20.763401013296164
absolute_error_ms,27.60343862898205,19.359890018287278
absolute_relative_error_percent,30.366769838780026,20.515238593745316
error_per_sample_ms,20.261458568525626,31.795545309173956
absolute_error_per_sample_ms,24.185143373221948,28.923385777748717
absolute_relative_error_per_sample_percent,26.97594912459653,31.016915950383904
