metrics,mean,std
pep_reference_ms,91.81678678514223,20.888297889774446
pep_estimated_ms,103.0206597481261,22.714000060926796
error_ms,-11.30698826625108,7.70045708599539
absolute_error_ms,15.145886691952503,6.024353146969127
absolute_relative_error_percent,18.792172181532568,9.033155781691413
error_per_sample_ms,-10.052791262135923,18.359186068086995
absolute_error_per_sample_ms,14.859425566343042,14.741634817110024
absolute_relative_error_per_sample_percent,18.836833634540856,19.92861380580556
