metrics,mean,std
pep_reference_ms,91.81678678514223,20.888297889774446
pep_estimated_ms,115.6025137541981,23.321895988553404
error_ms,-23.97348207548365,11.251330543704297
absolute_error_ms,25.813925382531526,9.738494199105393
absolute_relative_error_percent,32.96686290828073,16.152158523340198
error_per_sample_ms,-23.361363636363638,21.047815374161683
absolute_error_per_sample_ms,25.227066115702478,18.771227401775974
absolute_relative_error_per_sample_percent,33.1133595558255,31.42728143168793
