metrics,mean,std
pep_reference_ms,91.81678678514223,20.888297889774446
pep_estimated_ms,75.02302700696627,25.91072878991639
error_ms,16.720079102059486,15.007036160820547
absolute_error_ms,21.931038080132275,13.49502035687945
absolute_relative_error_percent,24.504073004896153,15.231539738110886
error_per_sample_ms,16.233442354865087,28.09583605163693
absolute_error_per_sample_ms,21.43540474243663,24.36029715863745
absolute_relative_error_per_sample_percent,24.480599189451574,26.768818698495778
