metrics,mean,std
pep_reference_ms,133.4191762754604,21.372115145218338
pep_estimated_ms,140.1097108945028,20.072064093287963
error_ms,-6.671472915829792,5.61470839025828
absolute_error_ms,7.0641474676944735,5.196462006841931
absolute_relative_error_percent,5.989345193578773,5.2627147853804495
pearson_r,0.9843833228161114,0.03233405005219671
error_per_sample_ms,-6.96865671641791,7.314894005725045
absolute_error_per_sample_ms,7.3280597014925375,6.954810691717623
absolute_relative_error_per_sample_percent,6.204788293452154,7.362275212485273
