metrics,mean,std
pep_reference_ms,133.4191762754604,21.372115145218338
pep_estimated_ms,138.1097108945028,20.072064093287963
error_ms,-4.671472915829791,5.61470839025828
absolute_error_ms,5.6768580443339385,4.740521853815352
absolute_relative_error_percent,4.85489582289583,4.756610923461885
pearson_r,0.9843833228161114,0.03233405005219671
error_per_sample_ms,-4.96865671641791,7.314894005725045
absolute_error_per_sample_ms,5.896417910447761,6.589952936550296
absolute_relative_error_per_sample_percent,5.039625790562111,6.851769142164403
