metrics,mean,std
pep_reference_ms,133.4191762754604,21.372115145218338
pep_estimated_ms,136.1097108945028,20.072064093287963
error_ms,-2.6714729158297907,5.61470839025828
absolute_error_ms,4.833490420471373,4.144367212604313
absolute_relative_error_percent,4.110055045341466,4.164961020111083
pearson_r,0.9843833228161114,0.03233405005219671
error_per_sample_ms,-2.9686567164179105,7.314894005725045
absolute_error_per_sample_ms,4.975223880597015,6.1292531643637105
absolute_relative_error_per_sample_percent,4.236580085094716,6.310979907928032
