metrics,mean,std
pep_reference_ms,133.4191762754604,21.372115145218338
pep_estimated_ms,134.1097108945028,20.072064093287963
error_ms,-0.6714729158297909,5.614708390258281
absolute_error_ms,4.605987002268343,3.5997127131101543
absolute_relative_error_percent,3.836556617793742,3.582161685799948
pearson_r,0.9843833228161114,0.03233405005219671
error_per_sample_ms,-0.9686567164179104,7.314894005725045
absolute_error_per_sample_ms,4.664179104477612,5.717639673030136
absolute_relative_error_per_sample_percent,3.8963624904829253,5.815357478395091
