metrics,mean,std
pep_reference_ms,133.4191762754604,21.372115145218338
pep_estimated_ms,124.24306700633586,21.015350397301553
error_ms,9.195170972337152,3.3347385799231546
absolute_error_ms,9.753411458446717,2.127063419560934
absolute_relative_error_percent,7.698603586594475,1.9648582505348482
pearson_r,0.9821493575440302,0.03436248223477478
error_per_sample_ms,9.184179104477613,5.711898068944433
absolute_error_per_sample_ms,9.713731343283582,4.755875183774745
absolute_relative_error_per_sample_percent,7.629731902446953,5.0882687561817335
