metrics,mean,std
pep_reference_ms,133.4191762754604,21.372115145218338
pep_estimated_ms,142.1097108945028,20.072064093287963
error_ms,-8.671472915829792,5.61470839025828
absolute_error_ms,8.831165190196932,5.418954631067916
absolute_relative_error_percent,7.408893562741085,5.6190136578581535
pearson_r,0.9843833228161114,0.03233405005219671
error_per_sample_ms,-8.968656716417911,7.314894005725045
absolute_error_per_sample_ms,9.11134328358209,7.136378716174181
absolute_relative_error_per_sample_percent,7.633569565381329,7.783281484036088
