metrics,mean,std
pep_reference_ms,133.4191762754604,21.372115145218338
pep_estimated_ms,144.1097108945028,20.072064093287963
error_ms,-10.67147291582979,5.61470839025828
absolute_error_ms,10.761032517918784,5.484189983642652
absolute_relative_error_percent,8.957927234384206,5.875026916699414
pearson_r,0.9843833228161114,0.03233405005219671
error_per_sample_ms,-10.968656716417911,7.314894005725045
absolute_error_per_sample_ms,11.046865671641791,7.196239525635183
absolute_relative_error_per_sample_percent,9.183047919490654,8.152378922112907
