metrics,mean,std
pep_reference_ms,133.4191762754604,21.372115145218338
pep_estimated_ms,137.12211140812042,24.62025651899464
error_ms,-3.660498772972708,10.31891309138733
absolute_error_ms,5.197365615660136,9.90194523757876
absolute_relative_error_percent,4.082997337670969,7.398158083676086
pearson_r,0.9139731339183904,0.14589548448531842
error_per_sample_ms,-3.529000911023383,13.21530322848825
absolute_error_per_sample_ms,5.108108108108108,12.68878711330504
absolute_relative_error_per_sample_percent,4.049326824643449,10.381201159083647
