metrics,mean,std
pep_reference_ms,88.86248142383685,43.129915722136964
pep_estimated_ms,94.77862433155597,18.733232699255073
error_ms,-6.060939089696766,38.79379209680043
absolute_error_ms,23.65091821987462,36.14780211362558
absolute_relative_error_percent,26.03319314764327,15.12081954688604
pearson_r,0.12565734630784375,0.2960766001512819
error_per_sample_ms,-9.338356729975228,57.50196283103627
absolute_error_per_sample_ms,26.910611065235344,51.66720089122096
absolute_relative_error_per_sample_percent,28.199717007781604,29.1968455348732
