metrics,mean,std
pep_reference_ms,91.81678678514223,20.888297889774446
pep_estimated_ms,65.94537281065585,25.613295291238437
error_ms,25.911474449929276,21.989717100768164
absolute_error_ms,30.485982426674738,19.14952552609662
absolute_relative_error_percent,33.34235531623804,20.09410850766633
pearson_r,0.23571773317197142,0.3379493425155181
error_per_sample_ms,20.849385474860334,33.18702878400875
absolute_error_per_sample_ms,26.909273743016758,28.49503010725431
absolute_relative_error_per_sample_percent,30.124602897359896,30.179340606294186
