metrics,mean,std
pep_reference_ms,91.81678678514223,20.888297889774446
pep_estimated_ms,110.52796274008746,20.270794042444553
error_ms,-18.827972116877614,7.962364607553274
absolute_error_ms,20.627895553269006,6.866100462591181
absolute_relative_error_percent,26.628355379484184,12.086423452552127
pearson_r,0.41890651435902587,0.27099633031261244
error_per_sample_ms,-18.88256658595642,17.6672890407282
absolute_error_per_sample_ms,21.05851493139629,15.007443879817448
absolute_relative_error_per_sample_percent,27.915169079935914,25.07272120832096
