metrics,mean,std
pep_reference_ms,88.86248142383685,43.129915722136964
pep_estimated_ms,91.03375521094328,31.779066548561108
error_ms,-1.0359522088730295,52.17625774481666
absolute_error_ms,40.25550528803395,39.95215877873621
absolute_relative_error_percent,43.93525751472703,19.884062002577412
pearson_r,0.2304512525685494,0.39162726781697627
error_per_sample_ms,-11.524551602469861,61.77417162455828
absolute_error_per_sample_ms,37.27638929726551,50.58986430597616
absolute_relative_error_per_sample_percent,41.21079400434207,31.426444587728223
