metrics,mean,std
pep_reference_ms,91.81678678514223,20.888297889774446
pep_estimated_ms,66.37197160766729,25.74727407861652
error_ms,25.432169682051256,22.24447215359886
absolute_error_ms,30.972792608234997,18.78710774493738
absolute_relative_error_percent,34.047744632730286,19.978674710832586
pearson_r,0.23625311730980295,0.3207944155379357
error_per_sample_ms,21.262849413886386,35.41209642120704
absolute_error_per_sample_ms,28.425157799819658,29.968912929864903
absolute_relative_error_per_sample_percent,31.999884893291856,31.74162079284844
