metrics,mean,std
pep_reference_ms,91.81678678514223,20.888297889774446
pep_estimated_ms,68.15930206149712,26.559850790924596
error_ms,23.53465669030884,22.723920765503955
absolute_error_ms,29.40710129362209,19.016768961072202
absolute_relative_error_percent,32.49758283224546,20.389356790701214
pearson_r,0.24565670142210583,0.32228861395064134
error_per_sample_ms,19.003713411970292,33.93243272415493
absolute_error_per_sample_ms,26.50262123197903,28.463348043717936
absolute_relative_error_per_sample_percent,30.021966223297863,30.5733234036365
