metrics,mean,std
pep_reference_ms,91.81678678514223,20.888297889774446
pep_estimated_ms,62.01191484922087,20.6113386523391
error_ms,29.742089690612556,13.265319631201985
absolute_error_ms,34.11027824466224,9.999115176176876
absolute_relative_error_percent,38.050259524803614,10.444135189567914
pearson_r,0.04264941169156314,0.31215969458706866
error_per_sample_ms,30.19612244897959,26.42047183347365
absolute_error_per_sample_ms,34.83,19.917787097394655
absolute_relative_error_per_sample_percent,40.057781870873214,21.479804005195255
