metrics,mean,std
pep_reference_ms,91.81678678514223,20.888297889774446
pep_estimated_ms,60.855778895721066,24.390711831914086
error_ms,30.924606093300735,17.071775326476544
absolute_error_ms,35.6486800169503,12.113299541544386
absolute_relative_error_percent,40.22509077521413,14.834184441947576
pearson_r,0.11091601647873855,0.3047336502294597
error_per_sample_ms,31.58988525286868,27.59368571615701
absolute_error_per_sample_ms,36.61708457288568,20.457797023961188
absolute_relative_error_per_sample_percent,42.54374102799346,23.622076645926942
