metrics,mean,std
pep_reference_ms,91.81678678514223,20.888297889774446
pep_estimated_ms,70.49039684558188,27.0545138912343
error_ms,21.253333082290254,23.070572428794762
absolute_error_ms,28.59922093699541,18.684815563152817
absolute_relative_error_percent,31.74041891046647,20.066781215862417
pearson_r,0.23113910446805289,0.325671509996555
error_per_sample_ms,16.827705627705626,34.66563493411311
absolute_error_per_sample_ms,26.23766233766234,28.221676015657355
absolute_relative_error_per_sample_percent,29.912228151648222,30.60492583146954
