metrics,mean,std
pep_reference_ms,88.86248142383685,43.129915722136964
pep_estimated_ms,97.09985567980362,35.379729373700826
error_ms,-7.365443560527114,54.815828366188924
absolute_error_ms,45.70364540388005,39.70348119916332
absolute_relative_error_percent,51.223137653906164,21.29925896658893
pearson_r,0.20541062469409682,0.3641470322506101
error_per_sample_ms,-19.154866008462623,64.86492415823808
absolute_error_per_sample_ms,43.718476727785614,51.6048647944959
absolute_relative_error_per_sample_percent,49.897240748294884,36.34032488085076
