metrics,mean,std
pep_reference_ms,91.81678678514223,20.888297889774446
pep_estimated_ms,118.0737997336521,10.798739922591608
error_ms,-26.31605123562659,12.819814861740532
absolute_error_ms,28.099608005294407,11.550673099940914
absolute_relative_error_percent,38.7922947423817,23.294109375278662
pearson_r,0.2098394517688998,0.3144956493229754
error_per_sample_ms,-28.10999396742409,21.688482522765824
absolute_error_per_sample_ms,29.591594610898852,19.61885734116932
absolute_relative_error_per_sample_percent,41.80282573629001,39.122645346175844
