metrics,mean,std
pep_reference_ms,88.86248142383685,43.129915722136964
pep_estimated_ms,96.67053273924438,18.900315587141197
error_ms,-7.955494251002201,38.61178259653927
absolute_error_ms,24.318135386904224,36.004768450693994
absolute_relative_error_percent,27.03014166675987,15.430149017810479
pearson_r,0.12492421363586667,0.29691070611369363
error_per_sample_ms,-11.306219110378912,58.025571771802284
absolute_error_per_sample_ms,27.87294069192751,52.13345132638704
absolute_relative_error_per_sample_percent,29.4241550189179,29.749242241823445
