metrics,mean,std
pep_reference_ms,91.81678678514223,20.888297889774446
pep_estimated_ms,114.51716598352127,20.277675728780938
error_ms,-22.81528570757037,7.962029216396979
absolute_error_ms,24.28446340344613,7.0299957022035535
absolute_relative_error_percent,31.064535685391373,12.944896476403219
pearson_r,0.41785901019045446,0.27074110451150185
error_per_sample_ms,-22.85898729070002,17.74332512430669
absolute_error_per_sample_ms,24.696388944926365,15.08135469724666
absolute_relative_error_per_sample_percent,32.49284712950181,26.31152941090232
