metrics,mean,std
pep_reference_ms,88.86248142383685,43.129915722136964
pep_estimated_ms,86.91005847816128,21.26962991519518
error_ms,1.8266544902940616,38.73426235129769
absolute_error_ms,21.416498415263593,35.43074070139844
absolute_relative_error_percent,22.491677350159936,13.139680410334487
pearson_r,0.16611232187137218,0.26548416382989026
error_per_sample_ms,-1.72188013136289,57.400181345257
absolute_error_per_sample_ms,24.42467159277504,51.97288819413695
absolute_relative_error_per_sample_percent,23.96531634804639,25.98417527732414
