metrics,mean,std
pep_reference_ms,88.86248142383685,43.129915722136964
pep_estimated_ms,100.70047133202019,19.835873349244814
error_ms,-11.972229497500436,38.90722955056399
absolute_error_ms,23.600271566737455,36.47106443961021
absolute_relative_error_percent,26.897117665651827,16.17458213922724
pearson_r,0.15901567383276832,0.27065670243882434
error_per_sample_ms,-15.455634517766498,57.73712097345148
absolute_error_per_sample_ms,27.432893401015228,53.1026189212762
absolute_relative_error_per_sample_percent,29.410255615116057,30.70817659034554
