metrics,mean,std
pep_reference_ms,88.86248142383685,43.129915722136964
pep_estimated_ms,102.22734736794746,23.473219577577986
error_ms,-13.479674781243835,39.17079828396791
absolute_error_ms,25.0282317750554,36.18929057403558
absolute_relative_error_percent,28.345935234520276,18.623042319788865
pearson_r,0.140455944491955,0.2847450301912178
error_per_sample_ms,-16.466246056782335,58.112555011337825
absolute_error_per_sample_ms,28.202103049421662,53.4120556872516
absolute_relative_error_per_sample_percent,30.097918078351068,34.06826897297063
