metrics,mean,std
pep_reference_ms,91.81678678514223,20.888297889774446
pep_estimated_ms,110.26711191791975,7.550304751101011
error_ms,-18.542740300609974,15.66134714901267
absolute_error_ms,23.90430648352299,9.966295083342501
absolute_relative_error_percent,32.96624618411199,20.85126621907287
pearson_r,0.195591831880359,0.3027450628325984
error_per_sample_ms,-20.97118678218819,22.15253514978209
absolute_error_per_sample_ms,25.16139431795285,17.246151008043693
absolute_relative_error_per_sample_percent,35.673677393260355,34.938645632084246
