metrics,mean,std
pep_reference_ms,88.86248142383685,43.129915722136964
pep_estimated_ms,98.77783561621885,19.68293591591325
error_ms,-10.04530052929258,38.86879377523933
absolute_error_ms,22.748589257735233,36.38185960036021
absolute_relative_error_percent,25.697935567064395,15.73124690476695
pearson_r,0.15925117863610022,0.2695313598894375
error_per_sample_ms,-13.621847030105776,57.65437058052059
absolute_error_per_sample_ms,26.46928397070789,52.99960537235749
absolute_relative_error_per_sample_percent,28.04444151999857,30.013238533615546
