metrics,mean,std
pep_reference_ms,91.81678678514223,20.888297889774446
pep_estimated_ms,109.2812574406588,20.204968564138447
error_ms,-17.594201412323304,14.187526163752173
absolute_error_ms,25.023460841730962,7.520584170701631
absolute_relative_error_percent,32.121373714665715,14.35689030075814
pearson_r,0.18644859334913277,0.31558996487160873
error_per_sample_ms,-17.700182075662553,24.699675651889528
absolute_error_per_sample_ms,26.166700384381954,15.449084562333633
absolute_relative_error_per_sample_percent,34.32800272400227,26.68614332218781
