metrics,mean,std
pep_reference_ms,88.86248142383685,43.129915722136964
pep_estimated_ms,104.45188908972014,40.49752140000754
error_ms,-14.994676122064627,58.27666071800612
absolute_error_ms,51.03380098522032,39.799756444044995
absolute_relative_error_percent,57.96596473423626,23.748625373370874
pearson_r,0.18442744811188128,0.3607965871117589
error_per_sample_ms,-26.022233325006244,66.00686385332745
absolute_error_per_sample_ms,49.945790657007244,50.393260448389114
absolute_relative_error_per_sample_percent,58.052964973606244,39.84705904799695
