metrics,mean,std
pep_reference_ms,88.86248142383685,43.129915722136964
pep_estimated_ms,102.65471705965454,19.924334741737617
error_ms,-13.922527618341695,38.94796682617463
absolute_error_ms,24.596063835546207,36.54641973077698
absolute_relative_error_percent,28.23098615323203,16.563726190697995
pearson_r,0.15862140704821465,0.27069213434813993
error_per_sample_ms,-17.33461772459947,57.810559722281276
absolute_error_per_sample_ms,28.507199351044413,53.19670452407049
absolute_relative_error_per_sample_percent,30.87495795301131,31.337898786906994
