metrics,mean,std
pep_reference_ms,88.86248142383685,43.129915722136964
pep_estimated_ms,103.20765918891229,40.16644900378099
error_ms,-13.844866687983076,57.91029051358872
absolute_error_ms,49.80039436388138,39.83225429410538
absolute_relative_error_percent,56.61540192222465,23.371213214311386
pearson_r,0.19775314306223987,0.34751785338012087
error_per_sample_ms,-25.185465556396668,65.26923352174272
absolute_error_per_sample_ms,48.48044410799899,50.43834908974927
absolute_relative_error_per_sample_percent,56.2713009008586,39.309175034440635
