metrics,mean,std
pep_reference_ms,88.86248142383685,43.129915722136964
pep_estimated_ms,98.94510825088236,37.0155630208682
error_ms,-9.714836509565465,55.293868351591684
absolute_error_ms,47.29146680824269,39.415653200641636
absolute_relative_error_percent,53.709898462384274,22.288858481037483
pearson_r,0.20218303436634047,0.3471893147804041
error_per_sample_ms,-21.732832916319154,65.95671374447979
absolute_error_per_sample_ms,45.936335835418404,52.08125540494919
absolute_relative_error_per_sample_percent,52.716623673870856,37.84892225841513
