metrics,mean,std
pep_reference_ms,88.86248142383685,43.129915722136964
pep_estimated_ms,102.60021472146128,38.62006878770442
error_ms,-12.585060777936112,56.70713392738714
absolute_error_ms,47.9168154264872,40.02321806301579
absolute_relative_error_percent,53.64028606815845,24.002192155357616
pearson_r,0.15901360471177534,0.38169300556551167
error_per_sample_ms,-23.16460688929792,63.66217239936271
absolute_error_per_sample_ms,45.334998685248486,50.34092868780239
absolute_relative_error_per_sample_percent,52.18749451129869,40.33028580957671
