metrics,mean,std
pep_reference_ms,91.81678678514223,20.888297889774446
pep_estimated_ms,67.61849386599863,26.309326389627817
error_ms,24.13405666597107,22.556972227321037
absolute_error_ms,30.76747506111911,18.578121793803426
absolute_relative_error_percent,33.988732973678744,20.02019173212477
pearson_r,0.23805714402445213,0.318957818250666
error_per_sample_ms,20.157380688124306,35.93680918816306
absolute_error_per_sample_ms,28.65371809100999,29.609773562007057
absolute_relative_error_per_sample_percent,32.488171716429406,31.65950375732534
