metrics,mean,std
pep_reference_ms,88.86248142383685,43.129915722136964
pep_estimated_ms,103.08775538007978,38.00626131338747
error_ms,-13.806866589711479,56.12789110230693
absolute_error_ms,50.19017735859392,39.5617246494285
absolute_relative_error_percent,57.113612269251654,23.354597981521785
pearson_r,0.1785431576040835,0.35311678269857194
error_per_sample_ms,-24.67758527341635,67.80797715699545
absolute_error_per_sample_ms,49.978072550081215,52.04898889727994
absolute_relative_error_per_sample_percent,57.65384611495033,39.52860451442604
