metrics,mean,std
pep_reference_ms,88.86248142383685,43.129915722136964
pep_estimated_ms,100.36947921716627,37.49064998359856
error_ms,-11.127863704974386,55.652765217174334
absolute_error_ms,48.132532710220595,39.533443991904726
absolute_relative_error_percent,54.73545555428554,22.693942319769075
pearson_r,0.19951118977998372,0.3476323385792731
error_per_sample_ms,-22.907560706401767,66.42896509960374
absolute_error_per_sample_ms,47.128311258278146,52.119919605317
absolute_relative_error_per_sample_percent,54.231210899881184,38.49882574240478
