metrics,mean,std
pep_reference_ms,88.86248142383685,43.129915722136964
pep_estimated_ms,105.95870475035298,39.93357458079316
error_ms,-16.687925800534078,57.24607819959757
absolute_error_ms,50.539873500214846,39.58501772865341
absolute_relative_error_percent,57.7257964214357,23.785046358272872
pearson_r,0.18381533078232765,0.3568632765558638
error_per_sample_ms,-26.508407517309596,65.5727575044846
absolute_error_per_sample_ms,49.851137487636,50.173163016043844
absolute_relative_error_per_sample_percent,58.03964877604652,40.038497395608005
