metrics,mean,std
pep_reference_ms,88.86248142383685,43.129915722136964
pep_estimated_ms,96.86874287637907,19.523073262634085
error_ms,-8.132578714374874,38.81741198100593
absolute_error_ms,22.07196695940477,36.270406200893845
absolute_relative_error_percent,24.675893591287682,15.275631893064013
pearson_r,0.15856681398194505,0.2698961607488885
error_per_sample_ms,-11.800244598450876,57.5744829271322
absolute_error_per_sample_ms,25.676722380758257,52.86561060549074
absolute_relative_error_per_sample_percent,26.853886733314567,29.24670406443768
