metrics,mean,std
pep_reference_ms,91.81678678514223,20.888297889774446
pep_estimated_ms,122.8744389281617,21.082114396668427
error_ms,-31.158267977633955,11.53178935287181
absolute_error_ms,32.92599229615766,10.122849332100404
absolute_relative_error_percent,42.20934787526413,18.893048090646044
pearson_r,0.205861487823253,0.301872399483549
error_per_sample_ms,-31.395214521452147,21.705389215436423
absolute_error_per_sample_ms,33.00082508250825,19.17626031621601
absolute_relative_error_per_sample_percent,43.495813949719675,35.04145916195185
