metrics,mean,std
pep_reference_ms,91.81678678514223,20.888297889774446
pep_estimated_ms,63.23632714994653,21.27038778320179
error_ms,28.493910570873073,14.271078800441257
absolute_error_ms,32.551374265103355,10.96852836318754
absolute_relative_error_percent,36.20530829576865,11.589719950366565
pearson_r,0.08686872141391881,0.32191844884623216
error_per_sample_ms,28.48228386313019,25.1699837619141
absolute_error_per_sample_ms,32.82486333265843,19.16499214263467
absolute_relative_error_per_sample_percent,37.698369628190896,20.523459193021075
