metrics,mean,std
pep_reference_ms,88.86248142383685,43.129915722136964
pep_estimated_ms,107.32553474555291,19.978606321047412
error_ms,-18.592319725485385,39.1976213008838
absolute_error_ms,27.215939006404227,36.907774188042694
absolute_relative_error_percent,31.675919789161473,17.514888025258557
pearson_r,0.1625514569381452,0.2646810959019058
error_per_sample_ms,-22.161981799797775,58.05184261726347
absolute_error_per_sample_ms,31.293629929221435,53.68313137669068
absolute_relative_error_per_sample_percent,34.6397714411056,32.95029481784299
