metrics,mean,std
pep_reference_ms,91.81678678514223,20.888297889774446
pep_estimated_ms,71.57608328209707,26.083034765969014
error_ms,20.105678433695655,21.36314585416131
absolute_error_ms,27.314770395503782,17.93324972665036
absolute_relative_error_percent,30.057965416209722,18.926134050801725
pearson_r,0.23214580661115236,0.3407762334450555
error_per_sample_ms,15.94803403081168,33.280002674171655
absolute_error_per_sample_ms,24.469073350195448,27.625401659044815
absolute_relative_error_per_sample_percent,27.556005426092717,30.118186831415752
