metrics,mean,std
pep_reference_ms,91.81678678514223,20.888297889774446
pep_estimated_ms,115.96520461359587,20.260705126324588
error_ms,-24.216106842191895,10.769811613001169
absolute_error_ms,27.87091938382576,9.92616942838626
absolute_relative_error_percent,35.77879611959534,17.513187299289633
pearson_r,0.1963109389775302,0.34029306135900017
error_per_sample_ms,-23.635752979414953,23.259069926779325
absolute_error_per_sample_ms,27.62231852654388,18.347770218227613
absolute_relative_error_per_sample_percent,36.09320664536781,31.423761823086956
