metrics,mean,std
pep_reference_ms,91.81678678514223,20.888297889774446
pep_estimated_ms,80.34928233916558,25.21009936581172
error_ms,11.264663980315861,16.257948076525086
absolute_error_ms,21.083919874706524,12.172997423338217
absolute_relative_error_percent,23.78301141200913,13.839659063366318
pearson_r,0.24631550348008863,0.31141332905700636
error_per_sample_ms,10.080487804878048,30.109434975747945
absolute_error_per_sample_ms,21.23089430894309,23.61024006200656
absolute_relative_error_per_sample_percent,24.57380600354168,26.16115217853261
