metrics,mean,std
pep_reference_ms,88.86248142383685,43.129915722136964
pep_estimated_ms,99.57192517160327,37.13605661232314
error_ms,-9.708123257833455,55.96176961906903
absolute_error_ms,45.911468203138725,39.773426821520275
absolute_relative_error_percent,51.46925842247298,21.584306040135626
pearson_r,0.191196434881873,0.3627497822561723
error_per_sample_ms,-20.65425122013871,62.67196045124602
absolute_error_per_sample_ms,43.44695607500642,49.6662332785929
absolute_relative_error_per_sample_percent,50.02736643655908,36.76129040224876
