metrics,mean,std
pep_reference_ms,91.81678678514223,20.888297889774446
pep_estimated_ms,101.50544642225358,21.981960701637043
error_ms,-9.800772272687556,10.854712531662198
absolute_error_ms,16.432024534088587,8.697771117206779
absolute_relative_error_percent,21.22228066370238,13.31957487220863
pearson_r,0.23081334929410294,0.33241238670097645
error_per_sample_ms,-8.834169757800566,22.0163685016891
absolute_error_per_sample_ms,15.95265110189832,17.557789158459194
absolute_relative_error_per_sample_percent,20.973368109191043,26.292984139398794
