metrics,mean,std
pep_reference_ms,88.86248142383685,43.129915722136964
pep_estimated_ms,106.56218237645182,20.059512253028785
error_ms,-17.833064326081253,38.9765965825134
absolute_error_ms,26.959102861292152,36.655966968685696
absolute_relative_error_percent,31.303244747980607,17.32092013590478
pearson_r,0.1603429257941048,0.2675776369345105
error_per_sample_ms,-21.165384615384614,57.89881562137644
absolute_error_per_sample_ms,30.94676113360324,53.315516799661694
absolute_relative_error_per_sample_percent,34.139509100007636,32.50128771226764
