metrics,mean,std
pep_reference_ms,91.81678678514223,20.888297889774446
pep_estimated_ms,77.90794232881157,26.161448455859368
error_ms,13.832767868581147,16.465021504280596
absolute_error_ms,22.371042840362215,13.272152938245851
absolute_relative_error_percent,24.867712883294182,15.007506626387418
pearson_r,0.2401040296176446,0.3175901433858629
error_per_sample_ms,13.467560093597108,30.46418279379624
absolute_error_per_sample_ms,22.022761114656458,24.98878950760244
absolute_relative_error_per_sample_percent,25.092001205225934,27.69030032636349
