metrics,mean,std
pep_reference_ms,88.86248142383685,43.129915722136964
pep_estimated_ms,101.51854485967252,39.811504959516235
error_ms,-12.077939445866841,57.7466604806685
absolute_error_ms,49.033025570742986,39.804103444743454
absolute_relative_error_percent,55.57630680805198,22.952179931015085
pearson_r,0.1957411760249305,0.3484406841509982
error_per_sample_ms,-23.963414634146343,64.78568626827105
absolute_error_per_sample_ms,47.208841463414636,50.42574415773203
absolute_relative_error_per_sample_percent,54.6817235421391,38.70711193026991
