metrics,mean,std
pep_reference_ms,88.86248142383685,43.129915722136964
pep_estimated_ms,92.55964744240664,33.79991786427273
error_ms,-2.4240208781495034,53.4526359998452
absolute_error_ms,40.50093236013284,40.11309892267713
absolute_relative_error_percent,44.09886004025364,19.911187026186845
pearson_r,0.20682790099882825,0.3813109508670372
error_per_sample_ms,-12.694829424307036,59.628911031767494
absolute_error_per_sample_ms,36.66977611940298,48.70413990924753
absolute_relative_error_per_sample_percent,40.92729011178262,32.04503763929596
