metrics,mean,std
pep_reference_ms,88.86248142383685,43.129915722136964
pep_estimated_ms,97.59280751454702,19.485964501253846
error_ms,-8.851381165454553,39.05739261212624
absolute_error_ms,22.132242231769343,36.5253554920711
absolute_relative_error_percent,24.809607319688414,15.399878703087811
pearson_r,0.16057210053921248,0.26689590831285287
error_per_sample_ms,-12.720447609359105,57.76821806421241
absolute_error_per_sample_ms,25.816683621566632,53.221007623689154
absolute_relative_error_per_sample_percent,27.102015497693355,29.664319363155247
