metrics,mean,std
pep_reference_ms,88.86248142383685,43.129915722136964
pep_estimated_ms,97.88007258008336,36.70165016940064
error_ms,-8.5283192984204,54.92442751332069
absolute_error_ms,46.38446612922458,39.39229307764444
absolute_relative_error_percent,52.55902598626323,22.00713838595101
pearson_r,0.20240931544507604,0.3636802313473318
error_per_sample_ms,-20.576470588235296,65.45243450828595
absolute_error_per_sample_ms,44.79327731092437,51.9709017881795
absolute_relative_error_per_sample_percent,51.26840301470083,37.11930485549665
