metrics,mean,std
pep_reference_ms,88.86248142383685,43.129915722136964
pep_estimated_ms,98.51271092728852,19.06588582694889
error_ms,-9.797383227339798,38.70730297411647
absolute_error_ms,25.229454186881707,36.070327204931736
absolute_relative_error_percent,28.252101080483445,15.736504477224752
pearson_r,0.12614289590809918,0.29407599128738293
error_per_sample_ms,-13.066762530813476,58.1687351293138
absolute_error_per_sample_ms,28.87366474938373,52.159884140219596
absolute_relative_error_per_sample_percent,30.79798243619989,30.278111276229886
