metrics,mean,std
pep_reference_ms,88.86248142383685,43.129915722136964
pep_estimated_ms,103.4081765009909,19.854783252058102
error_ms,-14.670834307668159,39.17420105378575
absolute_error_ms,24.763953010836232,36.8027123708495
absolute_relative_error_percent,28.500525542105922,16.73932482995464
pearson_r,0.1607327666098337,0.26771055385361187
error_per_sample_ms,-18.310309904800487,57.97704176595686
absolute_error_per_sample_ms,28.758760380798055,53.5680737202784
absolute_relative_error_per_sample_percent,31.26061805715722,31.784452096529783
