metrics,mean,std
pep_reference_ms,88.86248142383685,43.129915722136964
pep_estimated_ms,98.11998230872904,22.176607973916422
error_ms,-9.445891080460239,38.90711958629747
absolute_error_ms,25.365784152357165,35.90330309489534
absolute_relative_error_percent,28.08317890411859,17.676057676413727
pearson_r,0.11010396037456438,0.2953876111882729
error_per_sample_ms,-12.2008547008547,57.760926365962156
absolute_error_per_sample_ms,28.161538461538463,51.88557816546675
absolute_relative_error_per_sample_percent,29.728707648355787,32.659751399653
