metrics,mean,std
pep_reference_ms,91.81678678514223,20.888297889774446
pep_estimated_ms,102.01642124745491,19.5278076787899
error_ms,-10.42700108337099,14.37543064699701
absolute_error_ms,23.364616575987526,7.371746370654829
absolute_relative_error_percent,29.346793793391637,12.810187045073382
pearson_r,0.10415702380678968,0.31383239572577815
error_per_sample_ms,-10.154967159277504,27.569474861314337
absolute_error_per_sample_ms,24.63156814449918,16.015153851197923
absolute_relative_error_per_sample_percent,31.55177825777376,24.23870159925427
