metrics,mean,std
pep_reference_ms,91.81678678514223,20.888297889774446
pep_estimated_ms,112.92459255405838,20.239360296166964
error_ms,-21.235705092185103,14.251526623675035
absolute_error_ms,27.64890389160885,7.752226935749151
absolute_relative_error_percent,35.520546046105686,15.48846337596445
pearson_r,0.17991629358229888,0.3196345717979226
error_per_sample_ms,-21.237613751263904,24.838340026182745
absolute_error_per_sample_ms,28.659656218402425,15.703613550617334
absolute_relative_error_per_sample_percent,37.69796471638187,28.34578344615495
