metrics,mean,std
pep_reference_ms,88.86248142383685,43.129915722136964
pep_estimated_ms,99.51172009708435,19.63562541806738
error_ms,-10.77504832414905,39.10403997605342
absolute_error_ms,22.836820319519,36.63835250705772
absolute_relative_error_percent,25.870646054405125,15.877081827319712
pearson_r,0.16139802180760207,0.26653549811366223
error_per_sample_ms,-14.561738424045492,57.836828641119354
absolute_error_per_sample_ms,26.639723801787166,53.36167247151293
absolute_relative_error_per_sample_percent,28.333452617883353,30.446896750180862
