metrics,mean,std
pep_reference_ms,91.81678678514223,20.888297889774446
pep_estimated_ms,89.74475621889852,21.666009381797082
error_ms,1.9625381484395428,13.559343527118818
absolute_error_ms,16.95541931248126,8.345368260306588
absolute_relative_error_percent,21.781291525543494,15.354420947122906
pearson_r,0.3500912852281948,0.2918088500101688
error_per_sample_ms,0.291683488090432,24.636581459595508
absolute_error_per_sample_ms,17.262212353653613,17.58016637947073
absolute_relative_error_per_sample_percent,22.966810284435006,30.311643975434734
