metrics,mean,std
pep_reference_ms,88.86248142383685,43.129915722136964
pep_estimated_ms,82.6360690244466,19.97079724662193
error_ms,6.002468111353562,38.2802076778922
absolute_error_ms,23.134246097358993,34.927569796946244
absolute_relative_error_percent,23.923730177775287,12.843570265574229
pearson_r,0.1477298130404744,0.2873648051528336
error_per_sample_ms,2.855431813406178,56.6705207053701
absolute_error_per_sample_ms,25.60348812775793,50.63756316757899
absolute_relative_error_per_sample_percent,25.06418365754049,25.53293759992846
