metrics,mean,std
pep_reference_ms,88.86248142383685,43.129915722136964
pep_estimated_ms,86.2426243786733,21.282332530551987
error_ms,2.4967882266738384,38.48929942062447
absolute_error_ms,21.489948583533636,35.18085284129893
absolute_relative_error_percent,22.53697016031573,13.060015863654206
pearson_r,0.16379506725336526,0.2685189852767111
error_per_sample_ms,-0.9303953871499177,57.16344898485105
absolute_error_per_sample_ms,24.46004942339374,51.67428294253568
absolute_relative_error_per_sample_percent,23.925682086118037,25.667644320085124
