metrics,mean,std
pep_reference_ms,88.86248142383685,43.129915722136964
pep_estimated_ms,101.95714633737018,37.81959642664807
error_ms,-12.780021355681173,55.8146605328458
absolute_error_ms,48.92674862204865,39.597107258256365
absolute_relative_error_percent,55.768102456018276,23.077725203691106
pearson_r,0.19875098317618678,0.34750986513036775
error_per_sample_ms,-23.984670134136326,66.99367928136093
absolute_error_per_sample_ms,48.447303586093625,52.11790709855933
absolute_relative_error_per_sample_percent,55.83641782742861,39.063249091293265
