metrics,mean,std
pep_reference_ms,88.86248142383685,43.129915722136964
pep_estimated_ms,92.94414111770918,18.55664784297904
error_ms,-4.235672415795067,38.750357552983786
absolute_error_ms,23.093922036014295,36.04264330456353
absolute_relative_error_percent,25.16618949065343,14.739352471166534
pearson_r,0.1282488078834606,0.293667749665713
error_per_sample_ms,-7.575864210308425,57.38982306745067
absolute_error_per_sample_ms,26.23411302007866,51.601907176925785
absolute_relative_error_per_sample_percent,27.157507592244684,28.575612158052337
