metrics,mean,std
pep_reference_ms,91.81678678514223,20.888297889774446
pep_estimated_ms,44.91936468220244,22.016938341507842
error_ms,46.94585288657364,14.223412650392222
absolute_error_ms,48.07211764171956,13.4219691816636
absolute_relative_error_percent,53.04486769661325,16.757233841230594
pearson_r,0.0895587828454906,0.32570582992391733
error_per_sample_ms,47.2316577540107,25.26668079139828
absolute_error_per_sample_ms,48.60235294117647,22.5176806307338
absolute_relative_error_per_sample_percent,54.70772967506429,23.676226992403897
