metrics,mean,std
pep_reference_ms,91.81678678514223,20.888297889774446
pep_estimated_ms,109.61464936196853,23.132071705859296
error_ms,-17.91750672418028,10.681724382073618
absolute_error_ms,19.901809657742238,9.608292537529318
absolute_relative_error_percent,25.29366044717645,14.83345710973741
pearson_r,0.3419304469720162,0.30710561903026046
error_per_sample_ms,-16.96715859488672,20.392423280770494
absolute_error_per_sample_ms,19.431926834337975,18.059225275495077
absolute_relative_error_per_sample_percent,25.42556150717201,28.21862422070329
