metrics,mean,std
pep_reference_ms,88.86248142383685,43.129915722136964
pep_estimated_ms,104.6290874694594,19.98378347462643
error_ms,-15.89569971139681,38.97157212930317
absolute_error_ms,25.717075150058825,36.604500771200385
absolute_relative_error_percent,29.698518020162233,16.932431916573602
pearson_r,0.1585078659405725,0.2706522023655894
error_per_sample_ms,-19.255116514690982,57.85551617114995
absolute_error_per_sample_ms,29.679432624113474,53.26491849740528
absolute_relative_error_per_sample_percent,32.447740346216904,31.918077391473126
