metrics,mean,std
pep_reference_ms,91.81678678514223,20.888297889774446
pep_estimated_ms,108.32274671336405,19.278508068371856
error_ms,-16.618008832613395,13.403107254212502
absolute_error_ms,24.01030244126044,7.087205466783949
absolute_relative_error_percent,30.738453478369628,13.670320306429428
pearson_r,0.18235207038668463,0.312318365065069
error_per_sample_ms,-17.11975806451613,24.257160830451117
absolute_error_per_sample_ms,25.106048387096774,15.848731877556956
absolute_relative_error_per_sample_percent,32.90557352296592,27.17175213801482
