metrics,mean,std
pep_reference_ms,88.86248142383685,43.129915722136964
pep_estimated_ms,100.41519757720563,38.41442392923302
error_ms,-10.913686644809948,56.167614020852746
absolute_error_ms,46.67333643555,39.56146252767155
absolute_relative_error_percent,52.88031303721647,22.277205897736348
pearson_r,0.18998021602886492,0.36772026996638174
error_per_sample_ms,-22.022953328232592,63.32104459538686
absolute_error_per_sample_ms,44.628411119612345,50.02869259622266
absolute_relative_error_per_sample_percent,51.51481493859082,37.535477542298224
