metrics,mean,std
pep_reference_ms,91.81678678514223,20.888297889774446
pep_estimated_ms,121.5691266922512,20.6270465561685
error_ms,-29.843178274273676,11.143972234976047
absolute_error_ms,33.58747802665599,9.819754401052776
absolute_relative_error_percent,42.61966413111586,18.734885721455612
pearson_r,0.18463792346281083,0.33760535541837494
error_per_sample_ms,-29.15548846236791,24.251187551403746
absolute_error_per_sample_ms,33.30386025447488,18.138784338622003
absolute_relative_error_per_sample_percent,43.06810319490609,33.00315189536728
