metrics,mean,std
pep_reference_ms,88.86248142383685,43.129915722136964
pep_estimated_ms,101.52306502264298,38.75682176517645
error_ms,-12.229710279587964,56.395449495721
absolute_error_ms,47.58405012049637,39.48256925419215
absolute_relative_error_percent,54.140501142887075,22.550744797915613
pearson_r,0.19350413075273742,0.3499335678810641
error_per_sample_ms,-23.213978222334767,63.84913171107991
absolute_error_per_sample_ms,45.83590782476576,50.1464850118674
absolute_relative_error_per_sample_percent,53.041203797463865,38.2619328160978
