metrics,mean,std
pep_reference_ms,91.81678678514223,20.888297889774446
pep_estimated_ms,114.19872292212257,7.552154688110573
error_ms,-22.47435130481277,15.633089288294979
absolute_error_ms,26.440829852564367,10.871770581408688
absolute_relative_error_percent,36.53876755293551,22.696530541157482
pearson_r,0.20244363728787573,0.2991908414113391
error_per_sample_ms,-24.860971186782187,22.04386332199858
absolute_error_per_sample_ms,27.911948418295385,18.025618824422768
absolute_relative_error_per_sample_percent,39.554019590214615,36.90340497827704
