metrics,mean,std
pep_reference_ms,91.81678678514223,20.888297889774446
pep_estimated_ms,96.67173569358805,20.416552282364105
error_ms,-3.8581103630802938,11.589215805934677
absolute_error_ms,14.046399850864988,8.606583811866386
absolute_relative_error_percent,18.444478145940046,15.153638691805043
pearson_r,0.3904963335568898,0.3047703752265411
error_per_sample_ms,-5.056657223796034,23.84910830873494
absolute_error_per_sample_ms,14.46742209631728,19.622523978523574
absolute_relative_error_per_sample_percent,19.17521797173436,32.02644364846238
