metrics,mean,std
pep_reference_ms,88.86248142383685,43.129915722136964
pep_estimated_ms,105.38222129873965,19.91530253545781
error_ms,-16.64368078866717,39.198000134897875
absolute_error_ms,25.934307928667703,36.85963227677784
absolute_relative_error_percent,30.02487140946872,17.121923613720757
pearson_r,0.16062690448237993,0.2676906716362254
error_per_sample_ms,-20.230115361262904,58.02302120229752
absolute_error_per_sample_ms,29.986035215543414,53.63549430204278
absolute_relative_error_per_sample_percent,32.89944154571659,32.37269359429005
