metrics,mean,std
pep_reference_ms,88.86248142383685,43.129915722136964
pep_estimated_ms,98.9342368406567,38.93175252957892
error_ms,-9.281713911643674,57.05832746032999
absolute_error_ms,47.294017385022784,39.774696775651876
absolute_relative_error_percent,53.27131112982734,22.369255400980943
pearson_r,0.19157424387152974,0.36253990335257247
error_per_sample_ms,-21.49330242143225,63.856199388758306
absolute_error_per_sample_ms,44.860123647604325,50.27072264924837
absolute_relative_error_per_sample_percent,51.66221744382088,37.30590620267779
