metrics,mean,std
pep_reference_ms,91.81678678514223,20.888297889774446
pep_estimated_ms,114.94282557041254,7.096081732362517
error_ms,-23.218453953102745,15.826456375471825
absolute_error_ms,27.05948912947825,11.448664193656004
absolute_relative_error_percent,37.51142244633582,23.548134674630067
pearson_r,0.2069234405781029,0.30968015085293205
error_per_sample_ms,-25.307676808382027,21.456069563622325
absolute_error_per_sample_ms,28.42796695547048,17.108247173080002
absolute_relative_error_per_sample_percent,40.42593736291914,36.84732412114179
