metrics,mean,std
pep_reference_ms,91.81678678514223,20.888297889774446
pep_estimated_ms,117.08963669763988,20.61951726763299
error_ms,-25.464079861646823,11.005018841736844
absolute_error_ms,27.14125058290328,9.97359470938279
absolute_relative_error_percent,35.409245399998994,17.60935441478346
pearson_r,0.21956685652689265,0.289538253165621
error_per_sample_ms,-25.53139198678232,21.365796476382986
absolute_error_per_sample_ms,27.333126807104502,19.00656241406359
absolute_relative_error_per_sample_percent,36.53200940272989,33.2016826973619
