metrics,mean,std
pep_reference_ms,91.81678678514223,20.888297889774446
pep_estimated_ms,120.00457498712916,10.817006185502265
error_ms,-28.24798502568905,12.843514990916406
absolute_error_ms,29.729018947810584,11.949797761810041
absolute_relative_error_percent,40.87441455386058,24.10158474869417
pearson_r,0.21145043249769194,0.3110076759396562
error_per_sample_ms,-29.985725774024928,21.6346364953674
absolute_error_per_sample_ms,31.233011660635302,19.791418066634844
absolute_relative_error_per_sample_percent,43.949219090394536,39.886501596824516
