metrics,mean,std
pep_reference_ms,91.81678678514223,20.888297889774446
pep_estimated_ms,93.74305282158024,22.308685214705097
error_ms,-2.026710845584439,8.479623321143695
absolute_error_ms,10.861676014908044,5.633281926724974
absolute_relative_error_percent,13.373426774219801,7.601728247594747
pearson_r,0.42650704089026076,0.2722695457211316
error_per_sample_ms,-1.5088852988691437,18.259492015843904
absolute_error_per_sample_ms,10.901857835218093,14.72532781511169
absolute_relative_error_per_sample_percent,13.694747430219321,19.629792003677686
