metrics,mean,std
pep_reference_ms,88.86248142383685,43.129915722136964
pep_estimated_ms,98.6488590470442,37.03293915294522
error_ms,-8.825663198893931,56.17541124353843
absolute_error_ms,46.18914085081378,39.688570221195114
absolute_relative_error_percent,51.68117927207902,21.38153755027615
pearson_r,0.18857984052920254,0.3637363047506236
error_per_sample_ms,-20.061721991701244,63.26707966090245
absolute_error_per_sample_ms,43.74273858921162,49.91762092495178
absolute_relative_error_per_sample_percent,50.23651883724111,36.529838765207636
