metrics,mean,std
pep_reference_ms,91.81678678514223,20.888297889774446
pep_estimated_ms,74.25784819910874,24.88084710864184
error_ms,17.392832846654017,15.73093435768741
absolute_error_ms,23.561889692211626,13.365928517343788
absolute_relative_error_percent,25.949472155660118,14.952316633944964
pearson_r,0.24264565312380762,0.3206876146557884
error_per_sample_ms,17.089880304679,29.70928374569278
absolute_error_per_sample_ms,23.003264417845486,25.40778179284873
absolute_relative_error_per_sample_percent,25.956907364236645,26.93193287071783
