metrics,mean,std
pep_reference_ms,91.81678678514223,20.888297889774446
pep_estimated_ms,108.03355182651981,19.14463933762293
error_ms,-16.328813945769152,13.38185634721668
absolute_error_ms,23.872523309879156,7.0021394202957525
absolute_relative_error_percent,30.5210555500333,13.615421969619092
pearson_r,0.1779296311936938,0.311263631271909
error_per_sample_ms,-16.653225806451612,24.228347285252863
absolute_error_per_sample_ms,24.87741935483871,15.667059334124604
absolute_relative_error_per_sample_percent,32.543272276296435,26.665928674124096
