metrics,mean,std
pep_reference_ms,91.81678678514223,20.888297889774446
pep_estimated_ms,104.21016962670393,22.715221836937367
error_ms,-12.569163268407246,11.689554261872967
absolute_error_ms,17.422110932624705,8.6446664180604
absolute_relative_error_percent,22.886689066207435,14.070338004719945
pearson_r,0.22973430612358725,0.2985916716260782
error_per_sample_ms,-12.146200041416442,21.7763951551622
absolute_error_per_sample_ms,17.1650445226755,18.085983742512937
absolute_relative_error_per_sample_percent,23.085735717871053,28.407521370156452
