metrics,mean,std
pep_reference_ms,91.81678678514223,20.888297889774446
pep_estimated_ms,58.242107631987956,23.762420615217483
error_ms,33.64536931408929,19.60098195030547
absolute_error_ms,35.88946977199129,18.481896080249854
absolute_relative_error_percent,39.415100222165584,18.358814250606308
pearson_r,0.282589616042575,0.3468398384881819
error_per_sample_ms,29.559628659842893,30.49416579201325
absolute_error_per_sample_ms,32.3594382289931,27.50513681773977
absolute_relative_error_per_sample_percent,36.135439173632214,27.980501380311292
