metrics,mean,std
pep_reference_ms,91.81678678514223,20.888297889774446
pep_estimated_ms,116.32274671336408,19.278508068371856
error_ms,-24.6180088326134,13.403107254212502
absolute_error_ms,29.661344582929257,7.841109874995942
absolute_relative_error_percent,38.00110265497111,16.15253977844517
pearson_r,0.18235207038668463,0.312318365065069
error_per_sample_ms,-25.11975806451613,24.257160830451117
absolute_error_per_sample_ms,30.663709677419355,16.70775285887158
absolute_relative_error_per_sample_percent,40.32925199334574,30.688565780005547
