metrics,mean,std
pep_reference_ms,91.81678678514223,20.888297889774446
pep_estimated_ms,69.75774221811103,26.985062821689592
error_ms,21.973709052009884,23.215849560783024
absolute_error_ms,28.92567425255684,18.948507727812512
absolute_relative_error_percent,32.03539238009487,20.26382036166307
pearson_r,0.24059482874585536,0.3194168960723335
error_per_sample_ms,17.74551739036509,34.54854731095707
absolute_error_per_sample_ms,26.503348455389933,28.391513334117548
absolute_relative_error_per_sample_percent,30.146007550574268,30.611894342148105
