metrics,mean,std
pep_reference_ms,88.86248142383685,43.129915722136964
pep_estimated_ms,91.80196513003874,33.548623750223975
error_ms,-1.7707642840418854,53.47262455742479
absolute_error_ms,40.772478354785996,39.96572404180076
absolute_relative_error_percent,44.41900457320339,19.771878874382587
pearson_r,0.20586714412724197,0.374727197770806
error_per_sample_ms,-12.043033889187736,60.26904693939264
absolute_error_per_sample_ms,37.14846691769769,48.96308905597725
absolute_relative_error_per_sample_percent,41.364507410105425,31.92153815945103
