metrics,mean,std
pep_reference_ms,91.81678678514223,20.888297889774446
pep_estimated_ms,114.07040128729393,20.14414728139085
error_ms,-22.321672617782934,10.684894355116397
absolute_error_ms,26.018851225593576,9.921363820940613
absolute_relative_error_percent,33.558343696034996,17.09480824266969
pearson_r,0.19950273074081476,0.33713901647573835
error_per_sample_ms,-21.735574837310196,23.063106228805612
absolute_error_per_sample_ms,25.798481561822125,18.405989012650792
absolute_relative_error_per_sample_percent,33.84269987708017,30.883583130836403
