metrics,mean,std
pep_reference_ms,91.81678678514223,20.888297889774446
pep_estimated_ms,106.75917908797318,20.290286590499523
error_ms,-15.059188464763343,8.008494330638257
absolute_error_ms,17.30459911674238,6.681692540965812
absolute_relative_error_percent,22.549221168229604,11.246749281335603
pearson_r,0.41709536503599526,0.27605059531837806
error_per_sample_ms,-15.21771589991929,17.671973432094664
absolute_error_per_sample_ms,17.805286521388215,15.061516991544659
absolute_relative_error_per_sample_percent,23.783473836667497,24.09263512086084
