metrics,mean,std
pep_reference_ms,91.81678678514223,20.888297889774446
pep_estimated_ms,93.5210521963753,22.29994176614059
error_ms,-1.7981777528470033,8.477801785256993
absolute_error_ms,10.815984084495758,5.651017190627696
absolute_relative_error_percent,13.275691547598038,7.562383244358938
pearson_r,0.4283996686988314,0.26744156307415146
error_per_sample_ms,-1.1803676025045446,18.230441755782696
absolute_error_per_sample_ms,10.860028277115735,14.690202861372253
absolute_relative_error_per_sample_percent,13.583004233177268,19.381872224560475
