metrics,mean,std
pep_reference_ms,88.86248142383685,43.129915722136964
pep_estimated_ms,100.44294476619199,19.118394762574333
error_ms,-11.727181940430528,38.72814259315483
absolute_error_ms,26.21676679608401,36.10190375412323
absolute_relative_error_percent,29.557797395775292,15.984912969988617
pearson_r,0.12564301754813675,0.2940397888662591
error_per_sample_ms,-14.932512820512821,58.24149335349075
absolute_error_per_sample_ms,29.933128205128206,52.144600133042026
absolute_relative_error_per_sample_percent,32.240217803351904,30.712819331407598
