metrics,mean,std
pep_reference_ms,88.86248142383685,43.129915722136964
pep_estimated_ms,100.04909003246063,39.217466331016084
error_ms,-10.567452689935346,57.34120820994811
absolute_error_ms,48.15535757119818,39.753575062924675
absolute_relative_error_percent,54.436835180792976,22.629466072547128
pearson_r,0.19595035902287547,0.34719721104356377
error_per_sample_ms,-22.720644666155028,64.3323921159338
absolute_error_per_sample_ms,46.01355845484779,50.3749621114125
absolute_relative_error_per_sample_percent,53.14418706175316,38.040167255645244
