metrics,mean,std
pep_reference_ms,88.86248142383685,43.129915722136964
pep_estimated_ms,102.3554792896562,19.23723818229522
error_ms,-13.642901545063001,38.529483305098296
absolute_error_ms,27.302727189736796,35.89867480240912
absolute_relative_error_percent,31.00105359449957,16.222200916959103
pearson_r,0.12758803266623092,0.29098677349260477
error_per_sample_ms,-16.972353061642433,58.70405208887503
absolute_error_per_sample_ms,31.20622568093385,52.5394897087231
absolute_relative_error_per_sample_percent,33.808491152573296,31.15493712774672
