metrics,mean,std
pep_reference_ms,91.81678678514223,20.888297889774446
pep_estimated_ms,116.74639601024978,23.479323780783133
error_ms,-25.02876300208927,13.53692491233441
absolute_error_ms,28.836735366460296,12.758104003969754
absolute_relative_error_percent,36.393572720795355,20.367258438146134
pearson_r,0.16847644824731953,0.35474051390125627
error_per_sample_ms,-23.817371937639198,25.844481970570417
absolute_error_per_sample_ms,27.911358574610244,21.35791461876647
absolute_relative_error_per_sample_percent,36.078840508279626,35.29219290086667
