metrics,mean,std
pep_reference_ms,91.81678678514223,20.888297889774446
pep_estimated_ms,104.99301377096238,20.167772100288396
error_ms,-13.305431426837394,14.282263860670655
absolute_error_ms,22.375413755370026,7.462838797144605
absolute_relative_error_percent,28.61946128072324,13.25040822070308
pearson_r,0.18035940169130746,0.31884404526196886
error_per_sample_ms,-13.290368271954675,24.75252797071166
absolute_error_per_sample_ms,23.54492108458114,15.328346971082327
absolute_relative_error_per_sample_percent,30.73044920341392,25.03390778461814
