metrics,mean,std
pep_reference_ms,91.81678678514223,20.888297889774446
pep_estimated_ms,120.696743716726,11.020389532196912
error_ms,-28.959957174089286,12.714788605733133
absolute_error_ms,30.35111655910702,11.926978146018598
absolute_relative_error_percent,41.696951764573555,24.13952221756969
pearson_r,0.2278471595233611,0.3047564118756562
error_per_sample_ms,-30.545217041800644,19.96646015151
absolute_error_per_sample_ms,31.718850482315112,18.043955752358787
absolute_relative_error_per_sample_percent,44.68071995484583,38.375301480514246
