metrics,mean,std
pep_reference_ms,88.86248142383685,43.129915722136964
pep_estimated_ms,101.68025070001725,36.01983790022649
error_ms,-11.95667529746135,54.415907046115905
absolute_error_ms,46.73622645758246,39.786047034711544
absolute_relative_error_percent,52.58520434357587,23.827403222634896
pearson_r,0.18080053226258863,0.35957654486533497
error_per_sample_ms,-22.301464254952627,65.14197366850915
absolute_error_per_sample_ms,45.11915015790985,52.010521343009565
absolute_relative_error_per_sample_percent,51.56812438748592,39.99297278924064
