metrics,mean,std
pep_reference_ms,91.81678678514223,20.888297889774446
pep_estimated_ms,108.05373456072383,21.834726727257088
error_ms,-16.51459223998531,15.577014373912096
absolute_error_ms,26.38343443852216,9.21195208495749
absolute_relative_error_percent,33.139504550837444,16.207672062260812
pearson_r,0.12356532104254792,0.2960980885263302
error_per_sample_ms,-16.032356799300395,27.770946160198566
absolute_error_per_sample_ms,26.901180585920418,17.452461094539487
absolute_relative_error_per_sample_percent,34.61325462441482,29.280541515552812
