metrics,mean,std
pep_reference_ms,91.81678678514223,20.888297889774446
pep_estimated_ms,113.24445787435145,20.24878927283937
error_ms,-21.555570412478193,14.175771052029512
absolute_error_ms,27.823869327196427,7.761250927499834
absolute_relative_error_percent,35.7235523625107,15.52099577630586
pearson_r,0.18429678234468264,0.3200595213491377
error_per_sample_ms,-21.663094034378158,24.763817479336744
absolute_error_per_sample_ms,28.871991911021233,15.777971427979566
absolute_relative_error_per_sample_percent,37.958935769598106,28.430061798604036
