metrics,mean,std
pep_reference_ms,91.81678678514223,20.888297889774446
pep_estimated_ms,107.09187465448956,18.57071936008214
error_ms,-15.547260772442739,13.684801499294618
absolute_error_ms,25.316859904784256,6.9211457714999005
absolute_relative_error_percent,32.10262891684373,13.722971432274631
pearson_r,0.13141090464394442,0.30147193541670575
error_per_sample_ms,-15.84221703121682,25.69611756886664
absolute_error_per_sample_ms,26.379061371841154,14.67690088941903
absolute_relative_error_per_sample_percent,34.154461264341194,25.79724546373251
