metrics,mean,std
pep_reference_ms,91.81678678514223,20.888297889774446
pep_estimated_ms,75.63489233745486,22.14699711609264
error_ms,17.182745588644455,11.446546356297299
absolute_error_ms,25.519507439284656,5.736156022433344
absolute_relative_error_percent,30.23253493401952,10.145109541954335
pearson_r,0.39046673025974915,0.2937392492723569
error_per_sample_ms,16.652789886660855,24.270992110756808
absolute_error_per_sample_ms,25.687227550130775,14.372293130794976
absolute_relative_error_per_sample_percent,30.924025507420414,21.771463237051226
