metrics,mean,std
pep_reference_ms,91.81678678514223,20.888297889774446
pep_estimated_ms,62.723674437339405,21.197312921125317
error_ms,28.998686339599207,14.164195260252994
absolute_error_ms,33.010159800115375,10.889624205506347
absolute_relative_error_percent,36.729254643007785,11.504365164951636
pearson_r,0.08578612179352733,0.3256156264821341
error_per_sample_ms,29.19634888438134,25.20107347547767
absolute_error_per_sample_ms,33.46774847870183,19.168482054176398
absolute_relative_error_per_sample_percent,38.432842664949234,20.527648525776623
