metrics,mean,std
pep_reference_ms,88.86248142383685,43.129915722136964
pep_estimated_ms,103.0256548066021,39.22977944942983
error_ms,-13.778944121158913,56.692391392333846
absolute_error_ms,48.4326349276561,39.54217143115399
absolute_relative_error_percent,55.239229864859105,22.96678847324045
pearson_r,0.196129988693642,0.3460063164648864
error_per_sample_ms,-24.4988679245283,64.27504527621342
absolute_error_per_sample_ms,47.03823899371069,50.18844535561271
absolute_relative_error_per_sample_percent,54.594020049876946,38.92049278144863
