metrics,mean,std
pep_reference_ms,91.81678678514223,20.888297889774446
pep_estimated_ms,70.77769233189706,23.263378007302766
error_ms,20.672115868834158,14.738731376537212
absolute_error_ms,24.681609268790776,12.977929824119002
absolute_relative_error_percent,27.323809395431308,14.518006197283006
pearson_r,0.25791817679108636,0.29108313734050006
error_per_sample_ms,19.633696563285834,28.7293557266407
absolute_error_per_sample_ms,23.981559094719195,25.213939489764986
absolute_relative_error_per_sample_percent,27.110149262766985,26.262454543126523
