metrics,mean,std
pep_reference_ms,91.81678678514223,20.888297889774446
pep_estimated_ms,97.425519041912,21.518830067264798
error_ms,-5.718995951169686,13.308744061465681
absolute_error_ms,14.983482466930418,9.702959512515397
absolute_relative_error_percent,20.45201284635205,18.22854444408809
pearson_r,0.35300341533854795,0.2897368160877352
error_per_sample_ms,-7.218365287588295,24.375873204918953
absolute_error_per_sample_ms,15.838345105953582,19.885542895079844
absolute_relative_error_per_sample_percent,22.2439547170367,34.708131811694464
