metrics,mean,std
pep_reference_ms,88.86248142383685,43.129915722136964
pep_estimated_ms,101.45420146443809,19.76319483671651
error_ms,-12.72080687790845,39.13238018651127
absolute_error_ms,23.723932959386165,36.72597162797274
absolute_relative_error_percent,27.113000777834763,16.32791633374014
pearson_r,0.16110559775203812,0.2676817070039561
error_per_sample_ms,-16.432366659906712,57.90205681832514
absolute_error_per_sample_ms,27.63212330156155,53.4708950709212
absolute_relative_error_per_sample_percent,29.73161817886024,31.13762754341471
