metrics,mean,std
pep_reference_ms,91.81678678514223,20.888297889774446
pep_estimated_ms,95.09539988632082,21.27828771967539
error_ms,-3.380162680591332,13.813647056162921
absolute_error_ms,17.277524439495707,8.063184440452419
absolute_relative_error_percent,20.902765055175813,10.758685170002122
pearson_r,0.19436913296722552,0.30709339419798165
error_per_sample_ms,-2.991318392893196,24.678136544669517
absolute_error_per_sample_ms,17.89582071471835,17.25392737876449
absolute_relative_error_per_sample_percent,22.174950552577876,22.72685545874506
