metrics,mean,std
pep_reference_ms,91.81678678514223,20.888297889774446
pep_estimated_ms,114.89785942238316,20.273143692534713
error_ms,-23.205057960445618,14.313291121162253
absolute_error_ms,29.10572181513361,7.966838057596508
absolute_relative_error_percent,37.36807566644703,16.10001375580192
pearson_r,0.17937730310838212,0.31984612146060076
error_per_sample_ms,-23.1863755811603,24.96615117737841
absolute_error_per_sample_ms,30.069739235900546,16.022718230290607
absolute_relative_error_per_sample_percent,39.55978574709885,29.287414756605923
