metrics,mean,std
pep_reference_ms,88.86248142383685,43.129915722136964
pep_estimated_ms,104.20313121168914,37.917545556574765
error_ms,-14.394410683397718,55.59458145054198
absolute_error_ms,47.346159407482546,39.75978613902098
absolute_relative_error_percent,53.368823493418745,23.993344052177182
pearson_r,0.15619682307959776,0.3736895451918379
error_per_sample_ms,-23.82313102370409,63.15698387454459
absolute_error_per_sample_ms,45.233394113050274,50.1027568195157
absolute_relative_error_per_sample_percent,52.2048626791818,40.462492169529185
