metrics,mean,std
pep_reference_ms,91.81678678514223,20.888297889774446
pep_estimated_ms,63.41405248867438,24.805069100805255
error_ms,28.164276171634967,14.684273675124858
absolute_error_ms,31.08375607150357,14.17736074199634
absolute_relative_error_percent,34.892249364464185,16.266729348977968
pearson_r,0.27967769626245653,0.3156462722453769
error_per_sample_ms,26.851227321237992,27.88686285018377
absolute_error_per_sample_ms,29.963287086446105,24.5125876899393
absolute_relative_error_per_sample_percent,34.22443268316991,26.14703926460355
