metrics,mean,std
pep_reference_ms,91.81678678514223,20.888297889774446
pep_estimated_ms,56.604113044981744,22.506369835398427
error_ms,35.40537114477434,19.72284039310639
absolute_error_ms,37.06408328356576,18.81625116541929
absolute_relative_error_percent,40.46119242051382,18.228103455579266
pearson_r,0.2949721759263861,0.37639956375216205
error_per_sample_ms,32.17166074149314,31.165916671017822
absolute_error_per_sample_ms,34.167597765363126,28.963863343050786
absolute_relative_error_per_sample_percent,37.68648224570558,28.73595260042876
