metrics,mean,std
pep_reference_ms,91.81678678514223,20.888297889774446
pep_estimated_ms,117.09302430713097,15.574453842115716
error_ms,-25.370877788099747,14.557239523986892
absolute_error_ms,27.380152650403463,13.321300655210969
absolute_relative_error_percent,37.38549316469948,24.122442137044217
pearson_r,0.15531637607508453,0.3160164258776575
error_per_sample_ms,-26.167736591426795,24.07972423750113
absolute_error_per_sample_ms,28.029405674052597,21.88460589619518
absolute_relative_error_per_sample_percent,39.288661620336484,40.72004189769392
