metrics,mean,std
pep_reference_ms,91.81678678514223,20.888297889774446
pep_estimated_ms,116.84492070234201,10.841759272388527
error_ms,-25.08717220431651,12.834012917292485
absolute_error_ms,27.00133437479817,11.194685334745
absolute_relative_error_percent,37.419451283409884,22.62636758451844
pearson_r,0.22498473014939227,0.31409328047314417
error_per_sample_ms,-26.598431530263422,19.85077583825485
absolute_error_per_sample_ms,28.2465312688518,17.42593849778344
absolute_relative_error_per_sample_percent,40.144814013220234,36.543183697885596
