metrics,mean,std
pep_reference_ms,91.81678678514223,20.888297889774446
pep_estimated_ms,78.48881746994103,25.011700754134235
error_ms,13.12682259054404,16.07982864008113
absolute_error_ms,21.512235215707072,12.563165960205081
absolute_relative_error_percent,24.14273639630486,14.069413339678453
pearson_r,0.2485381831989784,0.3112273107171503
error_per_sample_ms,11.87173735725938,29.91624497589791
absolute_error_per_sample_ms,21.43046492659054,24.01364267177836
absolute_relative_error_per_sample_percent,24.65566888337292,26.349030873407603
