metrics,mean,std
pep_reference_ms,88.86248142383685,43.129915722136964
pep_estimated_ms,102.95106979847847,23.433857158738316
error_ms,-14.204316231027184,39.40273041266986
absolute_error_ms,25.186582981920463,36.46544813544273
absolute_relative_error_percent,28.595595324100746,18.88012868226929
pearson_r,0.14152888050524864,0.2794387326860292
error_per_sample_ms,-17.354385228703315,58.30325823632154
absolute_error_per_sample_ms,28.41187578682333,53.78856683266021
absolute_relative_error_per_sample_percent,30.424744141677408,34.56665125939105
