metrics,mean,std
pep_reference_ms,91.81678678514223,20.888297889774446
pep_estimated_ms,112.14173804896355,20.039266405610228
error_ms,-20.394711495510478,10.609785690320253
absolute_error_ms,24.234197987166173,9.881816565990702
absolute_relative_error_percent,31.406442713921486,16.661593124043886
pearson_r,0.20173701211962722,0.3372961495768727
error_per_sample_ms,-19.839305103148753,22.85359666952197
absolute_error_per_sample_ms,24.02128121606949,18.408230671292635
absolute_relative_error_per_sample_percent,31.64809397351782,30.30400611705212
