metrics,mean,std
pep_reference_ms,91.81678678514223,20.888297889774446
pep_estimated_ms,74.33712470695804,24.46347765772449
error_ms,17.230346722954025,15.476638163179484
absolute_error_ms,23.257999319706492,13.003910593804813
absolute_relative_error_percent,25.90772759410812,14.621671108951267
pearson_r,0.2586858402902843,0.30482693897183993
error_per_sample_ms,16.001232032854208,29.362298224145462
absolute_error_per_sample_ms,22.71211498973306,24.54269374510536
absolute_relative_error_per_sample_percent,25.831834799066026,26.461852425614644
