metrics,mean,std
pep_reference_ms,91.81678678514223,20.888297889774446
pep_estimated_ms,78.09350201388231,24.822775434336997
error_ms,13.521691453382122,15.942534061054188
absolute_error_ms,21.68290551429576,12.561898445803008
absolute_relative_error_percent,24.28347110541169,14.104721786803447
pearson_r,0.2549611470434104,0.3076931486269836
error_per_sample_ms,12.473491027732463,29.857111296817322
absolute_error_per_sample_ms,21.639070146818923,24.05796576168717
absolute_relative_error_per_sample_percent,24.82422049185074,26.14897180306698
