metrics,mean,std
pep_reference_ms,88.86248142383685,43.129915722136964
pep_estimated_ms,104.66119297493614,39.630268962188424
error_ms,-15.479721086778932,56.89893141448835
absolute_error_ms,49.29811343822074,39.60357820940017
absolute_relative_error_percent,56.3658302625259,23.389521758262944
pearson_r,0.19632924848033587,0.34518770648681785
error_per_sample_ms,-25.567756426254057,64.89194211354634
absolute_error_per_sample_ms,48.40279510856002,50.21796238019682
absolute_relative_error_per_sample_percent,56.26737919320795,39.518848154966655
