metrics,mean,std
pep_reference_ms,91.81678678514223,20.888297889774446
pep_estimated_ms,94.67173569358805,20.41655228236411
error_ms,-1.8581103630802946,11.589215805934677
absolute_error_ms,14.265214597804388,8.270132179987984
absolute_relative_error_percent,18.507334033172096,14.5210523239224
pearson_r,0.3904963335568898,0.3047703752265411
error_per_sample_ms,-3.056657223796034,23.84910830873494
absolute_error_per_sample_ms,14.54369143604271,19.14690993133709
absolute_relative_error_per_sample_percent,19.05899657392091,31.10788124167896
