metrics,mean,std
pep_reference_ms,119.75960866526906,15.756766130467925
pep_estimated_ms,105.8662473794549,24.775402451592825
error_ms,13.886652690426278,18.95501266914592
absolute_error_ms,18.962823200559047,15.525176384636794
absolute_relative_error_percent,16.26343762904636,13.17383220643632
pearson_r,0.27090804207030006,0.3704281496641093
error_per_sample_ms,13.747836835599506,25.627177678023614
absolute_error_per_sample_ms,18.92459826946848,22.08200248479492
absolute_relative_error_per_sample_percent,16.195119793127258,18.033466724117506
