metrics,mean,std
pep_reference_ms,119.75960866526906,15.756766130467925
pep_estimated_ms,52.25989922395085,20.60948973979297
error_ms,67.50185736878885,15.731128767677886
absolute_error_ms,67.62708448269521,15.599530844852415
absolute_relative_error_percent,57.11042120133395,14.112495980959759
pearson_r,0.1628377949995943,0.35684463744319295
error_per_sample_ms,67.88641975308641,22.37341761056843
absolute_error_per_sample_ms,68.0,22.025798565980207
absolute_relative_error_per_sample_percent,57.519026326878574,18.59970497630588
