metrics,mean,std
pep_reference_ms,119.75960866526906,15.756766130467925
pep_estimated_ms,97.61987200706167,24.81017020864114
error_ms,22.268215086983705,13.440195913595828
absolute_error_ms,22.77247784030306,13.460632472865061
absolute_relative_error_percent,20.099014653702127,13.643040819862154
pearson_r,0.3611835520271114,0.4333200146462807
error_per_sample_ms,22.17766497461929,21.339625176405605
absolute_error_per_sample_ms,22.634517766497463,20.854424755289937
absolute_relative_error_per_sample_percent,19.818871737214245,19.195421087834465
