metrics,mean,std
pep_reference_ms,119.75960866526906,15.756766130467925
pep_estimated_ms,109.77449336128582,27.32893033666831
error_ms,10.062613556953181,16.471800928469694
absolute_error_ms,18.367714884696017,12.762288353812588
absolute_relative_error_percent,16.213497950132645,12.11573815626772
pearson_r,0.20247646426378635,0.4022879653547858
error_per_sample_ms,10.16708229426434,27.57934847960177
absolute_error_per_sample_ms,18.271820448877804,23.024565195061268
absolute_relative_error_per_sample_percent,16.046983371465753,18.99977226531924
