metrics,mean,std
pep_reference_ms,119.75960866526906,15.756766130467925
pep_estimated_ms,108.04095038434662,24.928872811421993
error_ms,11.726764500349407,22.540093643021827
absolute_error_ms,20.191893780573025,16.934859906754287
absolute_relative_error_percent,16.957558407875975,13.309390017225017
pearson_r,0.256238830299592,0.37332995644248934
error_per_sample_ms,11.415896487985213,27.20160769901925
absolute_error_per_sample_ms,19.96796056685151,21.714757766007878
absolute_relative_error_per_sample_percent,16.778523983580044,16.995452364328344
