metrics,mean,std
pep_reference_ms,119.75960866526906,15.756766130467925
pep_estimated_ms,106.99454926624736,26.107184410213726
error_ms,12.791055206149545,24.242763089196515
absolute_error_ms,21.082320055904958,18.596614845816365
absolute_relative_error_percent,17.65502876689381,14.48190202743787
pearson_r,0.24497828185365214,0.4077302133789277
error_per_sample_ms,12.368811881188119,28.87996012130515
absolute_error_per_sample_ms,20.769801980198018,23.572333988465346
absolute_relative_error_per_sample_percent,17.40098930111573,18.28838754976577
