metrics,mean,std
pep_reference_ms,119.75960866526906,15.756766130467925
pep_estimated_ms,105.48935861666747,24.952597754570778
error_ms,14.2943343684158,22.860582694150022
absolute_error_ms,21.915259847732536,17.422018750175493
absolute_relative_error_percent,18.276273241133524,13.575295294898503
pearson_r,0.20220587602002338,0.39555587966693945
error_per_sample_ms,13.294117647058824,28.42251442099616
absolute_error_per_sample_ms,21.171355498721226,23.159157937462705
absolute_relative_error_per_sample_percent,17.699856555650864,17.95336919987216
