metrics,mean,std
pep_reference_ms,119.75960866526906,15.756766130467925
pep_estimated_ms,106.66526904262751,26.13970528662632
error_ms,13.23616168303358,15.1807594506218
absolute_error_ms,19.45206517341572,12.533470486406664
absolute_relative_error_percent,17.200507277322163,12.164320545668101
pearson_r,0.18142216233910993,0.41253370990410226
error_per_sample_ms,13.38934169278997,26.868041857090056
absolute_error_per_sample_ms,19.42319749216301,22.88898301325464
absolute_relative_error_per_sample_percent,17.077772260856282,19.32324706567088
