metrics,mean,std
pep_reference_ms,119.75960866526906,15.756766130467925
pep_estimated_ms,138.22501747030046,13.506935004629181
error_ms,-18.486093640810623,8.872869122098136
absolute_error_ms,19.67714884696017,7.893575762027457
absolute_relative_error_percent,18.120509270491247,11.609563880677157
pearson_r,0.40967853084599765,0.35269349791797816
error_per_sample_ms,-18.520987654320987,13.729491696141395
absolute_error_per_sample_ms,19.622222222222224,12.103483836798986
absolute_relative_error_per_sample_percent,18.049997466314558,16.431750861480804
