metrics,mean,std
pep_reference_ms,119.75960866526906,15.756766130467925
pep_estimated_ms,103.18455257640959,25.43198911657926
error_ms,16.579933061164443,19.460722548297944
absolute_error_ms,20.91475964544485,16.44123251187497
absolute_relative_error_percent,17.94226585564881,13.931330384531178
pearson_r,0.23995039563749512,0.39162708715433403
error_per_sample_ms,16.403965303593555,27.188185059489197
absolute_error_per_sample_ms,20.845105328376704,23.953477166361758
absolute_relative_error_per_sample_percent,17.85289106292171,19.679733648961438
