metrics,mean,std
pep_reference_ms,119.75960866526906,15.756766130467925
pep_estimated_ms,117.13878406708595,14.426427664298368
error_ms,2.6289308176100628,8.12424207495332
absolute_error_ms,7.759049615653389,6.774468053334114
absolute_relative_error_percent,7.106399698566478,7.252929927539134
pearson_r,0.4813257548556854,0.35731220216980736
error_per_sample_ms,2.568083795440542,14.467935242426734
absolute_error_per_sample_ms,7.625385089340727,12.560641177850671
absolute_relative_error_per_sample_percent,6.9762554040802005,12.942320860631298
