metrics,mean,std
pep_reference_ms,119.75960866526906,15.756766130467925
pep_estimated_ms,112.69336128581413,7.629429120813841
error_ms,7.0743535988819,11.226302677477078
absolute_error_ms,13.060656883298394,5.989125785644903
absolute_relative_error_percent,11.452985777222585,7.903115084294029
pearson_r,0.30085723863633523,0.35908545483357235
error_per_sample_ms,7.110289587184226,15.113031882946053
absolute_error_per_sample_ms,12.897104128157732,10.61247642240119
absolute_relative_error_per_sample_percent,11.265495531772793,12.682513228054326
