metrics,mean,std
pep_reference_ms,119.75960866526906,15.756766130467925
pep_estimated_ms,106.00055904961565,17.78862404103535
error_ms,13.767155835080365,9.951391086560237
absolute_error_ms,18.23843466107617,7.145561939195435
absolute_relative_error_percent,15.590321987952173,6.823067641213099
pearson_r,0.39912257673457285,0.37633495700496394
error_per_sample_ms,14.10720887245841,17.61324324008782
absolute_error_per_sample_ms,18.31176833025262,13.187828487845364
absolute_relative_error_per_sample_percent,15.667785234347054,12.628038613433649
