metrics,mean,std
pep_reference_ms,119.75960866526906,15.756766130467925
pep_estimated_ms,125.1966457023061,10.79943725148225
error_ms,-5.393710691823899,9.366800379065207
absolute_error_ms,10.219147449336129,7.787465456376474
absolute_relative_error_percent,9.845920225488799,9.37169115057341
pearson_r,0.36440377050977807,0.3897654403671646
error_per_sample_ms,-5.597033374536465,16.081399587945324
absolute_error_per_sample_ms,10.091470951792337,13.714970263619767
absolute_relative_error_per_sample_percent,9.713414593090473,16.065045138485363
