metrics,mean,std
pep_reference_ms,119.75960866526906,15.756766130467925
pep_estimated_ms,100.48134171907756,24.993269264632893
error_ms,19.253109713487074,13.115676439756928
absolute_error_ms,19.979035639413,13.012080250373685
absolute_relative_error_percent,17.797917076905446,13.342027242904438
pearson_r,0.41462518158425754,0.38575931557072657
error_per_sample_ms,19.1675,18.59669174208144
absolute_error_per_sample_ms,19.8525,17.863601085727367
absolute_relative_error_per_sample_percent,17.58515261190973,17.04551346986666
