metrics,mean,std
pep_reference_ms,119.75960866526906,15.756766130467925
pep_estimated_ms,52.1911361212255,20.616476315503284
error_ms,67.57062047151422,15.807896901530638
absolute_error_ms,67.69584758542058,15.665423862025389
absolute_relative_error_percent,57.15208254171565,14.157648492237403
pearson_r,0.153417578767373,0.36139679203630826
error_per_sample_ms,67.94814814814815,22.432500183258202
absolute_error_per_sample_ms,68.06172839506173,22.08549363522165
absolute_relative_error_per_sample_percent,57.55433492932616,18.60799452771817
