metrics,mean,std
pep_reference_ms,119.75960866526906,15.756766130467925
pep_estimated_ms,138.1633822501747,13.446322821202928
error_ms,-18.424458420684836,8.882830288490057
absolute_error_ms,19.600419287211736,7.942173360642049
absolute_relative_error_percent,18.067347440476322,11.654932694769927
pearson_r,0.40898773213390444,0.35200233483549814
error_per_sample_ms,-18.469135802469136,13.710486587391388
absolute_error_per_sample_ms,19.555555555555557,12.110601416389967
absolute_relative_error_per_sample_percent,18.00527894383154,16.463775985815516
