metrics,mean,std
pep_reference_ms,119.75960866526906,15.756766130467925
pep_estimated_ms,106.14591194968554,17.732609378780054
error_ms,13.621802935010482,9.974361565305387
absolute_error_ms,18.063452131376657,7.052443543086974
absolute_relative_error_percent,15.433681154374497,6.737016633504254
pearson_r,0.3962997239913505,0.3779444263536669
error_per_sample_ms,13.96426370918053,17.52150210222099
absolute_error_per_sample_ms,18.139248305606902,13.15185795867672
absolute_relative_error_per_sample_percent,15.513413557008837,12.577293565084029
