metrics,mean,std
pep_reference_ms,119.75960866526906,15.756766130467925
pep_estimated_ms,108.20293501048218,4.06965221938988
error_ms,11.564779874213837,12.936033756203523
absolute_error_ms,16.409783368273935,7.4666818871076135
absolute_relative_error_percent,13.853694023676749,7.225015438684998
pearson_r,0.26842399798891364,0.3485886863438358
error_per_sample_ms,11.507085643869377,16.34602852376536
absolute_error_per_sample_ms,16.209488601355513,11.698638715578028
absolute_relative_error_per_sample_percent,13.647162009674352,12.212773339765507
