metrics,mean,std
pep_reference_ms,119.75960866526906,15.756766130467925
pep_estimated_ms,108.15192173305381,4.069082673292495
error_ms,11.61579315164221,12.94691565675528
absolute_error_ms,16.45772187281621,7.437293359999446
absolute_relative_error_percent,13.89163220776232,7.205890683058473
pearson_r,0.2678774720412913,0.3470917580591172
error_per_sample_ms,11.55637707948244,16.346234386491936
absolute_error_per_sample_ms,16.25385089340727,11.6859557142838
absolute_relative_error_per_sample_percent,13.68193300899718,12.194073953559787
