metrics,mean,std
pep_reference_ms,119.75960866526906,15.756766130467925
pep_estimated_ms,104.74351392107103,26.02582789905873
error_ms,15.018246349626688,24.27897785604703
absolute_error_ms,22.59250064364265,18.77352511179358
absolute_relative_error_percent,18.8148182329663,14.586032598764167
pearson_r,0.1934888703539178,0.4120771762261758
error_per_sample_ms,14.479503105590062,30.213709031128438
absolute_error_per_sample_ms,22.18633540372671,25.105591906103854
absolute_relative_error_per_sample_percent,18.496582669128134,19.26938628392912
