metrics,mean,std
pep_reference_ms,119.75960866526906,15.756766130467925
pep_estimated_ms,104.48037073816619,17.94349988089902
error_ms,15.342462025083671,9.698323779400893
absolute_error_ms,19.369296406635033,7.383546862427779
absolute_relative_error_percent,16.563871426259265,7.1242691663442015
pearson_r,0.37105809298371306,0.3798598061996787
error_per_sample_ms,15.687732342007434,18.144993217761122
absolute_error_per_sample_ms,19.46468401486989,14.01683991163243
absolute_relative_error_per_sample_percent,16.64114412108552,13.301367059991144
