metrics,mean,std
pep_reference_ms,119.75960866526906,15.756766130467925
pep_estimated_ms,50.23544080326602,19.992430193998693
error_ms,69.545183714002,14.943950848853868
absolute_error_ms,69.67041082790834,14.800054661656104
absolute_relative_error_percent,58.85787668075946,13.448920407473349
pearson_r,0.13870874466472483,0.3793634714975151
error_per_sample_ms,69.89122373300371,22.7527807748745
absolute_error_per_sample_ms,70.00494437577255,22.40044532662843
absolute_relative_error_per_sample_percent,59.2071506652316,18.90197829733898
