metrics,mean,std
pep_reference_ms,119.75960866526906,15.756766130467925
pep_estimated_ms,112.27686932215234,7.421571814038879
error_ms,7.490845562543675,10.999240424020822
absolute_error_ms,12.976519916142555,5.781398234212972
absolute_relative_error_percent,11.34004936051011,7.379609760849858
pearson_r,0.3030659022490898,0.3598895026583488
error_per_sample_ms,7.507085643869377,14.644812356872976
absolute_error_per_sample_ms,12.840418977202711,10.293226137722886
absolute_relative_error_per_sample_percent,11.1783499243703,12.22965863950129
