metrics,mean,std
pep_reference_ms,119.75960866526906,15.756766130467925
pep_estimated_ms,122.91703735229059,11.262055004100931
error_ms,-3.0040641435874806,10.210682380465578
absolute_error_ms,10.735559548767096,8.390273866677603
absolute_relative_error_percent,10.133641494901136,9.507529136677325
pearson_r,0.3785492413779356,0.37485813943754176
error_per_sample_ms,-3.3143580012650222,18.597653509218258
absolute_error_per_sample_ms,10.418722327640733,15.757788869921063
absolute_relative_error_per_sample_percent,9.78395297438849,16.70038044115086
