metrics,mean,std
pep_reference_ms,119.75960866526906,15.756766130467925
pep_estimated_ms,107.02487770789658,26.07219067170021
error_ms,12.76072676450035,24.200744322172103
absolute_error_ms,21.15485674353599,18.470721168103065
absolute_relative_error_percent,17.735532944052355,14.412720237661706
pearson_r,0.24119185709581564,0.41801252047349086
error_per_sample_ms,12.351485148514852,28.844671467218337
absolute_error_per_sample_ms,20.836633663366335,23.460796128955458
absolute_relative_error_per_sample_percent,17.476652198663814,18.234337628631806
