metrics,mean,std
pep_reference_ms,119.75960866526906,15.756766130467925
pep_estimated_ms,107.98909853249475,24.824593986754085
error_ms,11.77861635220126,22.419246898340123
absolute_error_ms,20.258839972047518,16.866805809484497
absolute_relative_error_percent,17.023494625423673,13.281544427989381
pearson_r,0.25170367821473577,0.37568639575202345
error_per_sample_ms,11.51694393099199,27.276874847440713
absolute_error_per_sample_ms,20.073937153419593,21.7647638653195
absolute_relative_error_per_sample_percent,16.87266881121583,17.146043339690202
