metrics,mean,std
pep_reference_ms,119.75960866526906,15.756766130467925
pep_estimated_ms,118.71376659678546,14.106307499308077
error_ms,1.0539482879105522,7.947199957686214
absolute_error_ms,7.303004891684135,6.374408429461015
absolute_relative_error_percent,6.81413037789485,7.275327991723879
pearson_r,0.44777663590942685,0.3663925164291251
error_per_sample_ms,0.9956869993838571,13.51840829352734
absolute_error_per_sample_ms,7.142329020332717,11.520672356966145
absolute_relative_error_per_sample_percent,6.656658241718145,12.65923493965167
