metrics,mean,std
pep_reference_ms,119.75960866526906,15.756766130467925
pep_estimated_ms,118.73612858141159,14.108893500043298
error_ms,1.0315863032844164,7.984058339483485
absolute_error_ms,7.287071977638015,6.416228729428008
absolute_relative_error_percent,6.805602751386804,7.339569729546789
pearson_r,0.4533614871756296,0.3602276681009921
error_per_sample_ms,0.9784349969192853,13.533879471379825
absolute_error_per_sample_ms,7.130006161429452,11.544966034034518
absolute_relative_error_per_sample_percent,6.651703867584682,12.709914372590042
