metrics,mean,std
pep_reference_ms,119.75960866526906,15.756766130467925
pep_estimated_ms,107.73025856044723,3.8957686798074063
error_ms,12.037456324248778,13.008499706217494
absolute_error_ms,16.741579315164223,7.549216131724445
absolute_relative_error_percent,14.075771482203333,7.209602386352625
pearson_r,0.25547122646118525,0.3441988291146139
error_per_sample_ms,11.97535428219347,16.393779799828177
absolute_error_per_sample_ms,16.53974121996303,11.772938744678815
absolute_relative_error_per_sample_percent,13.869846889517666,12.011706834726839
