metrics,mean,std
pep_reference_ms,119.75960866526906,15.756766130467925
pep_estimated_ms,100.28686233403215,25.160773876283923
error_ms,19.497903563941303,13.379273765335263
absolute_error_ms,20.235290006988123,13.256198648198463
absolute_relative_error_percent,18.008356641470197,13.587343980884292
pearson_r,0.4179931461858222,0.39163901519098104
error_per_sample_ms,19.3734335839599,18.921507726038676
absolute_error_per_sample_ms,20.080200501253135,18.169725680045918
absolute_relative_error_per_sample_percent,17.751858287706305,17.268074717307602
