metrics,mean,std
pep_reference_ms,119.75960866526906,15.756766130467925
pep_estimated_ms,110.21460517120896,27.39021650424922
error_ms,9.62250174703005,16.702747060745413
absolute_error_ms,18.445842068483575,12.822538605893023
absolute_relative_error_percent,16.287429326429365,12.154456822572778
pearson_r,0.2045341266851785,0.40130981251514797
error_per_sample_ms,9.775561097256858,28.012813264280226
absolute_error_per_sample_ms,18.389027431421447,23.283534350954227
absolute_relative_error_per_sample_percent,16.15474781164012,19.210060156757237
