metrics,mean,std
pep_reference_ms,119.75960866526906,15.756766130467925
pep_estimated_ms,105.75150244584206,24.870392555057595
error_ms,14.001397624039134,19.00875269857096
absolute_error_ms,19.021383647798743,15.615337036152992
absolute_relative_error_percent,16.31674002172242,13.242074129486797
pearson_r,0.2659199603626522,0.36292334211620725
error_per_sample_ms,13.854140914709518,25.66771571347954
absolute_error_per_sample_ms,18.971569839307787,22.155098471117206
absolute_relative_error_per_sample_percent,16.238811477220708,18.10581506618505
