metrics,mean,std
pep_reference_ms,119.75960866526906,15.756766130467925
pep_estimated_ms,137.55611460517122,13.513798959741639
error_ms,-17.77120894479385,9.156931468484876
absolute_error_ms,19.305101327742836,7.695942013531545
absolute_relative_error_percent,17.786246898749464,11.356357566841476
pearson_r,0.42884347153028934,0.35069075546361744
error_per_sample_ms,-17.86980781153131,14.130572125464198
absolute_error_per_sample_ms,19.303161810291382,12.099216666368095
absolute_relative_error_per_sample_percent,17.764272979893867,16.313234766967376
