metrics,mean,std
pep_reference_ms,119.75960866526906,15.756766130467925
pep_estimated_ms,112.749965059399,7.712314693114956
error_ms,7.017749825296995,11.354348305207841
absolute_error_ms,13.1298392732355,6.199244052004489
absolute_relative_error_percent,11.520936206194365,8.221683433744705
pearson_r,0.30302970036674637,0.3536557207312924
error_per_sample_ms,7.068391866913124,15.348396158397245
absolute_error_per_sample_ms,12.968576709796674,10.832887257858184
absolute_relative_error_per_sample_percent,11.333858534090975,12.925828441639766
