metrics,mean,std
pep_reference_ms,119.75960866526906,15.756766130467925
pep_estimated_ms,125.1991614255765,10.80272642806589
error_ms,-5.39622641509434,9.461564360086307
absolute_error_ms,10.102306079664572,7.886472998990371
absolute_relative_error_percent,9.785418506862236,9.555770310600996
pearson_r,0.3718970343982317,0.3921939072658586
error_per_sample_ms,-5.6069221260815825,15.956949237533275
absolute_error_per_sample_ms,9.972805933250926,13.660342108266253
absolute_relative_error_per_sample_percent,9.645036667084474,16.130783883678493
