metrics,mean,std
pep_reference_ms,85.50076117148666,22.481860688192324
pep_estimated_ms,111.3118454421249,13.361547273822671
error_ms,-25.801144140457133,15.377013639864492
absolute_error_ms,27.089001041190393,14.6021505290934
absolute_relative_error_percent,46.28053103008504,44.08394435264709
pearson_r,0.2215052121069158,0.3080113201300576
error_per_sample_ms,-27.03281117696867,22.066723514789132
absolute_error_per_sample_ms,28.097586790855207,20.69393107503137
absolute_relative_error_per_sample_percent,49.10756228345149,67.86610236986394
