metrics,mean,std
pep_reference_ms,85.50076117148666,22.481860688192324
pep_estimated_ms,64.97257392426893,26.13114109192199
error_ms,20.41163860347309,20.719946143795315
absolute_error_ms,23.426694148949064,19.370330390270905
absolute_relative_error_percent,27.88733057295327,21.987920974485867
pearson_r,0.3330992369899088,0.3777834868149083
error_per_sample_ms,16.55796755725191,29.7758720408461
absolute_error_per_sample_ms,20.008826335877863,27.575636240720318
absolute_relative_error_per_sample_percent,24.30204578668494,35.463481247864244
