metrics,mean,std
pep_reference_ms,85.50076117148666,22.481860688192324
pep_estimated_ms,96.32202961213682,38.16181773336518
error_ms,-9.43430397951869,40.16994862980963
absolute_error_ms,42.42378825195886,17.607241246099317
absolute_relative_error_percent,55.80236455968704,33.30197174453491
pearson_r,0.2262712035150878,0.3997413896382353
error_per_sample_ms,-18.93250345781466,41.97654462897795
absolute_error_per_sample_ms,38.47828492392808,25.29607826288001
absolute_relative_error_per_sample_percent,52.79731395546653,48.33674983944386
