metrics,mean,std
pep_reference_ms,85.50076117148666,22.481860688192324
pep_estimated_ms,114.15966043728321,22.434123219030077
error_ms,-28.58705185995105,14.438576163163384
absolute_error_ms,29.922521822427672,13.432071737016372
absolute_relative_error_percent,46.19028268906025,36.92969037302029
pearson_r,0.25458930136644853,0.3212333892956626
error_per_sample_ms,-28.07827406764961,22.75909291450098
absolute_error_per_sample_ms,29.517996530789244,20.85794011203521
absolute_relative_error_per_sample_percent,47.10694882497992,59.602909419714834
