metrics,mean,std
pep_reference_ms,85.50076117148666,22.481860688192324
pep_estimated_ms,61.825819700208676,24.491434776751465
error_ms,23.530596939255464,19.59009052066093
absolute_error_ms,24.762383116470865,19.333648411985536
absolute_relative_error_percent,28.527092717487776,21.203399158334786
pearson_r,0.2953295886610326,0.4101883592689236
error_per_sample_ms,20.293189784677015,30.77522689723669
absolute_error_per_sample_ms,21.704807210816224,29.79646767914982
absolute_relative_error_per_sample_percent,25.289165363120805,34.903555084494464
