metrics,mean,std
pep_reference_ms,85.50076117148666,22.481860688192324
pep_estimated_ms,105.43987915688454,21.477026496487095
error_ms,-19.94206741397725,15.694002991284153
absolute_error_ms,26.379124127381505,8.926088290095995
absolute_relative_error_percent,39.91855556577308,27.966215653734256
pearson_r,0.261014789958356,0.33649986282704397
error_per_sample_ms,-19.94083969465649,23.587162153673763
absolute_error_per_sample_ms,26.51972010178117,15.833374621819305
absolute_relative_error_per_sample_percent,41.258222270248986,45.07179213333073
