metrics,mean,std
pep_reference_ms,85.50076117148666,22.481860688192324
pep_estimated_ms,52.262553570875326,21.612811768543683
error_ms,33.31916408391536,18.067717873815017
absolute_error_ms,38.645905263164,11.28189020398187
absolute_relative_error_percent,47.390664616410795,15.009852000878153
pearson_r,0.0660006700996088,0.34112095011141236
error_per_sample_ms,33.57740863787375,28.519899196985524
absolute_error_per_sample_ms,39.17076411960133,20.16130599260692
absolute_relative_error_per_sample_percent,49.22312765815658,27.335918641045442
