metrics,mean,std
pep_reference_ms,85.50076117148666,22.481860688192324
pep_estimated_ms,111.28255245467352,13.402737956717758
error_ms,-25.77185115300575,15.528173861253093
absolute_error_ms,27.069008556215273,14.737866742876385
absolute_relative_error_percent,46.32571919564312,44.51794028702656
pearson_r,0.22269122394523644,0.3078512553916117
error_per_sample_ms,-26.968670618120235,22.092731223531786
absolute_error_per_sample_ms,28.04064352243861,20.7152185282077
absolute_relative_error_per_sample_percent,49.061916621413495,67.9215446083297
