metrics,mean,std
pep_reference_ms,85.50076117148666,22.481860688192324
pep_estimated_ms,111.92986517961215,21.998656539623443
error_ms,-26.21507606909244,13.248952933608921
absolute_error_ms,28.364002957469346,12.448950386616481
absolute_relative_error_percent,42.96620175955018,33.028896025402375
pearson_r,0.2562793550519154,0.353725138263052
error_per_sample_ms,-25.64772470002264,23.12157364190182
absolute_error_per_sample_ms,27.778129952456418,20.51312863291419
absolute_relative_error_per_sample_percent,43.37467446273998,55.22038990379725
