metrics,mean,std
pep_reference_ms,85.50076117148666,22.481860688192324
pep_estimated_ms,107.46715998160361,10.297928942124633
error_ms,-21.935514014097386,17.212218777433147
absolute_error_ms,25.736095431906424,13.584896501605016
absolute_relative_error_percent,43.767761665150225,41.84058352819078
pearson_r,0.21052958173601863,0.3025282536626593
error_per_sample_ms,-23.8505722763883,22.469401988990906
absolute_error_per_sample_ms,26.74544298431539,18.931590087122252
absolute_relative_error_per_sample_percent,46.661002289587785,62.89966246055671
