metrics,mean,std
pep_reference_ms,85.50076117148666,22.481860688192324
pep_estimated_ms,96.00420111496194,21.706357004438683
error_ms,-10.500717775898094,16.46439234810896
absolute_error_ms,20.13384445449286,11.23162038009447
absolute_relative_error_percent,31.18588632612879,29.195841831579433
pearson_r,0.2594777013075624,0.3109144151967997
error_per_sample_ms,-11.014160051491096,25.35479655008586
absolute_error_per_sample_ms,19.860759493670887,19.228303671168444
absolute_relative_error_per_sample_percent,31.72247585703679,46.46713974739023
