metrics,mean,std
pep_reference_ms,85.50076117148666,22.481860688192324
pep_estimated_ms,55.00441902164905,22.44731561923536
error_ms,30.52673897644385,18.973966052859176
absolute_error_ms,36.00967745247121,12.233404013027682
absolute_relative_error_percent,44.56046826136067,16.46453823215998
pearson_r,0.13001882045354715,0.33324382369913197
error_per_sample_ms,30.563121487246,27.384723085680534
absolute_error_per_sample_ms,36.245352356247295,19.243229617063786
absolute_relative_error_per_sample_percent,46.25809138291626,28.175041803968256
