metrics,mean,std
pep_reference_ms,85.50076117148666,22.481860688192324
pep_estimated_ms,105.14602172807032,21.3714075509683
error_ms,-19.64820998516303,15.618212847174478
absolute_error_ms,26.156323284874336,8.875727807922367
absolute_relative_error_percent,39.547492934637475,27.89690278513492
pearson_r,0.260770427648871,0.3370527312962932
error_per_sample_ms,-19.47540288379983,23.477156469596252
absolute_error_per_sample_ms,26.198897370653096,15.623250940384022
absolute_relative_error_per_sample_percent,40.72226442792928,44.420827606021675
