metrics,mean,std
pep_reference_ms,85.50076117148666,22.481860688192324
pep_estimated_ms,71.7872288521585,25.571084534158842
error_ms,13.603043552982292,15.435515812173463
absolute_error_ms,19.150645129262806,13.693341443397106
absolute_relative_error_percent,23.33972091945168,16.118962911291757
pearson_r,0.2931926869825754,0.3478715530517479
error_per_sample_ms,12.98014401047349,26.893252721023845
absolute_error_per_sample_ms,17.92886755400393,23.88068023906506
absolute_relative_error_per_sample_percent,22.497242902388543,30.9659092822856
