metrics,mean,std
pep_reference_ms,85.50076117148666,22.481860688192324
pep_estimated_ms,103.69252806837949,22.165947976519913
error_ms,-18.194716325472196,9.703880845582336
absolute_error_ms,18.956523661318435,9.266717720011503
absolute_relative_error_percent,30.046965418938445,25.601596580191064
pearson_r,0.49144730616035864,0.31247367758742683
error_per_sample_ms,-17.658821034775233,16.738180181671343
absolute_error_per_sample_ms,18.462468193384225,15.84733114251707
absolute_relative_error_per_sample_percent,30.298283863596676,44.31981849939277
