metrics,mean,std
pep_reference_ms,85.50076117148666,22.481860688192324
pep_estimated_ms,104.4845371580617,22.418012463065754
error_ms,-18.99854060039416,16.593862431863556
absolute_error_ms,26.245573671500946,9.273674906005022
absolute_relative_error_percent,39.74179025837165,28.2144184158607
pearson_r,0.2597131037302138,0.35712586016307357
error_per_sample_ms,-18.85768903993203,24.059623314045343
absolute_error_per_sample_ms,26.269328802039084,15.633306567418382
absolute_relative_error_per_sample_percent,40.83239030820415,44.88490520149356
