metrics,mean,std
pep_reference_ms,85.50076117148666,22.481860688192324
pep_estimated_ms,72.12597867295352,25.740967497737604
error_ms,13.26683704284486,15.380184319959344
absolute_error_ms,18.996714563081646,13.591805083414584
absolute_relative_error_percent,23.302244260860835,15.9423908868301
pearson_r,0.27980893588110467,0.343919549191178
error_per_sample_ms,12.497164048865619,26.85678829406479
absolute_error_per_sample_ms,17.68869982547993,23.760809860367576
absolute_relative_error_per_sample_percent,22.36394586258602,31.328912918152188
