metrics,mean,std
pep_reference_ms,85.50076117148666,22.481860688192324
pep_estimated_ms,88.5403323059963,22.84363445010206
error_ms,-3.0425205630890226,17.18216100286546
absolute_error_ms,18.083711478968688,11.896774137959216
absolute_relative_error_percent,30.854515151584614,35.649164351626226
pearson_r,0.335809097763733,0.33730678799013253
error_per_sample_ms,-3.7266751484308736,26.633490352723243
absolute_error_per_sample_ms,19.062553011026292,18.96971240510374
absolute_relative_error_per_sample_percent,32.97955430998279,55.89594833931641
