metrics,mean,std
pep_reference_ms,85.50076117148666,22.481860688192324
pep_estimated_ms,110.32788320204929,13.491375700706529
error_ms,-24.817181900381502,15.155860930158081
absolute_error_ms,26.230691345142993,14.213500335790114
absolute_relative_error_percent,44.875682163874544,42.17046329786095
pearson_r,0.2414110594915985,0.3144380260206865
error_per_sample_ms,-25.98264182895851,21.06170411718005
absolute_error_per_sample_ms,27.167654530059274,19.509269695889014
absolute_relative_error_per_sample_percent,47.59895709760388,63.45836703335596
