metrics,mean,std
pep_reference_ms,85.50076117148666,22.481860688192324
pep_estimated_ms,64.36508271506918,26.0657899766011
error_ms,20.973201472387597,20.757192032804248
absolute_error_ms,23.667811392327998,19.37379814201837
absolute_relative_error_percent,28.04406795646524,21.968241034158936
pearson_r,0.342026170198922,0.375573511559772
error_per_sample_ms,17.229942693409743,29.580429449146813
absolute_error_per_sample_ms,20.19173829990449,27.643560480558683
absolute_relative_error_per_sample_percent,24.30208489291617,34.34409579115964
