metrics,mean,std
pep_reference_ms,85.50076117148666,22.481860688192324
pep_estimated_ms,96.663157795263,21.66898974752401
error_ms,-11.16011567110559,16.537283123863546
absolute_error_ms,20.304318474399835,11.364994052639194
absolute_relative_error_percent,31.6018692651889,29.57221511678321
pearson_r,0.24980368676585252,0.32053452725355247
error_per_sample_ms,-11.816427192794338,25.457060859492596
absolute_error_per_sample_ms,20.19472442633498,19.490074513734132
absolute_relative_error_per_sample_percent,32.360259543977136,46.96425879892943
