metrics,mean,std
pep_reference_ms,85.50076117148666,22.481860688192324
pep_estimated_ms,114.55340172473103,22.420847431299705
error_ms,-28.979832905444436,14.417394025880542
absolute_error_ms,30.213645670141783,13.35164083410478
absolute_relative_error_percent,46.777640887579146,36.86324241389513
pearson_r,0.25365430394578303,0.3170671030361046
error_per_sample_ms,-28.681680381117367,22.49445372265558
absolute_error_per_sample_ms,29.849285404937202,20.920310671208238
absolute_relative_error_per_sample_percent,47.834718612538566,60.18280525614529
