metrics,mean,std
pep_reference_ms,85.50076117148666,22.481860688192324
pep_estimated_ms,95.07848235302578,36.34981730630663
error_ms,-8.279304665535976,38.028867392285164
absolute_error_ms,41.33769363749103,17.408279940529848
absolute_relative_error_percent,54.11973620369242,30.87037965386848
pearson_r,0.20607063849572596,0.393783522832253
error_per_sample_ms,-17.61987951807229,42.03589361239646
absolute_error_per_sample_ms,37.65,25.689569985192364
absolute_relative_error_per_sample_percent,51.3143309478116,47.435847071458774
