metrics,mean,std
pep_reference_ms,85.50076117148666,22.481860688192324
pep_estimated_ms,54.51659303826263,22.40411948423747
error_ms,31.03127456638508,18.837442068114584
absolute_error_ms,36.48986007426912,12.000713252692526
absolute_relative_error_percent,45.12597447803098,16.251285339029415
pearson_r,0.11498294220484367,0.3345608287586521
error_per_sample_ms,31.176649305555557,27.46404770878875
absolute_error_per_sample_ms,36.83680555555556,19.21736545248629
absolute_relative_error_per_sample_percent,46.91070239272224,27.85896962878593
