metrics,mean,std
pep_reference_ms,85.50076117148666,22.481860688192324
pep_estimated_ms,107.52367665933305,10.296324723612681
error_ms,-21.992030691826816,17.208004868323197
absolute_error_ms,25.776055226537594,13.59355331820662
absolute_relative_error_percent,43.82508944565565,41.853949338259234
pearson_r,0.2065085016588646,0.30549628640248017
error_per_sample_ms,-23.940652818991097,22.49250915194341
absolute_error_per_sample_ms,26.81263247138618,18.97763329037875
absolute_relative_error_per_sample_percent,46.75486623919925,62.931873076223376
