metrics,mean,std
pep_reference_ms,85.50076117148666,22.481860688192324
pep_estimated_ms,88.85459104828652,22.945263535477107
error_ms,-3.356779305379255,17.392319171585946
absolute_error_ms,18.27733645298228,12.224206668141356
absolute_relative_error_percent,31.193296780178414,36.52208371185367
pearson_r,0.330117498249692,0.3331951666797384
error_per_sample_ms,-4.1810856658184905,26.82607946790987
absolute_error_per_sample_ms,19.255725190839694,19.139933760031408
absolute_relative_error_per_sample_percent,33.32587282739222,56.1002069362988
