metrics,mean,std
pep_reference_ms,85.50076117148666,22.481860688192324
pep_estimated_ms,101.37332348329025,21.768874649211345
error_ms,-15.918613072346567,16.779664940875243
absolute_error_ms,26.643920892479446,8.70746867971967
absolute_relative_error_percent,39.256598500742825,26.49588207139058
pearson_r,0.19937550023251224,0.3739603557651427
error_per_sample_ms,-15.486087328767123,27.12529233980292
absolute_error_per_sample_ms,26.787029109589042,16.06410460486366
absolute_relative_error_per_sample_percent,40.487763401270676,40.48938144196042
