metrics,mean,std
pep_reference_ms,85.50076117148666,22.481860688192324
pep_estimated_ms,104.22453209415926,22.393774221838704
error_ms,-18.738535536491717,16.604220574590165
absolute_error_ms,26.069209700637497,9.289554428428987
absolute_relative_error_percent,39.441786589981206,28.094371347473434
pearson_r,0.2591493151201863,0.35549651746584515
error_per_sample_ms,-18.518054375531012,24.07626240735184
absolute_error_per_sample_ms,26.045242141036532,15.627863295331242
absolute_relative_error_per_sample_percent,40.44595108452769,44.03256700356413
