metrics,mean,std
pep_reference_ms,85.50076117148666,22.481860688192324
pep_estimated_ms,68.5277413208231,24.46212537257108
error_ms,16.845236228751766,14.925523368700622
absolute_error_ms,20.257653806751467,14.000743224475634
absolute_relative_error_percent,24.129588461316896,16.14736435135333
pearson_r,0.2869413081770368,0.3330778315256311
error_per_sample_ms,16.266177451634423,26.459061171488738
absolute_error_per_sample_ms,18.95686012897487,24.603005934542345
absolute_relative_error_per_sample_percent,23.22095010888329,29.425426105979845
