metrics,mean,std
pep_reference_ms,85.50076117148666,22.481860688192324
pep_estimated_ms,101.83241626720523,22.26107483666323
error_ms,-16.380039830401483,9.522450584927553
absolute_error_ms,17.99426475005767,8.780315226997805
absolute_relative_error_percent,28.08763423401506,24.280600431813824
pearson_r,0.5295993453810133,0.315564857961813
error_per_sample_ms,-15.552938680246127,17.017078338763834
absolute_error_per_sample_ms,17.434967112242735,15.082996339392777
absolute_relative_error_per_sample_percent,28.141000166452024,40.20123808798391
