metrics,mean,std
pep_reference_ms,85.50076117148666,22.481860688192324
pep_estimated_ms,102.24065272583869,20.941606059884727
error_ms,-16.83275124073372,15.817258288848063
absolute_error_ms,26.135790153619062,8.460019290390461
absolute_relative_error_percent,38.7113750304194,26.616444715844956
pearson_r,0.2193897106213289,0.3325478450410348
error_per_sample_ms,-16.826517150395777,25.297943685452516
absolute_error_per_sample_ms,26.300131926121374,15.212517700679971
absolute_relative_error_per_sample_percent,40.01907515893134,41.101768474116334
