metrics,mean,std
pep_reference_ms,85.50076117148666,22.481860688192324
pep_estimated_ms,97.39430603810071,38.06896327964181
error_ms,-10.469206176344086,39.73573490759856
absolute_error_ms,42.12261108613709,17.588845823866595
absolute_relative_error_percent,55.561766056420595,33.49683344302255
pearson_r,0.2196334191213778,0.39756120500672393
error_per_sample_ms,-19.71080043859649,41.28557043729664
absolute_error_per_sample_ms,38.23547149122807,25.120961369076692
absolute_relative_error_per_sample_percent,52.62658883403095,48.445763124963214
