metrics,mean,std
pep_reference_ms,85.50076117148666,22.481860688192324
pep_estimated_ms,103.92460304772261,22.139131551635106
error_ms,-18.426791304815318,9.675014203117815
absolute_error_ms,19.094335899631595,9.313071777774855
absolute_relative_error_percent,30.302528190087965,25.662413547585206
pearson_r,0.484968446740752,0.3013689405780271
error_per_sample_ms,-17.932782018659882,16.84892515945216
absolute_error_per_sample_ms,18.66348600508906,16.03574881617432
absolute_relative_error_per_sample_percent,30.657727375600423,45.21977328704749
