metrics,mean,std
pep_reference_ms,85.50076117148666,22.481860688192324
pep_estimated_ms,85.86938709096256,21.574657478789582
error_ms,0.5216973403756985,15.675006595862715
absolute_error_ms,18.485189896742668,10.754731505575172
absolute_relative_error_percent,30.63928254630879,32.47044905839577
pearson_r,0.36795816940925535,0.39521277066569854
error_per_sample_ms,0.753503331036067,25.95692817272628
absolute_error_per_sample_ms,18.68274753043878,18.035654469628692
absolute_relative_error_per_sample_percent,30.039903409639017,50.41676064426759
