metrics,mean,std
pep_reference_ms,85.50076117148666,22.481860688192324
pep_estimated_ms,92.39012372735134,20.723367254294256
error_ms,-6.8474278384506855,15.884824223892284
absolute_error_ms,20.096654386348558,11.0020901004948
absolute_relative_error_percent,29.83688538441055,27.305805230121454
pearson_r,0.24062198599229423,0.3200217631031121
error_per_sample_ms,-7.391351586266841,27.520235436762054
absolute_error_per_sample_ms,19.884180790960453,20.411143795461893
absolute_relative_error_per_sample_percent,30.359589267132154,42.330929048639284
