metrics,mean,std
pep_reference_ms,85.50076117148666,22.481860688192324
pep_estimated_ms,106.63546165491121,10.061549685652526
error_ms,-21.103815687404996,17.264973027591775
absolute_error_ms,25.194203436691915,13.562737420464373
absolute_relative_error_percent,42.99122571286243,41.57479904734156
pearson_r,0.21171488500480404,0.32151014972530706
error_per_sample_ms,-22.923272573124205,22.35345676605753
absolute_error_per_sample_ms,26.130139889783806,18.50322253538774
absolute_relative_error_per_sample_percent,45.770183110612244,62.22400271358398
