metrics,mean,std
pep_reference_ms,91.81678678514223,20.888297889774446
pep_estimated_ms,99.33849988690753,18.741231321009412
error_ms,-7.521713101765306,5.461513333290068
absolute_error_ms,7.932414844476992,5.014730232515868
absolute_relative_error_percent,10.24345004542618,8.260160557250725
pearson_r,0.923739548359872,0.17787836310728017
error_per_sample_ms,-8.4152,6.693490043318225
absolute_error_per_sample_ms,8.7572,6.239378828056414
absolute_relative_error_per_sample_percent,11.63390494066531,10.525926942786189
