metrics,mean,std
pep_reference_ms,137.87356451358494,20.14601560316418
pep_estimated_ms,159.2333138608511,15.397969998096107
error_ms,-21.812709837799552,11.767500041510617
absolute_error_ms,27.03079202623786,9.286901921522093
absolute_relative_error_percent,22.80702324448709,11.44982534027776
error_per_sample_ms,-22.075429305087464,26.347311007769857
absolute_error_per_sample_ms,26.710961322420157,21.633999204406333
absolute_relative_error_per_sample_percent,22.75569351604828,25.9975351133731
