metrics,mean,std
pep_reference_ms,137.87356451358494,20.14601560316418
pep_estimated_ms,138.26646809232133,29.97732427482864
error_ms,-0.7647810690741865,17.671701565989384
absolute_error_ms,22.66102086452113,10.484677481628268
absolute_relative_error_percent,17.242431911072373,9.904239334878625
pearson_r,0.3748082796991648,0.2130164937500033
error_per_sample_ms,-1.0178600160901046,33.077896355102794
absolute_error_per_sample_ms,22.595333869670153,24.179209118773137
absolute_relative_error_per_sample_percent,17.265855514527665,20.06736257299355
