metrics,mean,std
pep_reference_ms,137.87356451358494,20.14601560316418
pep_estimated_ms,109.12709740348562,5.4150025199425755
error_ms,28.26149875614112,18.34361999377233
absolute_error_ms,32.7109647660766,14.823030956327532
absolute_relative_error_percent,22.722938695303956,7.159677315683646
error_per_sample_ms,28.685824369882805,26.494022741299897
absolute_error_per_sample_ms,32.954888425108365,20.947197657083603
absolute_relative_error_per_sample_percent,22.997418621745908,14.321444234736493
