metrics,mean,std
pep_reference_ms,137.87356451358494,20.14601560316418
pep_estimated_ms,141.22978907974053,29.767887338628082
error_ms,-3.7270128538270604,17.664188621676278
absolute_error_ms,23.764876202549623,9.968003707262689
absolute_relative_error_percent,18.15691521620135,9.639663141968834
pearson_r,0.36709802431759353,0.2119683668379282
error_per_sample_ms,-4.0823548335209905,33.11243424037301
absolute_error_per_sample_ms,23.714975068360946,23.46697423650569
absolute_relative_error_per_sample_percent,18.199333447052748,20.195048535882172
