metrics,mean,std
pep_reference_ms,137.87356451358494,20.14601560316418
pep_estimated_ms,122.12892476960205,29.47223405293056
error_ms,14.785251598612366,25.034324183068886
absolute_error_ms,30.489560590933564,23.514033302705904
absolute_relative_error_percent,22.513032502763213,16.643538549381784
error_per_sample_ms,13.504964291935202,44.116828613244515
absolute_error_per_sample_ms,29.128723218951404,35.77982827027745
absolute_relative_error_per_sample_percent,21.623486270824987,25.725759908292137
