metrics,mean,std
pep_reference_ms,137.87356451358494,20.14601560316418
pep_estimated_ms,120.95401818038219,3.147959235813726
error_ms,16.466541732968494,20.75024137600375
absolute_error_ms,25.969778140016164,12.970402145334983
absolute_relative_error_percent,18.85283097484065,7.1904370438350504
error_per_sample_ms,15.907252888318357,27.230575369311538
absolute_error_per_sample_ms,25.499037227214377,18.556509097397512
absolute_relative_error_per_sample_percent,18.68941639272254,16.188445369835662
