metrics,mean,std
pep_reference_ms,137.87356451358494,20.14601560316418
pep_estimated_ms,110.8322039681225,17.12250179418616
error_ms,26.579781178109904,18.1870219407585
absolute_error_ms,35.10998579385883,10.807418197308815
absolute_relative_error_percent,25.868006379577377,6.827233868016938
error_per_sample_ms,27.64983922829582,30.407588508148645
absolute_error_per_sample_ms,35.81382636655948,20.161966402547097
absolute_relative_error_per_sample_percent,26.447800688322605,16.022927465640237
