metrics,mean,std
pep_reference_ms,137.87356451358494,20.14601560316418
pep_estimated_ms,126.9737602076428,29.797057642295176
error_ms,10.44356376681222,17.76986237557225
absolute_error_ms,20.65975700243177,13.922158367201394
absolute_relative_error_percent,15.741084663980537,11.759224677882077
pearson_r,0.3431160959089249,0.20999896496484366
error_per_sample_ms,10.101392938127631,32.771485824205705
absolute_error_per_sample_ms,20.189504373177844,27.719890612735313
absolute_relative_error_per_sample_percent,15.47490323491085,21.89568506940347
