metrics,mean,std
pep_reference_ms,137.87356451358494,20.14601560316418
pep_estimated_ms,126.87673748063686,33.49175600768747
error_ms,10.567746781775213,19.992492497398853
absolute_error_ms,21.56167892494341,14.751249965256097
absolute_relative_error_percent,16.151302871818412,12.137750830393372
error_per_sample_ms,11.17211760819293,34.21877826334813
absolute_error_per_sample_ms,20.530558308556326,29.56750197812614
absolute_relative_error_per_sample_percent,15.468954559601771,22.925488043886354
