metrics,mean,std
pep_reference_ms,137.87356451358494,20.14601560316418
pep_estimated_ms,151.74360203412428,7.831072315085649
error_ms,-14.326229414239103,14.744199797889808
absolute_error_ms,20.715319463496208,10.091335415523067
absolute_relative_error_percent,18.44763836185566,12.56584932418463
error_per_sample_ms,-14.508262473929086,23.18653847079027
absolute_error_per_sample_ms,20.496390181293116,18.11085960980443
absolute_relative_error_per_sample_percent,18.420910269971877,23.908247608654605
