metrics,mean,std
pep_reference_ms,137.87356451358494,20.14601560316418
pep_estimated_ms,134.8211138518343,29.66762833494695
error_ms,2.6016467740946334,28.36360214065514
absolute_error_ms,33.148416987714604,13.43113274840604
absolute_relative_error_percent,25.621859113448078,10.917685974155022
error_per_sample_ms,1.8242570281124497,39.560208268704116
absolute_error_per_sample_ms,33.058313253012045,21.805639564883275
absolute_relative_error_per_sample_percent,25.73838238247585,20.441176151699363
