metrics,mean,std
pep_reference_ms,137.87356451358494,20.14601560316418
pep_estimated_ms,146.7334227956448,7.780101747250466
error_ms,-9.313059207773629,14.42299435850043
absolute_error_ms,19.331417305766767,8.873927775087191
absolute_relative_error_percent,16.887154055378595,11.060490920553445
error_per_sample_ms,-9.288739172281039,24.093691672783354
absolute_error_per_sample_ms,18.94995187680462,17.540979952687913
absolute_relative_error_per_sample_percent,16.739715701749454,22.81087057871244
