metrics,mean,std
pep_reference_ms,137.87356451358494,20.14601560316418
pep_estimated_ms,132.83933561456365,29.672010630256867
error_ms,4.581385235740565,28.372493804961145
absolute_error_ms,32.714977207629076,14.249691529314962
absolute_relative_error_percent,25.185375423862652,11.173103841691558
pearson_r,0.03747416030099228,0.30770827696593833
error_per_sample_ms,3.8007712082262213,39.51996858732343
absolute_error_per_sample_ms,32.600899742930594,22.659547984717058
absolute_relative_error_per_sample_percent,25.28335078096793,20.47450382206362
