metrics,mean,std
pep_reference_ms,137.87356451358494,20.14601560316418
pep_estimated_ms,121.99577434471419,10.249854149768943
error_ms,15.42531700342263,18.558349758482017
absolute_error_ms,26.073368621400167,10.988143462393301
absolute_relative_error_percent,18.96653304205519,5.948446107257672
error_per_sample_ms,16.222294760894403,27.450259880560544
absolute_error_per_sample_ms,26.156683531907948,18.23478876848506
absolute_relative_error_per_sample_percent,19.136413473120154,16.0820478646383
