metrics,mean,std
pep_reference_ms,137.87356451358494,20.14601560316418
pep_estimated_ms,153.08662637939042,25.88510743606348
error_ms,-15.186291992821094,23.0016953087491
absolute_error_ms,38.52645885538579,11.309759653916947
absolute_relative_error_percent,30.806799798326423,12.383946205428892
pearson_r,0.18062481666740166,0.19407134124655281
error_per_sample_ms,-17.3256327501274,43.17464614780024
absolute_error_per_sample_ms,37.856972991336846,27.03843960204167
absolute_relative_error_per_sample_percent,30.56470431357235,27.531052365433393
