metrics,mean,std
pep_reference_ms,137.87356451358494,20.14601560316418
pep_estimated_ms,155.11168327652481,19.8993177613797
error_ms,-17.718003493485703,13.680970020649262
absolute_error_ms,24.346520285621914,10.182263359413447
absolute_relative_error_percent,20.39170808722478,10.785776779200637
pearson_r,0.2808203838859702,0.20177838711537885
error_per_sample_ms,-17.58496627047864,32.66947350864839
absolute_error_per_sample_ms,24.008352071956313,28.286473248801236
absolute_relative_error_per_sample_percent,20.2936728577737,29.308805988036198
