metrics,mean,std
pep_reference_ms,137.87356451358494,20.14601560316418
pep_estimated_ms,159.88159639709528,15.260296238581958
error_ms,-22.461036483744603,9.340388529673548
absolute_error_ms,25.590988634353952,8.005376898430452
absolute_relative_error_percent,21.45948576135015,10.097522146468332
pearson_r,0.4118603713804137,0.21536017212151498
error_per_sample_ms,-22.701540436456995,20.391753982669073
absolute_error_per_sample_ms,25.333761232349165,17.011293616304197
absolute_relative_error_per_sample_percent,21.449826147104197,22.29519413945239
