metrics,mean,std
pep_reference_ms,137.87356451358494,20.14601560316418
pep_estimated_ms,127.90319440128255,30.10125183120287
error_ms,9.004740498233755,25.777151988169155
absolute_error_ms,30.312000502229097,22.62632461070726
absolute_relative_error_percent,22.63672203137919,16.076827873876198
error_per_sample_ms,8.179202772963604,45.03006256431839
absolute_error_per_sample_ms,29.471403812824956,35.01488611789375
absolute_relative_error_per_sample_percent,22.10648466031715,25.501171707725955
