metrics,mean,std
pep_reference_ms,137.87356451358494,20.14601560316418
pep_estimated_ms,144.75558344439844,16.836457728795676
error_ms,-7.367840229026514,7.499647406394054
absolute_error_ms,12.987101218488657,5.519855372954335
absolute_relative_error_percent,11.307017382847885,6.300232534297604
pearson_r,0.404984533138701,0.21619758922590654
error_per_sample_ms,-7.023928055243295,19.18272097802418
absolute_error_per_sample_ms,12.509715753974627,16.149902823259303
absolute_relative_error_per_sample_percent,11.062945968819442,18.653993776630543
