metrics,mean,std
pep_reference_ms,137.87356451358494,20.14601560316418
pep_estimated_ms,129.4387488299797,31.636399056390125
error_ms,8.058692857806173,24.855170864561746
absolute_error_ms,28.7987552882312,22.508852523410155
absolute_relative_error_percent,21.44930138652322,15.98869164924195
error_per_sample_ms,7.896968693059467,43.71400251623409
absolute_error_per_sample_ms,27.978466125559052,34.503355833735405
absolute_relative_error_per_sample_percent,20.969686313424603,25.868997418022843
