metrics,mean,std
pep_reference_ms,137.87356451358494,20.14601560316418
pep_estimated_ms,156.44283332623937,15.51391138712128
error_ms,-19.03529987471471,9.208432524995676
absolute_error_ms,22.0439913696363,7.507459637718892
absolute_relative_error_percent,18.7592555391168,9.59744063772028
pearson_r,0.40136665409875855,0.20961409414111168
error_per_sample_ms,-19.164365971107543,20.24814633628159
absolute_error_per_sample_ms,21.86741573033708,17.29382787027283
absolute_relative_error_per_sample_percent,18.794647332405436,21.859757291744472
