metrics,mean,std
pep_reference_ms,137.87356451358494,20.14601560316418
pep_estimated_ms,140.206117836817,30.994519694795144
error_ms,-2.8037670272209136,26.967817171349715
absolute_error_ms,31.402844903050482,12.229331813565043
absolute_relative_error_percent,24.398491730139583,9.519369822765778
error_per_sample_ms,-2.114248408682879,38.065065944067975
absolute_error_per_sample_ms,31.23845275012241,21.853566332254214
absolute_relative_error_per_sample_percent,24.46201338413102,20.86282016888646
