metrics,mean,std
pep_reference_ms,137.87356451358494,20.14601560316418
pep_estimated_ms,152.23542996919153,21.340696247435993
error_ms,-14.847730863520438,14.192586578283272
absolute_error_ms,24.987777378706763,9.017540702728933
absolute_relative_error_percent,20.674153956329846,9.417075445287157
error_per_sample_ms,-14.05266538214515,32.395969379066244
absolute_error_per_sample_ms,24.369299935773924,25.556084539542628
absolute_relative_error_per_sample_percent,20.363992971622416,27.222897717144054
