metrics,mean,std
pep_reference_ms,137.87356451358494,20.14601560316418
pep_estimated_ms,144.7334227956448,7.780101747250466
error_ms,-7.313059207773629,14.42299435850043
absolute_error_ms,18.932948222801215,8.359818543502284
absolute_relative_error_percent,16.370489540059026,10.422747619160402
error_per_sample_ms,-7.28873917228104,24.093691672783354
absolute_error_per_sample_ms,18.555983317292267,17.009032314422377
absolute_relative_error_per_sample_percent,16.225540698970313,22.072335197801525
