metrics,mean,std
pep_reference_ms,137.87356451358494,20.14601560316418
pep_estimated_ms,126.95401818038219,3.147959235813726
error_ms,10.466541732968494,20.75024137600375
absolute_error_ms,23.538874888473128,11.507637993981392
absolute_relative_error_percent,17.766939921207296,7.736018674306537
pearson_r,-0.03002005736296811,0.2122323999285964
error_per_sample_ms,9.907252888318357,27.230575369311538
absolute_error_per_sample_ms,23.078626444159177,17.52241125495552
absolute_relative_error_per_sample_percent,17.6080311103358,17.604506745098988
