metrics,mean,std
pep_reference_ms,137.87356451358494,20.14601560316418
pep_estimated_ms,132.90519755332429,29.719285394736186
error_ms,4.3284808900716145,16.97600832669542
absolute_error_ms,24.27865398415245,11.42262667368339
absolute_relative_error_percent,18.30850869638041,10.83210891487229
pearson_r,0.3738974023100245,0.21860360487168048
error_per_sample_ms,3.7486859395532193,35.758303781606116
absolute_error_per_sample_ms,24.276938239159,26.520543081601975
absolute_relative_error_per_sample_percent,18.34286645702229,20.69791244552479
