metrics,mean,std
pep_reference_ms,137.87356451358494,20.14601560316418
pep_estimated_ms,161.88159639709528,15.260296238581958
error_ms,-24.461036483744603,9.340388529673548
absolute_error_ms,27.433999643962068,7.994171429861495
absolute_relative_error_percent,22.889422546166724,10.323429727878256
pearson_r,0.4118603713804137,0.21536017212151498
error_per_sample_ms,-24.701540436456995,20.391753982669073
absolute_error_per_sample_ms,27.190629011553273,16.931019590671422
absolute_relative_error_per_sample_percent,22.89215789166603,22.628325645645702
