metrics,mean,std
pep_reference_ms,137.87356451358494,20.14601560316418
pep_estimated_ms,124.9267966151885,1.8943914638480106
error_ms,12.493763298162179,19.78775179912977
absolute_error_ms,24.484791376542056,11.555368039726984
absolute_relative_error_percent,18.214530428636838,7.289996858308942
pearson_r,0.07961856812686482,0.15318839256793865
error_per_sample_ms,12.312901155327342,27.583744127783696
absolute_error_per_sample_ms,24.1704107830552,18.11799430252366
absolute_relative_error_per_sample_percent,18.13354583167404,17.38495086160357
