metrics,mean,std
pep_reference_ms,137.87356451358494,20.14601560316418
pep_estimated_ms,153.11168327652484,19.8993177613797
error_ms,-15.7180034934857,13.680970020649259
absolute_error_ms,24.01579519766137,9.540767656827509
absolute_relative_error_percent,20.04855545391322,10.202492452431272
pearson_r,0.2808203838859702,0.20177838711537885
error_per_sample_ms,-15.584966270478638,32.66947350864839
absolute_error_per_sample_ms,23.66912945711532,27.385360755823108
absolute_relative_error_per_sample_percent,19.93868617359439,28.523377385003165
