metrics,mean,std
pep_reference_ms,137.87356451358494,20.14601560316418
pep_estimated_ms,117.05308938781253,2.248825144144195
error_ms,20.354444063712112,20.458367762750292
absolute_error_ms,27.910342640419913,13.704364160527303
absolute_relative_error_percent,19.86829533765068,7.0391850692308475
pearson_r,-0.03012908505725537,0.2123501394322919
error_per_sample_ms,19.85553772070626,27.068422855471344
absolute_error_per_sample_ms,27.501765650080255,19.250838428210468
absolute_relative_error_per_sample_percent,19.742770852658115,15.413972094382927
