metrics,mean,std
pep_reference_ms,137.87356451358494,20.14601560316418
pep_estimated_ms,131.9302515438369,9.511188191005406
error_ms,5.490308369513755,13.416163600308034
absolute_error_ms,18.481851543648855,6.482717238523351
absolute_relative_error_percent,14.463009225674435,5.669477896999428
error_per_sample_ms,5.691270860077021,22.49843100054611
absolute_error_per_sample_ms,18.387676508344033,14.158506775560243
absolute_relative_error_per_sample_percent,14.487666216071558,16.11963013690014
