metrics,mean,std
pep_reference_ms,137.87356451358494,20.14601560316418
pep_estimated_ms,160.1214593809562,21.13054721488095
error_ms,-22.699284692599242,14.078551268219497
absolute_error_ms,27.000346044585367,11.824396616821785
absolute_relative_error_percent,22.546563536735498,11.712933968670438
error_per_sample_ms,-22.01284315299406,32.545456984901016
absolute_error_per_sample_ms,26.169529619521594,29.307469244671008
absolute_relative_error_per_sample_percent,22.14094119198791,30.42146426021646
