metrics,mean,std
pep_reference_ms,137.87356451358494,20.14601560316418
pep_estimated_ms,125.34768745950964,30.085352560874878
error_ms,12.140728768871258,25.665366866104264
absolute_error_ms,29.427804427903112,22.644000110318423
absolute_relative_error_percent,21.792859959544028,15.859600560847253
error_per_sample_ms,11.2062510174182,42.91173698135654
absolute_error_per_sample_ms,28.636171251831353,33.866900192640756
absolute_relative_error_per_sample_percent,21.333136241277153,24.87532008667152
