metrics,mean,std
pep_reference_ms,137.87356451358494,20.14601560316418
pep_estimated_ms,137.2793903078965,21.023704794211827
error_ms,0.11428947514262415,12.936590256643
absolute_error_ms,27.11421553358682,4.913009402292058
absolute_relative_error_percent,21.606471262766007,6.383748834628338
error_per_sample_ms,0.6337937680693865,32.4220656169196
absolute_error_per_sample_ms,26.938323160938,18.053220728866034
absolute_relative_error_per_sample_percent,21.558346588875853,20.62746941872399
