metrics,mean,std
pep_reference_ms,137.87356451358494,20.14601560316418
pep_estimated_ms,151.44601114808202,25.41653747092881
error_ms,-13.56605052912956,22.61852254660054
absolute_error_ms,37.00494979880435,11.408200369862758
absolute_relative_error_percent,29.6584918613115,12.218260017815517
pearson_r,0.18328219541767798,0.191157400846876
error_per_sample_ms,-15.694482288828338,42.58645618279154
absolute_error_per_sample_ms,36.2816757493188,27.268352156748463
absolute_relative_error_per_sample_percent,29.359727300957655,27.39051340434251
