metrics,mean,std
pep_reference_ms,137.87356451358494,20.14601560316418
pep_estimated_ms,136.39700777528714,30.032129905252816
error_ms,1.018935518232136,28.52088608987032
absolute_error_ms,31.3351815995965,14.200997521147226
absolute_relative_error_percent,24.330935598703135,11.184176186513401
pearson_r,0.10213643020935255,0.30344932199862173
error_per_sample_ms,0.6859252126464452,38.07108108309627
absolute_error_per_sample_ms,31.154870807254053,21.891818864962723
absolute_relative_error_per_sample_percent,24.392221973965285,20.63616991430121
