metrics,mean,std
pep_reference_ms,137.87356451358494,20.14601560316418
pep_estimated_ms,139.23738128807585,29.745918017656386
error_ms,-1.7383408468782588,17.62600291914764
absolute_error_ms,22.790642015701245,10.383593146656807
absolute_relative_error_percent,17.391275078115818,9.861717259258532
error_per_sample_ms,-2.1052123552123554,33.06601755931458
absolute_error_per_sample_ms,22.70173745173745,24.133473702843137
absolute_relative_error_per_sample_percent,17.407568684777594,20.5255593452093
