metrics,mean,std
pep_reference_ms,137.87356451358494,20.14601560316418
pep_estimated_ms,135.7659891137548,30.369316333609856
error_ms,1.6309063867357905,26.519961502536884
absolute_error_ms,33.002580214774326,12.23145439361965
absolute_relative_error_percent,25.389330392421883,9.542440109999552
pearson_r,0.027921330233266844,0.28653249345327964
error_per_sample_ms,2.081498521196188,40.09289159866459
absolute_error_per_sample_ms,33.15872494249096,22.633416733322463
absolute_relative_error_per_sample_percent,25.652799568231746,20.549470481975256
