metrics,mean,std
pep_reference_ms,137.87356451358494,20.14601560316418
pep_estimated_ms,139.29843739279872,31.375184396154747
error_ms,-1.8689773168618997,27.478865724034105
absolute_error_ms,31.651784525820375,12.99032517016402
absolute_relative_error_percent,24.51095890750282,9.861858067080004
pearson_r,0.0897718083729939,0.2903781318745284
error_per_sample_ms,-1.343668407310705,38.34482698168805
absolute_error_per_sample_ms,31.3684725848564,22.094119777386517
absolute_relative_error_per_sample_percent,24.508559276762004,20.692708602790564
