metrics,mean,std
pep_reference_ms,137.87356451358494,20.14601560316418
pep_estimated_ms,133.05675558212062,30.861813636262013
error_ms,4.435823795708432,26.625219735692877
absolute_error_ms,29.121790668480656,21.549717144803775
absolute_relative_error_percent,21.94547029117251,15.191825147685243
error_per_sample_ms,4.016831202459945,44.09302912707072
absolute_error_per_sample_ms,28.857743971516427,33.57917157084615
absolute_relative_error_per_sample_percent,21.83011579744025,25.21529223564375
