metrics,mean,std
pep_reference_ms,137.87356451358494,20.14601560316418
pep_estimated_ms,125.56833218159102,30.12911030178843
error_ms,11.850354301181843,17.91511292542396
absolute_error_ms,21.167060767022605,14.283307387960843
absolute_relative_error_percent,16.050870342167048,12.026984769945518
error_per_sample_ms,11.690487765354076,33.35726777636024
absolute_error_per_sample_ms,20.72565224436882,28.632536680168055
absolute_relative_error_per_sample_percent,15.81459007774669,22.303141751837526
