metrics,mean,std
pep_reference_ms,137.87356451358494,20.14601560316418
pep_estimated_ms,129.31249214077317,30.315298042032392
error_ms,8.116333674761327,18.052298464898755
absolute_error_ms,21.24047091294824,13.861257096965613
absolute_relative_error_percent,16.22167287562295,11.825208143254905
pearson_r,0.34525566851417633,0.21033607336829702
error_per_sample_ms,7.9443905593275135,33.76435731871575
absolute_error_per_sample_ms,20.87358551568057,27.702682076372216
absolute_relative_error_per_sample_percent,16.066124110096208,21.795225816000066
