metrics,mean,std
pep_reference_ms,137.87356451358494,20.14601560316418
pep_estimated_ms,148.07018760775938,24.587441178824353
error_ms,-10.15691184362377,21.972324819010584
absolute_error_ms,34.08777420388948,11.689470725110876
absolute_relative_error_percent,27.41196413135337,11.931138737549688
pearson_r,0.185030254555944,0.19263358262021688
error_per_sample_ms,-12.368988533287695,41.55946163920958
absolute_error_per_sample_ms,33.182269382166695,27.912680411004125
absolute_relative_error_per_sample_percent,26.964034086747308,27.161085206238045
