metrics,mean,std
pep_reference_ms,137.87356451358494,20.14601560316418
pep_estimated_ms,168.63185127472343,15.3035116332398
error_ms,-31.211247251671917,11.906203013892602
absolute_error_ms,34.847923540946994,9.510622373422553
absolute_relative_error_percent,28.9684119072812,12.733412411733768
error_per_sample_ms,-31.557695393997754,26.099832435679996
absolute_error_per_sample_ms,34.64548226608891,21.835291394919874
absolute_relative_error_per_sample_percent,29.02699403227668,27.94617920457717
