metrics,mean,std
pep_reference_ms,137.87356451358494,20.14601560316418
pep_estimated_ms,141.74360203412428,7.831072315085649
error_ms,-4.326229414239104,14.744199797889808
absolute_error_ms,18.148251763778642,7.369754251619362
absolute_relative_error_percent,15.473323493683594,9.394089534682543
pearson_r,0.19484142197987628,0.20294205251344244
error_per_sample_ms,-4.508262473929087,23.18653847079027
absolute_error_per_sample_ms,17.884806674153698,15.429636645735291
absolute_relative_error_per_sample_percent,15.413046312437643,20.21886045914579
