metrics,mean,std
pep_reference_ms,137.87356451358494,20.14601560316418
pep_estimated_ms,125.30854609035553,29.133552334661044
error_ms,11.964049992517063,16.567127461319362
absolute_error_ms,22.556028320836873,12.903632214734941
absolute_relative_error_percent,16.90054692849829,11.484865686894972
pearson_r,0.37443797495354947,0.2179234494466041
error_per_sample_ms,11.272937293729372,35.10717339868806
absolute_error_per_sample_ms,22.292079207920793,29.37100515579484
absolute_relative_error_per_sample_percent,16.73826356090577,22.39383356898641
