metrics,mean,std
pep_reference_ms,137.87356451358494,20.14601560316418
pep_estimated_ms,104.38611605414512,16.934199747468227
error_ms,33.025869092087284,17.856471584841856
absolute_error_ms,39.370629192800855,12.213853473327584
absolute_relative_error_percent,28.625351759504507,7.538826815575556
pearson_r,0.04633272069185844,0.24784042245993826
error_per_sample_ms,34.09807073954984,30.284121296626992
absolute_error_per_sample_ms,40.18102893890675,21.570612978747448
absolute_relative_error_per_sample_percent,29.292413568149176,15.791509743551387
