metrics,mean,std
pep_reference_ms,137.87356451358494,20.14601560316418
pep_estimated_ms,126.40024941003145,29.686071849125817
error_ms,11.084603073287449,25.194308910752078
absolute_error_ms,29.371162371380766,22.21155154924147
absolute_relative_error_percent,21.83204370707243,15.630152712607916
error_per_sample_ms,10.089236280736037,43.1568319923669
absolute_error_per_sample_ms,28.655593551538836,33.81067574827358
absolute_relative_error_per_sample_percent,21.425549372520468,25.156544736283127
