metrics,mean,std
pep_reference_ms,137.87356451358494,20.14601560316418
pep_estimated_ms,148.30051256721575,29.507593499061223
error_ms,-10.910737162305985,27.896249240942222
absolute_error_ms,34.293419892248316,10.543707669429576
absolute_relative_error_percent,27.199662972459528,10.877219877257549
error_per_sample_ms,-11.12148932755577,37.81758375307769
absolute_error_per_sample_ms,34.35499919756058,19.328507338115926
absolute_relative_error_per_sample_percent,27.42903921565777,22.188822347207402
