metrics,mean,std
pep_reference_ms,137.87356451358494,20.14601560316418
pep_estimated_ms,154.37363627448934,15.087049336154733
error_ms,-16.954521824426923,11.60401613259655
absolute_error_ms,26.540839495596046,8.30995674917386
absolute_relative_error_percent,22.07355184911345,10.752603071661738
error_per_sample_ms,-17.442607160057793,29.51453063139164
absolute_error_per_sample_ms,26.420613260555466,21.847271176684956
absolute_relative_error_per_sample_percent,22.16411380169356,25.266882105591154
