metrics,mean,std
pep_reference_ms,137.87356451358494,20.14601560316418
pep_estimated_ms,161.2333138608511,15.397969998096105
error_ms,-23.812709837799552,11.767500041510617
absolute_error_ms,28.71992332895692,9.317257784389753
absolute_relative_error_percent,24.117606577523812,11.698072454407606
error_per_sample_ms,-24.075429305087464,26.347311007769857
absolute_error_per_sample_ms,28.418873375060183,21.59107986314562
absolute_relative_error_per_sample_percent,24.083138964925677,26.331553952952344
