metrics,mean,std
pep_reference_ms,137.87356451358494,20.14601560316418
pep_estimated_ms,160.37363627448934,15.087049336154733
error_ms,-22.95452182442692,11.60401613259655
absolute_error_ms,31.207163109935415,8.266845042215234
absolute_relative_error_percent,25.695326216570024,11.422711180506527
error_per_sample_ms,-23.442607160057793,29.51453063139164
absolute_error_per_sample_ms,31.158131321239363,21.209295165576442
absolute_relative_error_per_sample_percent,25.84591576775279,26.004822562656898
