metrics,mean,std
pep_reference_ms,137.87356451358494,20.14601560316418
pep_estimated_ms,157.37681221902,20.318366500667715
error_ms,-19.955720870883184,10.84452219619607
absolute_error_ms,22.70275847272866,9.643530819797302
absolute_relative_error_percent,18.871128618211664,9.032668409703007
error_per_sample_ms,-19.228333605353352,21.674535007983987
absolute_error_per_sample_ms,21.70001632120124,19.199572201241548
absolute_relative_error_per_sample_percent,18.31402783330231,22.092723906258787
