metrics,mean,std
pep_reference_ms,137.87356451358494,20.14601560316418
pep_estimated_ms,135.70389346961161,30.75201774074584
error_ms,1.7267955619183037,27.01185467639095
absolute_error_ms,32.725349720171124,12.767571837857393
absolute_relative_error_percent,25.162701642950037,9.77136069660422
pearson_r,0.031273281676646565,0.2964796990931623
error_per_sample_ms,1.7986928104575164,39.63981623281054
absolute_error_per_sample_ms,32.61307189542484,22.603934797756747
absolute_relative_error_per_sample_percent,25.266517979976687,20.444386359945053
