metrics,mean,std
pep_reference_ms,137.87356451358494,20.14601560316418
pep_estimated_ms,162.37363627448934,15.087049336154733
error_ms,-24.954521824426923,11.60401613259655
absolute_error_ms,32.811957725576235,8.258323843142145
absolute_relative_error_percent,26.94160673757647,11.645485121327999
error_per_sample_ms,-25.442607160057793,29.51453063139164
absolute_error_per_sample_ms,32.78503772676192,21.061222157015795
absolute_relative_error_per_sample_percent,27.110978732870592,26.281492521308614
