metrics,mean,std
pep_reference_ms,137.87356451358494,20.14601560316418
pep_estimated_ms,157.11168327652481,19.8993177613797
error_ms,-19.7180034934857,13.68097002064926
absolute_error_ms,24.944795006783398,10.79600307619698
absolute_relative_error_percent,20.921912616203187,11.3515016006647
pearson_r,0.2808203838859702,0.20177838711537885
error_per_sample_ms,-19.58496627047864,32.66947350864839
absolute_error_per_sample_ms,24.618053324767107,29.065733323744467
absolute_relative_error_per_sample_percent,20.83823684872229,30.021225010068385
