metrics,mean,std
pep_reference_ms,137.87356451358494,20.14601560316418
pep_estimated_ms,134.34538823212966,29.8314361217776
error_ms,3.1638211119996225,17.533790671324546
absolute_error_ms,21.23581361819908,11.339298546138867
absolute_relative_error_percent,16.115730357750692,10.327562147462963
error_per_sample_ms,2.8624355670103094,32.891286781302256
absolute_error_per_sample_ms,21.06088917525773,25.425759195207426
absolute_relative_error_per_sample_percent,16.057190752196227,20.670512054968487
