metrics,mean,std
pep_reference_ms,137.87356451358494,20.14601560316418
pep_estimated_ms,135.01452305985225,30.986600929858515
error_ms,2.4774167867514665,26.786242210101882
absolute_error_ms,29.646709802358117,20.92545246012653
absolute_relative_error_percent,22.410961221049366,14.786942266352773
error_per_sample_ms,2.1597413096200486,44.31095051546379
absolute_error_per_sample_ms,29.474211802748584,33.15713583401069
absolute_relative_error_per_sample_percent,22.354079357771575,25.084329595400117
