metrics,mean,std
pep_reference_ms,137.87356451358494,20.14601560316418
pep_estimated_ms,161.82662087966298,19.83544111956966
error_ms,-24.405449631059287,12.348613734336341
absolute_error_ms,28.2422633073921,10.185527512610431
absolute_relative_error_percent,23.491543468603442,10.585223250499302
error_per_sample_ms,-23.75350963108064,26.669693958337138
absolute_error_per_sample_ms,27.22918707149853,23.110023086326485
absolute_relative_error_per_sample_percent,22.95048230086263,26.518670899177152
