metrics,mean,std
pep_reference_ms,137.87356451358494,20.14601560316418
pep_estimated_ms,132.5544400517839,30.210687239098732
error_ms,4.870972999536568,18.05333163437827
absolute_error_ms,21.454055471150028,13.257404159729637
absolute_relative_error_percent,16.520630324063813,11.511239983249066
error_per_sample_ms,4.5582970488630865,33.499593047317205
absolute_error_per_sample_ms,21.15497500403161,26.371724230705876
absolute_relative_error_per_sample_percent,16.418703908287554,21.312715340884726
