metrics,mean,std
pep_reference_ms,137.87356451358494,20.14601560316418
pep_estimated_ms,156.37363627448934,15.087049336154733
error_ms,-18.954521824426923,11.60401613259655
absolute_error_ms,28.050820362941973,8.301751265022315
absolute_relative_error_percent,23.245781552379462,10.980101931449486
error_per_sample_ms,-19.442607160057793,29.51453063139164
absolute_error_per_sample_ms,27.956333279820196,21.623272673656512
absolute_relative_error_per_sample_percent,23.357964775944737,25.5076119499654
