metrics,mean,std
pep_reference_ms,137.87356451358494,20.14601560316418
pep_estimated_ms,132.1189695694987,30.357674964212826
error_ms,5.377740496210352,26.052134838914593
absolute_error_ms,28.878296472189376,21.736628469129208
absolute_relative_error_percent,21.756369661903566,15.36711888323943
error_per_sample_ms,4.721997082185119,44.07879191930365
absolute_error_per_sample_ms,28.536553736424057,33.92495032211069
absolute_relative_error_per_sample_percent,21.597855746254233,25.643167716199823
