metrics,mean,std
pep_reference_ms,137.87356451358494,20.14601560316418
pep_estimated_ms,141.63762414228788,22.230185947756954
error_ms,-4.24992503661677,14.177854631461118
absolute_error_ms,27.097151667296195,5.487368183818273
absolute_relative_error_percent,21.704633325040344,6.833883690467314
pearson_r,0.20335110306367488,0.1956827782065524
error_per_sample_ms,-3.105009633911368,32.56963126121085
absolute_error_per_sample_ms,26.8538856775851,18.689322869840197
absolute_relative_error_per_sample_percent,21.613918595644872,21.64566118585617
