metrics,mean,std
pep_reference_ms,137.87356451358494,20.14601560316418
pep_estimated_ms,135.9837592553358,30.75961879256856
error_ms,1.5078255011412116,26.550157005426282
absolute_error_ms,29.826436058680432,20.750543078194923
absolute_relative_error_percent,22.620156668844952,14.751382432437572
error_per_sample_ms,1.140132535962502,44.69586809439649
absolute_error_per_sample_ms,29.749151446581543,33.37676609738595
absolute_relative_error_per_sample_percent,22.63296280889879,25.586659707656715
