metrics,mean,std
pep_reference_ms,137.87356451358494,20.14601560316418
pep_estimated_ms,166.63185127472343,15.3035116332398
error_ms,-29.211247251671917,11.906203013892604
absolute_error_ms,33.042793111815186,9.486752176773901
absolute_relative_error_percent,27.573565184699557,12.48728465872898
error_per_sample_ms,-29.557695393997754,26.099832435679996
absolute_error_per_sample_ms,32.82266088910287,21.852495105453944
absolute_relative_error_per_sample_percent,27.616312674494804,27.602465981502604
