metrics,mean,std
pep_reference_ms,137.87356451358494,20.14601560316418
pep_estimated_ms,133.6196960825041,32.501724817220186
error_ms,3.9098150027046854,18.668145300557025
absolute_error_ms,21.24452878204083,12.653079095316004
absolute_relative_error_percent,15.836578743286209,10.696063992557892
error_per_sample_ms,4.354584291817286,33.50131767190449
absolute_error_per_sample_ms,20.410450213604996,26.920516566113594
absolute_relative_error_per_sample_percent,15.284199189326072,21.439697310008288
