metrics,mean,std
pep_reference_ms,137.87356451358494,20.14601560316418
pep_estimated_ms,141.26627827713463,29.87563120091465
error_ms,-3.850334983615336,28.256485544008818
absolute_error_ms,32.322126753146996,12.543150907675019
absolute_relative_error_percent,25.33488304863408,10.78832375560949
pearson_r,0.1079504570536729,0.29086285470987505
error_per_sample_ms,-4.226929866795057,37.962746694650704
absolute_error_per_sample_ms,32.19419033862943,20.556536214574493
absolute_relative_error_per_sample_percent,25.438576990406936,21.07845631596194
