metrics,mean,std
pep_reference_ms,137.87356451358494,20.14601560316418
pep_estimated_ms,125.16251135904437,29.68607891265474
error_ms,12.26046302676699,17.458259306454124
absolute_error_ms,25.186632098320906,13.562257171705282
absolute_relative_error_percent,19.088924038100178,12.054100710089855
error_per_sample_ms,11.728841145833334,38.12035544059694
absolute_error_per_sample_ms,24.909830729166668,31.148475830863962
absolute_relative_error_per_sample_percent,18.967917238905628,23.845900823039983
