metrics,mean,std
pep_reference_ms,137.87356451358494,20.14601560316418
pep_estimated_ms,151.29690032215188,25.656509669048237
error_ms,-13.326413568495072,22.64213588692177
absolute_error_ms,38.060625674604346,11.568405033590356
absolute_relative_error_percent,30.35425958731139,12.45668191881545
error_per_sample_ms,-15.312872975277067,43.53748006232558
absolute_error_per_sample_ms,37.25660699062234,27.238602836428054
absolute_relative_error_per_sample_percent,29.99690712435635,27.399004181347745
