metrics,mean,std
pep_reference_ms,137.87356451358494,20.14601560316418
pep_estimated_ms,135.3089496972731,29.619582395175946
error_ms,2.192844410954816,17.49569266368326
absolute_error_ms,21.2861749361671,11.189100169349546
absolute_relative_error_percent,16.209363288511753,10.246120502134133
error_per_sample_ms,1.7842190016103059,32.88282729131183
absolute_error_per_sample_ms,21.082125603864736,25.298374416922766
absolute_relative_error_per_sample_percent,16.141400010490564,21.03763142880756
