metrics,mean,std
pep_reference_ms,137.87356451358494,20.14601560316418
pep_estimated_ms,140.92493757750285,29.25670841153403
error_ms,-3.5435192367267705,27.880221239300944
absolute_error_ms,34.625520589829044,10.882562453642318
absolute_relative_error_percent,27.091728573457843,10.337789282996441
pearson_r,0.03426890463976582,0.2927381131285749
error_per_sample_ms,-3.9515112332309683,39.8316350249226
absolute_error_per_sample_ms,34.81428802327461,19.75193507526548
absolute_relative_error_per_sample_percent,27.37622806559669,20.938314257578046
