metrics,mean,std
pep_reference_ms,137.87356451358494,20.14601560316418
pep_estimated_ms,154.2533059190943,15.077964386646794
error_ms,-16.816433422416992,9.351587093038658
absolute_error_ms,20.73798301294203,7.578327580059922
absolute_relative_error_percent,17.578379739034933,9.553224886445824
error_per_sample_ms,-17.13872832369942,20.041655956111036
absolute_error_per_sample_ms,20.646756583172767,16.40473787086864
absolute_relative_error_per_sample_percent,17.66615151021211,20.772901700063425
