metrics,mean,std
pep_reference_ms,137.87356451358494,20.14601560316418
pep_estimated_ms,147.74360203412428,7.831072315085649
error_ms,-10.326229414239103,14.744199797889808
absolute_error_ms,19.202509975063904,8.931175633350199
absolute_relative_error_percent,16.928439163132833,11.336423296133296
error_per_sample_ms,-10.508262473929086,23.18653847079027
absolute_error_per_sample_ms,18.95235039306915,16.995515910285008
absolute_relative_error_per_sample_percent,16.87883241257005,22.47921641677044
