metrics,mean,std
pep_reference_ms,137.87356451358494,20.14601560316418
pep_estimated_ms,143.2470438156821,29.90680790370067
error_ms,-5.826483902331409,28.283716707673804
absolute_error_ms,32.985479725184874,11.97466403294974
absolute_relative_error_percent,25.932610769499405,10.76339374665917
pearson_r,0.10762984790402046,0.291235069113606
error_per_sample_ms,-6.202824133504493,38.007362873384096
absolute_error_per_sample_ms,32.86264441591784,20.076883767488194
absolute_relative_error_per_sample_percent,26.043399716580993,21.308634640848943
