metrics,mean,std
pep_reference_ms,137.87356451358494,20.14601560316418
pep_estimated_ms,160.301047560959,19.862644611026035
error_ms,-22.848368111590734,12.38056677159776
absolute_error_ms,27.571308615697983,10.44752573619844
absolute_relative_error_percent,22.8265040163242,10.38017109258089
error_per_sample_ms,-22.204994287579567,27.131240578071083
absolute_error_per_sample_ms,26.464827811326913,22.99519244393118
absolute_relative_error_per_sample_percent,22.22171912543724,25.98781908820294
