metrics,mean,std
pep_reference_ms,137.87356451358494,20.14601560316418
pep_estimated_ms,106.54782785984925,16.14161259225063
error_ms,30.913135273804542,16.980103951126953
absolute_error_ms,38.381899423404086,10.453868077029018
absolute_relative_error_percent,28.09967997474642,6.428973695476434
error_per_sample_ms,31.551696414214504,30.38660189602311
absolute_error_per_sample_ms,38.734844830358576,20.456463950795538
absolute_relative_error_per_sample_percent,28.458483918137706,15.608089738479642
