metrics,mean,std
pep_reference_ms,137.87356451358494,20.14601560316418
pep_estimated_ms,157.97229484131907,15.36650831862215
error_ms,-20.53325318902983,9.24026670207184
absolute_error_ms,23.717386943221694,7.848026287654643
absolute_relative_error_percent,19.99906195538537,9.827351833368274
pearson_r,0.41080863277522106,0.21686797168077349
error_per_sample_ms,-20.72636815920398,20.298986717903404
absolute_error_per_sample_ms,23.466217300593804,17.05777958720882
absolute_relative_error_per_sample_percent,19.998814156339684,21.94880775332302
