metrics,mean,std
pep_reference_ms,137.87356451358494,20.14601560316418
pep_estimated_ms,142.37779949504346,30.062629171305396
error_ms,-4.957239581692812,28.547217691238625
absolute_error_ms,33.03320662906477,12.140083682194286
absolute_relative_error_percent,25.92325927111383,10.781950622153596
error_per_sample_ms,-5.290115532734275,38.11497763026487
absolute_error_per_sample_ms,32.87676508344031,19.996378665987024
absolute_relative_error_per_sample_percent,26.009974405083796,21.04917326865273
