metrics,mean,std
pep_reference_ms,137.87356451358494,20.14601560316418
pep_estimated_ms,142.84228348051914,7.795155031553073
error_ms,-5.421919892647993,14.423857729914308
absolute_error_ms,18.751719488050625,7.907912731783368
absolute_relative_error_percent,16.015543103329005,9.80761397031863
error_per_sample_ms,-5.396214308630093,24.148639246456803
absolute_error_per_sample_ms,18.38177735001604,16.56460587441226
absolute_relative_error_per_sample_percent,15.873283621451938,21.330091984877143
