metrics,mean,std
pep_reference_ms,137.87356451358494,20.14601560316418
pep_estimated_ms,164.63185127472343,15.3035116332398
error_ms,-27.211247251671917,11.906203013892602
absolute_error_ms,31.24785186613736,9.467432760005712
absolute_relative_error_percent,26.186623833949568,12.241718191623463
error_per_sample_ms,-27.557695393997754,26.099832435679996
absolute_error_per_sample_ms,31.009468785106723,21.886997835802717
absolute_relative_error_per_sample_percent,26.21301087533303,27.265401647727796
