metrics,mean,std
pep_reference_ms,137.87356451358494,20.14601560316418
pep_estimated_ms,128.4446155314998,31.80061641650705
error_ms,9.052858497743227,25.054236017723312
absolute_error_ms,28.69235852075037,22.816479822212813
absolute_relative_error_percent,21.29438725849456,16.146902355526347
error_per_sample_ms,8.968522200132538,43.33789677356087
absolute_error_per_sample_ms,27.847249834327368,34.39677839383471
absolute_relative_error_per_sample_percent,20.793093933454504,25.47368938838226
