metrics,mean,std
pep_reference_ms,137.87356451358494,20.14601560316418
pep_estimated_ms,118.95401818038219,3.147959235813726
error_ms,18.466541732968494,20.75024137600375
absolute_error_ms,26.95605332962975,13.51541257474533
absolute_relative_error_percent,19.358314642780986,7.169518987797714
pearson_r,-0.03002005736296811,0.2122323999285964
error_per_sample_ms,17.907252888318357,27.230575369311538
absolute_error_per_sample_ms,26.48555840821566,18.991817626412807
absolute_relative_error_per_sample_percent,19.196164962826877,15.809207435635848
