metrics,mean,std
pep_reference_ms,137.87356451358494,20.14601560316418
pep_estimated_ms,137.26627827713463,29.87563120091465
error_ms,0.14966501638466373,28.256485544008818
absolute_error_ms,31.14953449227754,13.942508715025628
absolute_relative_error_percent,24.244538365057053,11.087731274728062
error_per_sample_ms,-0.22692986679505697,37.962746694650704
absolute_error_per_sample_ms,31.002086342481142,21.911008105059686
absolute_relative_error_per_sample_percent,24.329188395984325,20.867873236934038
