metrics,mean,std
pep_reference_ms,137.87356451358494,20.14601560316418
pep_estimated_ms,119.96028831011421,9.985781370634495
error_ms,17.460803038022625,19.31336167573931
absolute_error_ms,26.739495793533866,12.030166353255522
absolute_relative_error_percent,19.24042197608884,6.1900683484432095
error_per_sample_ms,17.843969316141667,27.06268477518631
absolute_error_per_sample_ms,26.694630324791905,18.390020663914687
absolute_relative_error_per_sample_percent,19.350416610608033,15.453447070988414
