metrics,mean,std
pep_reference_ms,137.87356451358494,20.14601560316418
pep_estimated_ms,90.71475435459821,17.644969924430374
error_ms,46.74620877905555,16.52912240738179
absolute_error_ms,49.656637970512,14.177377584911245
absolute_relative_error_percent,35.627903271137306,9.17749124380841
error_per_sample_ms,47.77456182666023,30.27878168994353
absolute_error_per_sample_ms,50.55635954333494,25.362726353483744
absolute_relative_error_per_sample_percent,36.383143863663335,17.238899500325992
