metrics,mean,std
pep_reference_ms,137.87356451358494,20.14601560316418
pep_estimated_ms,145.74360203412428,7.831072315085649
error_ms,-8.326229414239103,14.744199797889808
absolute_error_ms,18.696372874698515,8.358536748448381
absolute_relative_error_percent,16.336716327875862,10.694167641287361
error_per_sample_ms,-8.508262473929086,23.18653847079027
absolute_error_per_sample_ms,18.438633081982992,16.432373737555576
absolute_relative_error_per_sample_percent,16.281541337585672,21.73033780678648
