metrics,mean,std
pep_reference_ms,137.87356451358494,20.14601560316418
pep_estimated_ms,143.26500002260676,29.64850440245655
error_ms,-5.875224617696983,28.014897534672578
absolute_error_ms,32.71564327368801,11.391105675145859
absolute_relative_error_percent,25.75900597398591,10.489064251635634
error_per_sample_ms,-6.038517091959557,37.811055734910106
absolute_error_per_sample_ms,32.68849301877708,19.939961098751514
absolute_relative_error_per_sample_percent,25.91919273806828,21.341295351148627
