metrics,mean,std
pep_reference_ms,137.87356451358494,20.14601560316418
pep_estimated_ms,132.92493757750285,29.256708411534035
error_ms,4.4564807632732295,27.880221239300944
absolute_error_ms,32.85502416863795,13.686494635519415
absolute_relative_error_percent,25.314143459373472,10.877290400957065
error_per_sample_ms,4.048488766769032,39.8316350249226
absolute_error_per_sample_ms,33.001454663003074,22.668334746493535
absolute_relative_error_per_sample_percent,25.560237543110986,20.60035982589418
