metrics,mean,std
pep_reference_ms,137.87356451358494,20.14601560316418
pep_estimated_ms,150.0534050458241,24.29465923261434
error_ms,-12.646216184410136,15.612344903990278
absolute_error_ms,25.67462673438691,10.284140278142655
absolute_relative_error_percent,20.97434126278486,9.396839397245213
pearson_r,0.2778101095428239,0.20008140918260206
error_per_sample_ms,-11.648538298219826,33.87470465725326
absolute_error_per_sample_ms,24.859709292830313,25.791062676385053
absolute_relative_error_per_sample_percent,20.50964220716041,26.470606411616806
