metrics,mean,std
pep_reference_ms,137.87356451358494,20.14601560316418
pep_estimated_ms,134.8320063986664,23.118821742512026
error_ms,3.1980399800252273,19.239879434045186
absolute_error_ms,25.818402432374544,11.820597302335447
absolute_relative_error_percent,20.6893827073483,10.000664115853839
error_per_sample_ms,1.6630548759175114,38.16630208423629
absolute_error_per_sample_ms,24.13421880461377,29.6137104901853
absolute_relative_error_per_sample_percent,19.52954092361161,25.71896884463807
