metrics,mean,std
pep_reference_ms,137.87356451358494,20.14601560316418
pep_estimated_ms,155.97229484131904,15.366508318622152
error_ms,-18.53325318902983,9.24026670207184
absolute_error_ms,21.894920728838144,7.850583873663426
absolute_relative_error_percent,18.581212953207483,9.596573972182496
pearson_r,0.41080863277522106,0.21686797168077349
error_per_sample_ms,-18.72636815920398,20.298986717903404
absolute_error_per_sample_ms,21.629914941421923,17.17185213756878
absolute_relative_error_per_sample_percent,18.568694640907502,21.62995772097201
