metrics,mean,std
pep_reference_ms,137.87356451358494,20.14601560316418
pep_estimated_ms,155.15593331459618,19.73715200674504
error_ms,-17.705467130540644,10.50796935870912
absolute_error_ms,21.287914068166423,9.240997694096711
absolute_relative_error_percent,17.617604732799524,8.762119832149102
error_per_sample_ms,-17.168979591836734,21.374201906083815
absolute_error_per_sample_ms,20.409469387755102,18.305297775704858
absolute_relative_error_per_sample_percent,17.137940194449826,20.942111719382208
