metrics,mean,std
pep_reference_ms,137.87356451358494,20.14601560316418
pep_estimated_ms,128.3031355509093,29.904326451942012
error_ms,9.192616517712938,25.502827910775867
absolute_error_ms,28.96579186253385,22.160059881896757
absolute_relative_error_percent,21.6244548543164,15.584268965079465
error_per_sample_ms,8.316046171354252,43.492038424462415
absolute_error_per_sample_ms,28.372622337831245,33.995710492851586
absolute_relative_error_per_sample_percent,21.30224902037495,25.4027888084956
