metrics,mean,std
pep_reference_ms,137.87356451358494,20.14601560316418
pep_estimated_ms,149.11168327652484,19.8993177613797
error_ms,-11.7180034934857,13.680970020649259
absolute_error_ms,24.018416425369214,8.276778605352828
absolute_relative_error_percent,19.84270142001271,9.052685011380753
pearson_r,0.2808203838859702,0.20177838711537885
error_per_sample_ms,-11.584966270478638,32.66947350864839
absolute_error_per_sample_ms,23.65563764857051,25.336076062799513
absolute_relative_error_per_sample_percent,19.70811437043304,26.79925142246611
