metrics,mean,std
pep_reference_ms,137.87356451358494,20.14601560316418
pep_estimated_ms,152.47050395237812,15.248418292426653
error_ms,-15.033631455700815,11.58869603217992
absolute_error_ms,25.07104510819487,8.152285914356696
absolute_relative_error_percent,20.924115372811794,10.472440704791639
error_per_sample_ms,-15.46660244059088,29.456084174227744
absolute_error_per_sample_ms,24.948940269749517,22.009703890578805
absolute_relative_error_per_sample_percent,21.016612149824944,24.997520601165476
