metrics,mean,std
pep_reference_ms,137.87356451358494,20.14601560316418
pep_estimated_ms,137.26500002260676,29.64850440245655
error_ms,0.12477538230301687,28.014897534672578
absolute_error_ms,30.996151966193413,13.34855632883668
absolute_relative_error_percent,24.146036658564835,10.776430457107455
error_per_sample_ms,-0.038517091959557055,37.811055734910106
absolute_error_per_sample_ms,30.947841437971434,21.72345574914387
absolute_relative_error_per_sample_percent,24.282756470987138,20.863644865916804
