metrics,mean,std
pep_reference_ms,137.87356451358494,20.14601560316418
pep_estimated_ms,127.25273131967538,30.294819360518797
error_ms,10.246552826922366,25.961287279569593
absolute_error_ms,28.984856274093737,22.5738319671601
absolute_relative_error_percent,21.557978439830976,15.796115187784313
error_per_sample_ms,9.431171786120592,43.24330701621468
absolute_error_per_sample_ms,28.31431821875508,34.01808323179036
absolute_relative_error_per_sample_percent,21.180308142150455,25.089673474273592
