metrics,mean,std
pep_reference_ms,137.87356451358494,20.14601560316418
pep_estimated_ms,127.55614302805911,30.971216630359553
error_ms,9.824974048975582,28.221904122546448
absolute_error_ms,29.11185177981116,18.049181359603867
absolute_relative_error_percent,22.09583448549897,12.512351690694013
pearson_r,0.11227946229506082,0.29485277558952283
error_per_sample_ms,9.920038535645473,37.78333802745455
absolute_error_per_sample_ms,28.89242132305716,26.290983000575675
absolute_relative_error_per_sample_percent,22.083027552493643,21.111355355702962
