metrics,mean,std
pep_reference_ms,137.87356451358494,20.14601560316418
pep_estimated_ms,133.05176297052313,9.543626827929028
error_ms,4.368796942827555,13.149757397561842
absolute_error_ms,18.825239685822954,6.892135648316919
absolute_relative_error_percent,14.825739922775604,6.139865918672665
pearson_r,0.17476191643450867,0.19453693424497126
error_per_sample_ms,4.7811296534017975,23.444542560563537
absolute_error_per_sample_ms,18.64826700898588,14.991594785021418
absolute_relative_error_per_sample_percent,14.784939328147196,17.240502645632173
