metrics,mean,std
pep_reference_ms,137.87356451358494,20.14601560316418
pep_estimated_ms,141.26500002260676,29.64850440245655
error_ms,-3.8752246176969827,28.014897534672578
absolute_error_ms,32.10372046839468,11.969626669729424
absolute_relative_error_percent,25.194433895798877,10.510926476947557
pearson_r,0.09479308670077512,0.288741759072924
error_per_sample_ms,-4.038517091959557,37.811055734910106
absolute_error_per_sample_ms,32.07061466859252,20.4318680220184
absolute_relative_error_per_sample_percent,25.34748277478283,21.11138900539856
