metrics,mean,std
pep_reference_ms,137.87356451358494,20.14601560316418
pep_estimated_ms,162.63185127472343,15.3035116332398
error_ms,-25.211247251671917,11.906203013892602
absolute_error_ms,29.47670906758044,9.446406130503243
absolute_relative_error_percent,24.817000135956462,11.993435876734349
error_per_sample_ms,-25.557695393997754,26.099832435679996
absolute_error_per_sample_ms,29.21938693628631,21.92314927401013
absolute_relative_error_per_sample_percent,24.82643198882445,26.92777796047784
