metrics,mean,std
pep_reference_ms,137.87356451358494,20.14601560316418
pep_estimated_ms,142.92493757750285,29.25670841153403
error_ms,-5.543519236726771,27.880221239300944
absolute_error_ms,35.11676188910601,10.395501141832973
absolute_relative_error_percent,27.57117938685309,10.393752423607921
pearson_r,0.03426890463976582,0.2927381131285749
error_per_sample_ms,-5.951511233230968,39.8316350249226
absolute_error_per_sample_ms,35.31436883788589,19.361688673762764
absolute_relative_error_per_sample_percent,27.864360724169355,21.246189608543588
