metrics,mean,std
pep_reference_ms,137.87356451358494,20.14601560316418
pep_estimated_ms,128.79665385809648,29.836363091616665
error_ms,8.634068299200038,17.78320183408422
absolute_error_ms,20.611323853127956,13.819693993234882
absolute_relative_error_percent,15.762771099554271,11.706405781728506
error_per_sample_ms,8.222617699401392,32.99068538916828
absolute_error_per_sample_ms,20.141724640025885,27.39174497550268
absolute_relative_error_per_sample_percent,15.517236014572433,21.731802928459857
