metrics,mean,std
pep_reference_ms,137.87356451358494,20.14601560316418
pep_estimated_ms,120.74434301493054,2.0262320537717913
error_ms,16.676216898420158,19.75696164796705
absolute_error_ms,26.226884468172493,12.567753391436034
absolute_relative_error_percent,19.02941641672347,6.975028036652908
error_per_sample_ms,16.54428754813864,27.47983791360805
absolute_error_per_sample_ms,25.962772785622594,18.83585335247031
absolute_relative_error_per_sample_percent,18.980140744587814,16.462480417822164
