metrics,mean,std
pep_reference_ms,137.87356451358494,20.14601560316418
pep_estimated_ms,145.26500002260676,29.64850440245655
error_ms,-7.875224617696983,28.014897534672578
absolute_error_ms,33.35830027288571,10.921383750568284
absolute_relative_error_percent,26.345590577160152,10.550350978814322
pearson_r,0.09479308670077512,0.288741759072924
error_per_sample_ms,-8.038517091959557,37.811055734910106
absolute_error_per_sample_ms,33.33718504252929,19.56848962659998
absolute_relative_error_per_sample_percent,26.51288384760413,21.641585372490667
