metrics,mean,std
pep_reference_ms,137.87356451358494,20.14601560316418
pep_estimated_ms,146.27957711056823,24.327440758010358
error_ms,-8.289633752275787,21.566780030191985
absolute_error_ms,33.814883807994754,11.941106166025369
absolute_relative_error_percent,27.09959847108876,12.048823071335434
pearson_r,0.19714307103303205,0.18304708262148472
error_per_sample_ms,-10.365292096219932,41.957013243436165
absolute_error_per_sample_ms,32.77010309278351,28.17712873658659
absolute_relative_error_per_sample_percent,26.531442866632805,27.090963625450755
