metrics,mean,std
pep_reference_ms,137.87356451358494,20.14601560316418
pep_estimated_ms,103.39483730724912,20.28143888818204
error_ms,34.079733204422325,17.34597422210294
absolute_error_ms,40.93496195283304,11.767356813932947
absolute_relative_error_percent,29.903352711412342,8.048296296540034
pearson_r,0.03665245502031138,0.24415304085722028
error_per_sample_ms,35.60791366906475,31.36581293732858
absolute_error_per_sample_ms,41.86821451929366,22.33361480032879
absolute_relative_error_per_sample_percent,30.66693708133736,16.39937404531295
