metrics,mean,std
pep_reference_ms,137.87356451358494,20.14601560316418
pep_estimated_ms,157.35675362545425,20.835468560711607
error_ms,-19.93457893709724,14.574544613619878
absolute_error_ms,26.58629583857905,10.963323202219934
absolute_relative_error_percent,22.20735668017601,11.289619760124795
error_per_sample_ms,-19.284315299406003,32.935898272615006
absolute_error_per_sample_ms,25.843313533472468,28.085251595839416
absolute_relative_error_per_sample_percent,21.863439350311033,29.673747659779796
