metrics,mean,std
pep_reference_ms,137.87356451358494,20.14601560316418
pep_estimated_ms,158.37363627448934,15.087049336154733
error_ms,-20.954521824426923,11.60401613259655
absolute_error_ms,29.614849123263056,8.283337982562115
absolute_relative_error_percent,24.45940059302143,11.20130284323652
error_per_sample_ms,-21.442607160057793,29.51453063139164
absolute_error_per_sample_ms,29.543425911061167,21.40277798907304
absolute_relative_error_per_sample_percent,24.59100492397009,25.74972281091886
