metrics,mean,std
pep_reference_ms,137.87356451358494,20.14601560316418
pep_estimated_ms,122.95401818038219,3.147959235813726
error_ms,14.466541732968494,20.75024137600375
absolute_error_ms,25.074284178510602,12.436366357182047
absolute_relative_error_percent,18.421934459651716,7.277469162036276
pearson_r,-0.03002005736296811,0.2122323999285964
error_per_sample_ms,13.907252888318357,27.230575369311538
absolute_error_per_sample_ms,24.607509627727858,18.149005145314906
absolute_relative_error_per_sample_percent,18.26072552363041,16.607457456903884
