metrics,mean,std
pep_reference_ms,137.87356451358494,20.14601560316418
pep_estimated_ms,149.6738942691331,25.175627787713022
error_ms,-11.717320254861647,22.221451745464897
absolute_error_ms,36.58720549655313,11.65648219501995
absolute_relative_error_percent,29.239910317086593,12.311654056454495
error_per_sample_ms,-13.702513250128227,42.93283484613285
absolute_error_per_sample_ms,35.72542314925629,27.471463705122215
absolute_relative_error_per_sample_percent,28.82409669103794,27.271004818335847
