metrics,mean,std
pep_reference_ms,137.87356451358494,20.14601560316418
pep_estimated_ms,120.0556048727816,29.12227361526607
error_ms,17.494542317176148,17.314179754231493
absolute_error_ms,24.66136309760873,14.430575910744572
absolute_relative_error_percent,18.422978654141197,12.249843768735047
error_per_sample_ms,16.9198949441891,37.1686121648118
absolute_error_per_sample_ms,24.146421536441235,32.93537463222555
absolute_relative_error_per_sample_percent,18.13201834173148,24.788633095275486
