metrics,mean,std
pep_reference_ms,137.87356451358494,20.14601560316418
pep_estimated_ms,105.24961654078851,20.939403843794445
error_ms,32.17597598346155,18.240793885674638
absolute_error_ms,39.26087320987233,12.521880190551945
absolute_relative_error_percent,28.677342246017513,8.471373677333588
error_per_sample_ms,34.136995259113945,31.253830101653765
absolute_error_per_sample_ms,40.532940984142556,22.34316532006638
absolute_relative_error_per_sample_percent,29.66031444180628,16.48718900621273
