metrics,mean,std
pep_reference_ms,137.87356451358494,20.14601560316418
pep_estimated_ms,110.38611605414512,16.934199747468227
error_ms,27.025869092087284,17.856471584841856
absolute_error_ms,35.40993849860475,10.600088427758763
absolute_relative_error_percent,26.071472829802715,6.664799815103695
error_per_sample_ms,28.09807073954984,30.284121296626992
absolute_error_per_sample_ms,36.11864951768489,20.05175151981031
absolute_relative_error_per_sample_percent,26.65531666724775,15.914243483997367
