metrics,mean,std
pep_reference_ms,137.87356451358494,20.14601560316418
pep_estimated_ms,128.7275147589954,19.476255366778894
error_ms,9.8051967713036,17.744892020069862
absolute_error_ms,29.889422099911165,11.271801460172728
absolute_relative_error_percent,23.426415501486343,9.18698561824615
pearson_r,0.21728451161348922,0.18806648280086988
error_per_sample_ms,8.57947457947458,45.385255946937214
absolute_error_per_sample_ms,28.497826497826498,36.34972800900478
absolute_relative_error_per_sample_percent,22.45652281346683,29.11060214599508
