metrics,mean,std
pep_reference_ms,137.87356451358494,20.14601560316418
pep_estimated_ms,124.95401818038219,3.147959235813726
error_ms,12.466541732968494,20.75024137600375
absolute_error_ms,24.26078320794004,11.951275322318462
absolute_relative_error_percent,18.057987600177576,7.466836311183747
pearson_r,-0.03002005736296811,0.2122323999285964
error_per_sample_ms,11.907252888318357,27.230575369311538
absolute_error_per_sample_ms,23.797496790757382,17.80354045643751
absolute_relative_error_per_sample_percent,17.898119879942552,17.08174954461093
