metrics,mean,std
pep_reference_ms,137.87356451358494,20.14601560316418
pep_estimated_ms,126.9267966151885,1.8943914638480104
error_ms,10.493763298162179,19.78775179912977
absolute_error_ms,23.746683429349655,11.144052860541327
absolute_relative_error_percent,17.90504322571131,7.572355039192805
pearson_r,0.07961856812686482,0.15318839256793865
error_per_sample_ms,10.312901155327342,27.583744127783696
absolute_error_per_sample_ms,23.426508344030808,17.844258941005744
absolute_relative_error_per_sample_percent,17.819443292125534,17.88978600035474
