metrics,mean,std
pep_reference_ms,137.87356451358494,20.14601560316418
pep_estimated_ms,102.38611605414512,16.934199747468227
error_ms,35.025869092087284,17.856471584841856
absolute_error_ms,40.73626587834249,12.740937966021715
absolute_relative_error_percent,29.513808765957165,7.864663679271465
error_per_sample_ms,36.09807073954984,30.284121296626992
absolute_error_per_sample_ms,41.57909967845659,22.167029204549152
absolute_relative_error_per_sample_percent,30.20739003577112,15.897930758714647
