metrics,mean,std
pep_reference_ms,137.87356451358494,20.14601560316418
pep_estimated_ms,129.86082117487874,30.222557696227614
error_ms,7.046190080047293,25.93609022947347
absolute_error_ms,30.764353631561786,21.983788553915026
absolute_relative_error_percent,23.039809579967198,15.63965840479073
error_per_sample_ms,6.3279085872576175,45.2437055453111
absolute_error_per_sample_ms,30.050207756232687,34.409596515607
absolute_relative_error_per_sample_percent,22.598150686578805,25.197509854889642
