metrics,mean,std
pep_reference_ms,137.87356451358494,20.14601560316418
pep_estimated_ms,130.1834696310051,30.180686920682042
error_ms,7.315275094495279,25.86958208169327
absolute_error_ms,28.81608818024963,22.082471550719244
absolute_relative_error_percent,21.610596199136662,15.551892449396393
error_per_sample_ms,6.545366012011037,43.82993718866114
absolute_error_per_sample_ms,28.344424606395066,34.06609463859241
absolute_relative_error_per_sample_percent,21.366455471073284,25.578039341690612
