metrics,mean,std
pep_reference_ms,137.87356451358494,20.14601560316418
pep_estimated_ms,137.287127094974,29.664371842044943
error_ms,0.21775601997259705,17.549242094710948
absolute_error_ms,21.94066281354875,10.789829374812365
absolute_relative_error_percent,16.720873971868144,10.039945986592468
pearson_r,0.3673744150034528,0.21166761628844283
error_per_sample_ms,-0.17611075338055376,32.95180614878036
absolute_error_per_sample_ms,21.795556986477784,24.71449451462575
absolute_relative_error_per_sample_percent,16.695284659915345,20.76234190232681
