metrics,mean,std
pep_reference_ms,137.87356451358494,20.14601560316418
pep_estimated_ms,128.74434301493054,2.02623205377179
error_ms,8.67621689842016,19.756961647967053
absolute_error_ms,23.062038739359995,10.838796894704302
absolute_relative_error_percent,17.62341184673575,7.904338160828042
error_per_sample_ms,8.544287548138639,27.47983791360805
absolute_error_per_sample_ms,22.76765083440308,17.60058001732068
absolute_relative_error_per_sample_percent,17.55005446583901,18.36551687398977
