metrics,mean,std
pep_reference_ms,137.87356451358494,20.14601560316418
pep_estimated_ms,129.21305511324823,30.41946893726091
error_ms,8.286135073455519,26.121994116625437
absolute_error_ms,28.72328580791976,22.31300478247933
absolute_relative_error_percent,21.466449420360714,15.64185340159354
error_per_sample_ms,7.56908589056665,43.449366339342625
absolute_error_per_sample_ms,28.16983276505926,33.9352179674417
absolute_relative_error_per_sample_percent,21.16321772483593,25.16230307502541
