metrics,mean,std
pep_reference_ms,137.87356451358494,20.14601560316418
pep_estimated_ms,148.7119875961397,7.81105954354655
error_ms,-11.291923008165421,14.460689333435475
absolute_error_ms,19.899497435932414,9.425534591303379
absolute_relative_error_percent,17.518503791176165,11.682831538684992
pearson_r,0.18541647857757682,0.19761607087867994
error_per_sample_ms,-11.262870890136327,24.178181640885928
absolute_error_per_sample_ms,19.519486768243784,18.17763363179899
absolute_relative_error_per_sample_percent,17.372235686584993,23.564570963634207
