metrics,mean,std
pep_reference_ms,137.87356451358494,20.14601560316418
pep_estimated_ms,155.3665877859388,19.50167385093607
error_ms,-17.91612160188331,12.01639443912023
absolute_error_ms,26.95429798165629,9.053444009014964
absolute_relative_error_percent,22.01193735227776,9.529737074683577
error_per_sample_ms,-17.494530612244898,30.189526679068827
absolute_error_per_sample_ms,26.12604081632653,23.127821205479254
absolute_relative_error_per_sample_percent,21.60837438553658,25.297779512551237
