metrics,mean,std
pep_reference_ms,137.87356451358494,20.14601560316418
pep_estimated_ms,147.3537587152857,26.74795145471061
error_ms,-9.421286522588511,21.341898302252016
absolute_error_ms,32.732592749378014,11.698602299121108
absolute_relative_error_percent,26.045514559946117,10.50352285675495
error_per_sample_ms,-10.894764306835972,40.95872567144357
absolute_error_per_sample_ms,31.18003130979301,28.70746846119327
absolute_relative_error_per_sample_percent,25.105660172821366,26.842720537556367
