metrics,mean,std
pep_reference_ms,137.87356451358494,20.14601560316418
pep_estimated_ms,126.68664877843638,31.127121568398184
error_ms,10.69446829859829,28.49278286338629
absolute_error_ms,29.473359001346886,18.42693903814135
absolute_relative_error_percent,22.304868693406267,12.750442388158884
error_per_sample_ms,10.833333333333334,37.899588035781186
absolute_error_per_sample_ms,29.23795761078998,26.436371141718947
absolute_relative_error_per_sample_percent,22.28084283802974,21.012207016448446
