metrics,mean,std
pep_reference_ms,137.87356451358494,20.14601560316418
pep_estimated_ms,147.99358679408087,24.702368980507117
error_ms,-10.025765858123716,21.834772781724915
absolute_error_ms,35.17095948742956,11.770092313878257
absolute_relative_error_percent,28.150962856136882,12.164820059567719
pearson_r,0.19682196097233812,0.18157862404674452
error_per_sample_ms,-12.053479602331162,42.406814322558375
absolute_error_per_sample_ms,34.225574220089136,27.78910471420412
absolute_relative_error_per_sample_percent,27.665803379519318,27.17021355994814
