metrics,mean,std
pep_reference_ms,137.87356451358494,20.14601560316418
pep_estimated_ms,131.1491396122948,30.592274706436136
error_ms,6.347976839481014,26.29920231585192
absolute_error_ms,28.75953796050848,21.94372924391606
absolute_relative_error_percent,21.592868357693824,15.43469752397621
error_per_sample_ms,5.744446246148857,43.69684404936028
absolute_error_per_sample_ms,28.329820009729204,33.761429779637425
absolute_relative_error_per_sample_percent,21.370270167034544,25.19617176416271
