metrics,mean,std
pep_reference_ms,137.87356451358494,20.14601560316418
pep_estimated_ms,157.32643975735334,15.538487637852134
error_ms,-19.887353995363277,11.720002120019352
absolute_error_ms,25.375834059603537,9.084132646243773
absolute_relative_error_percent,21.51206533053629,11.142381628762664
error_per_sample_ms,-20.100160513643658,26.2770078133166
absolute_error_per_sample_ms,25.053611556982343,21.605882075193918
absolute_relative_error_per_sample_percent,21.463338720869448,25.629177836593634
