metrics,mean,std
pep_reference_ms,137.87356451358494,20.14601560316418
pep_estimated_ms,155.46975307051528,21.052483295147045
error_ms,-18.08205396484418,14.694719448460908
absolute_error_ms,26.06693487101583,10.055801617646937
absolute_relative_error_percent,21.74205777960811,10.649645811541236
error_per_sample_ms,-17.32369942196532,32.79154941787579
absolute_error_per_sample_ms,25.430314707771355,26.994358091114442
absolute_relative_error_per_sample_percent,21.443729671214815,28.82089896376799
