metrics,mean,std
pep_reference_ms,137.87356451358494,20.14601560316418
pep_estimated_ms,139.67202631403558,21.135434129430678
error_ms,-1.3054441896762305,20.180959534386986
absolute_error_ms,39.7810201735415,10.031783072363263
absolute_relative_error_percent,31.213247449945143,10.97210730212003
pearson_r,0.20999646273014877,0.177964795744747
error_per_sample_ms,-3.0347841923146968,51.37389122274163
absolute_error_per_sample_ms,39.09378983791659,33.46882445752826
absolute_relative_error_per_sample_percent,30.842356451137054,29.300224747324016
