metrics,mean,std
pep_reference_ms,137.87356451358494,20.14601560316418
pep_estimated_ms,145.7692359810479,14.021329711850955
error_ms,-8.335293585913146,14.30198427237701
absolute_error_ms,19.62909976991002,8.589258638390252
absolute_relative_error_percent,16.637735145142997,9.158932780591687
error_per_sample_ms,-7.430109280704616,24.86364314784512
absolute_error_per_sample_ms,18.832490621432065,17.853419042308975
absolute_relative_error_per_sample_percent,16.174348415419825,21.75948609732006
