metrics,mean,std
pep_reference_ms,137.87356451358494,20.14601560316418
pep_estimated_ms,122.09790643059416,29.068171976632108
error_ms,15.411643377224136,15.403630584440558
absolute_error_ms,22.062164390148006,12.99316594281082
absolute_relative_error_percent,16.7439325588573,11.119620297243499
error_per_sample_ms,14.989268292682928,30.853604740465304
absolute_error_per_sample_ms,21.194146341463416,26.970933433745376
absolute_relative_error_per_sample_percent,16.129558135263927,21.101114552705692
