metrics,mean,std
pep_reference_ms,137.87356451358494,20.14601560316418
pep_estimated_ms,156.99924730597726,20.352134286977947
error_ms,-19.578155957840412,10.85918176079508
absolute_error_ms,22.441497166871606,9.634779641886858
absolute_relative_error_percent,18.642757962707872,9.001705647871624
error_per_sample_ms,-18.82291496654154,21.52194693544384
absolute_error_per_sample_ms,21.417985963766935,18.941124702234582
absolute_relative_error_per_sample_percent,18.06730031593018,21.854619363912242
