metrics,mean,std
pep_reference_ms,137.87356451358494,20.14601560316418
pep_estimated_ms,131.08149502683554,29.558481808073466
error_ms,6.15697472158706,16.86689735531643
absolute_error_ms,23.45246343894191,11.834502472261239
absolute_relative_error_percent,17.656080954367898,11.02516341455453
error_per_sample_ms,5.551094289945697,35.47109177935685
absolute_error_per_sample_ms,23.398058252427184,27.231303124372694
absolute_relative_error_per_sample_percent,17.64058893557362,21.091053908997857
