metrics,mean,std
pep_reference_ms,137.87356451358494,20.14601560316418
pep_estimated_ms,150.82083281550214,7.826102042202053
error_ms,-13.400768227527875,14.461592145770329
absolute_error_ms,20.698474854860745,9.997704582683843
absolute_relative_error_percent,18.315784296934797,12.314679683510363
error_per_sample_ms,-13.370328789093826,24.233043611949142
absolute_error_per_sample_ms,20.32141138732959,18.7895272387045
absolute_relative_error_per_sample_percent,18.17085675576158,24.276983463573153
