metrics,mean,std
pep_reference_ms,137.87356451358494,20.14601560316418
pep_estimated_ms,130.7155426157377,29.991478313444823
error_ms,6.711920691478972,17.917298641151106
absolute_error_ms,20.835004016851062,13.54719300661465
absolute_relative_error_percent,15.997691149817753,11.607512782172092
pearson_r,0.3400492419823047,0.20969735441400383
error_per_sample_ms,6.359024074971724,33.19918940044937
absolute_error_per_sample_ms,20.45887865567943,26.90831931178842
absolute_relative_error_per_sample_percent,15.826646496259963,21.51124037110279
