metrics,mean,std
pep_reference_ms,137.87356451358494,20.14601560316418
pep_estimated_ms,138.80132158958918,29.697934808048263
error_ms,-1.3738630410378223,28.389377758543393
absolute_error_ms,34.07592432913247,12.008972600384306
absolute_relative_error_percent,26.537561451153437,10.637252971801118
pearson_r,0.03691542252675767,0.30810526809237204
error_per_sample_ms,-2.1522646964343077,39.60038023214739
absolute_error_per_sample_ms,34.020558946354,20.381951006511013
absolute_relative_error_per_sample_percent,26.683199803739715,20.62463862631885
