metrics,mean,std
pep_reference_ms,137.87356451358494,20.14601560316418
pep_estimated_ms,129.11144466994276,29.498263132751255
error_ms,8.128994863120198,16.81347963616047
absolute_error_ms,22.93763405674715,12.248416915861092
absolute_relative_error_percent,17.249450235023918,11.259507261829741
error_per_sample_ms,7.50279881461969,35.407767305793264
absolute_error_per_sample_ms,22.825156404346394,28.089396767303143
absolute_relative_error_per_sample_percent,17.18810988497164,21.648782519437308
