metrics,mean,std
pep_reference_ms,137.87356451358494,20.14601560316418
pep_estimated_ms,140.14054704301563,29.834053929135806
error_ms,-2.6891224381074434,17.672238604578908
absolute_error_ms,23.64145378624496,10.024673700403268
absolute_relative_error_percent,18.03614537988638,9.630061261868605
pearson_r,0.37693371996711417,0.21736304171045792
error_per_sample_ms,-2.9808589351777384,33.14011354807484
absolute_error_per_sample_ms,23.576644683931157,23.479660802881888
absolute_relative_error_per_sample_percent,18.038740745948676,19.700003785295486
