metrics,mean,std
pep_reference_ms,137.87356451358494,20.14601560316418
pep_estimated_ms,154.46367422177423,25.48478923592612
error_ms,-17.06250265746117,16.900433759242983
absolute_error_ms,27.49434346371799,11.771900079505402
absolute_relative_error_percent,22.503862364062474,10.418379878248578
error_per_sample_ms,-15.451428571428572,34.03586295875175
absolute_error_per_sample_ms,26.37126530612245,26.490431827341073
absolute_relative_error_per_sample_percent,21.844648651947242,27.57226710198534
