metrics,mean,std
pep_reference_ms,137.87356451358494,20.14601560316418
pep_estimated_ms,134.92493757750285,29.256708411534035
error_ms,2.4564807632732295,27.880221239300944
absolute_error_ms,33.25585645799333,12.891856793191513
absolute_relative_error_percent,25.728983148197198,10.635088168312317
pearson_r,0.03426890463976582,0.2927381131285749
error_per_sample_ms,2.0484887667690317,39.8316350249226
absolute_error_per_sample_ms,33.41490221432035,21.776128328829945
absolute_relative_error_per_sample_percent,25.98599866420504,20.555417255148107
