metrics,mean,std
pep_reference_ms,137.87356451358494,20.14601560316418
pep_estimated_ms,163.88159639709528,15.260296238581958
error_ms,-26.461036483744603,9.340388529673548
absolute_error_ms,29.281947788682903,7.989158218887398
absolute_relative_error_percent,24.32226527369476,10.551533060194659
error_per_sample_ms,-26.701540436456995,20.391753982669073
absolute_error_per_sample_ms,29.05198973042362,16.875360288681485
absolute_relative_error_per_sample_percent,24.337133416638324,22.97134463191914
