metrics,mean,std
pep_reference_ms,137.87356451358494,20.14601560316418
pep_estimated_ms,102.54782785984925,16.14161259225063
error_ms,34.91313527380454,16.98010395112695
absolute_error_ms,41.11563541120933,11.452594536233773
absolute_relative_error_percent,29.887213908013642,6.985791259810614
error_per_sample_ms,35.551696414214504,30.38660189602311
absolute_error_per_sample_ms,41.52757678083293,21.511138031910214
absolute_relative_error_per_sample_percent,30.29377505460885,15.60631856801303
