metrics,mean,std
pep_reference_ms,137.87356451358494,20.14601560316418
pep_estimated_ms,134.51603934795534,30.29153126188775
error_ms,2.8965480087988307,18.093864571202246
absolute_error_ms,22.22321203576266,12.717478892438159
absolute_relative_error_percent,17.14347134266624,11.225646786465257
error_per_sample_ms,2.6136986301369864,33.56191924108847
absolute_error_per_sample_ms,21.969701853344077,25.506196191310973
absolute_relative_error_per_sample_percent,17.077620732322497,20.854037999603463
