metrics,mean,std
pep_reference_ms,137.87356451358494,20.14601560316418
pep_estimated_ms,144.84228348051914,7.795155031553073
error_ms,-7.421919892647993,14.423857729914308
absolute_error_ms,19.00333876631515,8.372389616578532
absolute_relative_error_percent,16.429202643291458,10.44351467928098
pearson_r,0.18043338548904517,0.1950739240111201
error_per_sample_ms,-7.396214308630093,24.148639246456803
absolute_error_per_sample_ms,18.624959897337185,17.05789061922006
absolute_relative_error_per_sample_percent,16.281621976740638,22.07251116223429
