metrics,mean,std
pep_reference_ms,137.87356451358494,20.14601560316418
pep_estimated_ms,135.56768806577915,20.4423736575048
error_ms,2.858535230293606,19.790736180093198
absolute_error_ms,35.57137723126902,10.733576580850611
absolute_relative_error_percent,28.028958716696128,10.747525219364306
error_per_sample_ms,1.174298375184638,49.31626199222561
absolute_error_per_sample_ms,34.69645494830133,35.066061763196714
absolute_relative_error_per_sample_percent,27.50455376403787,29.66707212173626
