metrics,mean,std
pep_reference_ms,137.87356451358494,20.14601560316418
pep_estimated_ms,153.21001256478115,25.836354120356855
error_ms,-15.808841000468071,16.618904265036807
absolute_error_ms,26.764727931832468,11.531517706589252
absolute_relative_error_percent,21.86253279949324,10.067301663737657
error_per_sample_ms,-14.159020408163265,33.75809529911433
absolute_error_per_sample_ms,25.623510204081633,26.14426480060564
absolute_relative_error_per_sample_percent,21.178723651915337,26.95053032912797
