metrics,mean,std
pep_reference_ms,137.87356451358494,20.14601560316418
pep_estimated_ms,142.7334227956448,7.780101747250465
error_ms,-5.3130592077736285,14.42299435850043
absolute_error_ms,18.694193592713482,7.90219802800961
absolute_relative_error_percent,15.964618489467028,9.78524457217454
pearson_r,0.18554157921326495,0.19757382612013982
error_per_sample_ms,-5.28873917228104,24.093691672783354
absolute_error_per_sample_ms,18.324350336862366,16.513477077450993
absolute_relative_error_per_sample_percent,15.824195725117164,21.328819636759764
