metrics,mean,std
pep_reference_ms,137.87356451358494,20.14601560316418
pep_estimated_ms,141.25849224954342,30.855408007474132
error_ms,-3.85614143994735,26.844463033197208
absolute_error_ms,31.475358400148625,11.932795445715097
absolute_relative_error_percent,24.504408539701053,9.432397446320955
error_per_sample_ms,-3.214950220336217,38.064576894109905
absolute_error_per_sample_ms,31.348131222457972,21.829855425686954
absolute_relative_error_per_sample_percent,24.59456062916099,21.022082069821185
