metrics,mean,std
pep_reference_ms,137.87356451358494,20.14601560316418
pep_estimated_ms,165.2333138608511,15.397969998096107
error_ms,-27.812709837799552,11.767500041510617
absolute_error_ms,32.21402258356218,9.36688392780125
absolute_relative_error_percent,26.82498135082977,12.188051721225634
error_per_sample_ms,-28.075429305087464,26.347311007769857
absolute_error_per_sample_ms,31.94575509549029,21.491376395756955
absolute_relative_error_per_sample_percent,26.820347236266493,26.98562769144379
