metrics,mean,std
pep_reference_ms,137.87356451358494,20.14601560316418
pep_estimated_ms,142.21403164528212,21.99233605828252
error_ms,-3.8870323437918004,20.61446041412725
absolute_error_ms,42.73911303770035,9.71630522205058
absolute_relative_error_percent,33.458763248311605,11.221674829663602
error_per_sample_ms,-5.704705246078961,52.84906841472721
absolute_error_per_sample_ms,42.12655489453759,32.41791274845794
absolute_relative_error_per_sample_percent,33.160561429945645,29.118955086753616
