metrics,mean,std
pep_reference_ms,137.87356451358494,20.14601560316418
pep_estimated_ms,163.2333138608511,15.397969998096107
error_ms,-25.812709837799552,11.767500041510617
absolute_error_ms,30.454084086034566,9.341347992272103
absolute_relative_error_percent,25.46165451756648,11.942900341768782
error_per_sample_ms,-26.075429305087464,26.347311007769857
absolute_error_per_sample_ms,30.16979618038838,21.538157052510684
absolute_relative_error_per_sample_percent,25.442325522330588,26.658149925795044
