metrics,mean,std
pep_reference_ms,137.87356451358494,20.14601560316418
pep_estimated_ms,149.7648246522892,24.930129997460835
error_ms,-11.87369064152479,22.21678878578465
absolute_error_ms,35.523069255333326,11.514594404609864
absolute_relative_error_percent,28.52036232696647,12.052692278009834
error_per_sample_ms,-14.049171931022707,42.04057862021952
absolute_error_per_sample_ms,34.71367594331569,27.563566263689214
absolute_relative_error_per_sample_percent,28.151120005807403,27.26636859769378
