metrics,mean,std
pep_reference_ms,137.87356451358494,20.14601560316418
pep_estimated_ms,123.25765649995164,30.8242540965277
error_ms,13.6640290238115,23.77945039439253
absolute_error_ms,30.263373122516523,23.749123131094304
absolute_relative_error_percent,22.290466667110714,17.035534240530602
error_per_sample_ms,13.258666666666667,44.1945449424106
absolute_error_per_sample_ms,28.590933333333332,36.21475632353909
absolute_relative_error_per_sample_percent,21.164677660134448,26.268140982845715
