metrics,mean,std
pep_reference_ms,137.87356451358494,20.14601560316418
pep_estimated_ms,136.92493757750285,29.25670841153403
error_ms,0.45648076327322973,27.880221239300944
absolute_error_ms,33.68903247399276,12.150518515011566
absolute_relative_error_percent,26.16709986186304,10.462010774523778
pearson_r,0.03426890463976582,0.2927381131285749
error_per_sample_ms,0.04848876676903184,39.8316350249226
absolute_error_per_sample_ms,33.85938257636981,20.978648942823
absolute_relative_error_per_sample_percent,26.43395581885527,20.593783373768733
