metrics,mean,std
pep_reference_ms,137.87356451358494,20.14601560316418
pep_estimated_ms,148.82083281550214,7.826102042202053
error_ms,-11.400768227527875,14.461592145770329
absolute_error_ms,19.977949798954267,9.440152161580132
absolute_relative_error_percent,17.582029002786804,11.702649406219878
pearson_r,0.18033206866718113,0.1951117897902476
error_per_sample_ms,-11.370328789093826,24.233043611949142
absolute_error_per_sample_ms,19.597433841218926,18.233632833579232
absolute_relative_error_per_sample_percent,17.433677129250217,23.567394194334838
