metrics,mean,std
pep_reference_ms,137.87356451358494,20.14601560316418
pep_estimated_ms,126.74434301493054,2.02623205377179
error_ms,10.67621689842016,19.756961647967053
absolute_error_ms,23.714521236717776,11.199203450820004
absolute_relative_error_percent,17.864389623264287,7.55521287997032
pearson_r,0.07973972978038234,0.15482583843047829
error_per_sample_ms,10.544287548138639,27.47983791360805
absolute_error_per_sample_ms,23.42747111681643,17.817886763774844
absolute_relative_error_per_sample_percent,17.796792586647946,17.82170708779083
