metrics,mean,std
pep_reference_ms,137.87356451358494,20.14601560316418
pep_estimated_ms,131.1529469805208,30.525110586027488
error_ms,6.273828579117483,18.17713454007984
absolute_error_ms,21.81394049265575,13.537190559588874
absolute_relative_error_percent,16.70786506725197,11.700412660982963
error_per_sample_ms,6.140690545337206,34.049650832580845
absolute_error_per_sample_ms,21.515327525008068,27.09570969149688
absolute_relative_error_per_sample_percent,16.614066995525928,21.52602988744081
