metrics,mean,std
pep_reference_ms,137.87356451358494,20.14601560316418
pep_estimated_ms,123.65535418308149,29.49548641822317
error_ms,13.825846232206045,17.450955030680742
absolute_error_ms,24.510885489145934,13.886778106812777
absolute_relative_error_percent,18.49080767426432,12.135730348891022
error_per_sample_ms,13.344444444444445,37.653289987909034
absolute_error_per_sample_ms,24.21045751633987,31.77574847732128
absolute_relative_error_per_sample_percent,18.35629895214099,24.135229983090152
