metrics,mean,std
pep_reference_ms,137.87356451358494,20.14601560316418
pep_estimated_ms,128.53032750441017,32.26361031054879
error_ms,8.767657319895594,18.28048811755277
absolute_error_ms,22.776861166426524,13.264793534233252
absolute_relative_error_percent,16.84830862138919,11.48182922337791
error_per_sample_ms,9.109240868540649,35.737654558188204
absolute_error_per_sample_ms,21.893620602592158,29.678739855850214
absolute_relative_error_per_sample_percent,16.195764294984077,22.770064571496167
