metrics,mean,std
pep_reference_ms,137.87356451358494,20.14601560316418
pep_estimated_ms,145.6845099572998,26.514602017783474
error_ms,-7.679584398395293,21.22386010970629
absolute_error_ms,32.44902086020251,11.953239088696616
absolute_relative_error_percent,25.7324484376861,10.597831629027262
error_per_sample_ms,-9.003496503496503,41.372298952820785
absolute_error_per_sample_ms,30.797202797202797,29.056193312236104
absolute_relative_error_per_sample_percent,24.688510120192475,26.841796258050575
