metrics,mean,std
pep_reference_ms,137.87356451358494,20.14601560316418
pep_estimated_ms,139.26627827713463,29.87563120091465
error_ms,-1.8503349836153369,28.256485544008818
absolute_error_ms,31.717694757725173,13.210207473812341
absolute_relative_error_percent,24.777452943656016,10.902525256980574
error_per_sample_ms,-2.226929866795057,37.962746694650704
absolute_error_per_sample_ms,31.580163697640828,21.18543400697847
absolute_relative_error_per_sample_percent,24.871673211762634,20.93602392170225
