metrics,mean,std
pep_reference_ms,137.87356451358494,20.14601560316418
pep_estimated_ms,122.9267966151885,1.8943914638480108
error_ms,14.493763298162179,19.78775179912977
absolute_error_ms,25.30444275889024,12.01896143122625
absolute_relative_error_percent,18.589043762894388,7.098512873291242
error_per_sample_ms,14.312901155327342,27.583744127783696
absolute_error_per_sample_ms,24.995827984595635,18.464307811389023
absolute_relative_error_per_sample_percent,18.51267502541732,16.93497252648959
