metrics,mean,std
pep_reference_ms,137.87356451358494,20.14601560316418
pep_estimated_ms,124.06667436634665,29.6465463345253
error_ms,12.84642581154649,25.239921503554726
absolute_error_ms,30.1006787016468,23.345575503331606
absolute_relative_error_percent,22.32032917851348,16.54452279454865
error_per_sample_ms,11.687945729692121,44.361981686355605
absolute_error_per_sample_ms,28.896503739780833,35.63124424066107
absolute_relative_error_per_sample_percent,21.538823962564855,25.71907596748989
