metrics,mean,std
pep_reference_ms,137.87356451358494,20.14601560316418
pep_estimated_ms,154.44283332623937,15.51391138712128
error_ms,-17.03529987471471,9.208432524995676
absolute_error_ms,20.24668266083451,7.488700177722085
absolute_relative_error_percent,17.357262883179676,9.355083332323664
error_per_sample_ms,-17.164365971107543,20.24814633628159
absolute_error_per_sample_ms,20.05553772070626,17.38902803433568
absolute_relative_error_per_sample_percent,17.379880115040507,21.536452419589896
