metrics,mean,std
pep_reference_ms,137.87356451358494,20.14601560316418
pep_estimated_ms,167.2333138608511,15.397969998096107
error_ms,-29.812709837799552,11.767500041510617
absolute_error_ms,33.98446605701573,9.397387032408906
absolute_relative_error_percent,28.196447472088252,12.433885675469655
error_per_sample_ms,-30.075429305087464,26.347311007769857
absolute_error_per_sample_ms,33.73198523511475,21.467776254738002
absolute_relative_error_per_sample_percent,28.206227226422328,27.322441117271335
