metrics,mean,std
pep_reference_ms,137.87356451358494,20.14601560316418
pep_estimated_ms,118.88266885172006,2.681436286770192
error_ms,18.524864599804584,19.618512062980926
absolute_error_ms,27.110617562666864,12.764390225278126
absolute_relative_error_percent,19.4893665208369,6.798622553613384
error_per_sample_ms,18.492134831460675,27.316653104928697
absolute_error_per_sample_ms,26.930658105939006,19.049888226993843
absolute_relative_error_per_sample_percent,19.48975968131922,16.038395783757746
