metrics,mean,std
pep_reference_ms,137.87356451358494,20.14601560316418
pep_estimated_ms,106.38611605414512,16.934199747468227
error_ms,31.025869092087284,17.856471584841856
absolute_error_ms,38.02753896095229,11.678931385891262
absolute_relative_error_percent,27.755378052968243,7.224766624803631
error_per_sample_ms,32.09807073954984,30.284121296626992
absolute_error_per_sample_ms,38.80546623794212,21.013089681574975
absolute_relative_error_per_sample_percent,28.395833187911506,15.755820792986103
