metrics,mean,std
pep_reference_ms,137.87356451358494,20.14601560316418
pep_estimated_ms,144.37779949504346,30.062629171305396
error_ms,-6.957239581692812,28.547217691238625
absolute_error_ms,33.64942382383289,11.629078063986558
absolute_relative_error_percent,26.49176788718369,10.80789437484125
error_per_sample_ms,-7.290115532734275,38.11497763026487
absolute_error_per_sample_ms,33.49935815147625,19.588014388276324
absolute_relative_error_per_sample_percent,26.585592328773807,21.3334476410298
