metrics,mean,std
pep_reference_ms,137.87356451358494,20.14601560316418
pep_estimated_ms,121.80921074982848,10.390883312095095
error_ms,15.61188059830837,18.590115747232907
absolute_error_ms,26.098820534784533,11.097135793686988
absolute_relative_error_percent,18.966475261040145,5.988743785942438
error_per_sample_ms,16.457646482781133,27.362167782634106
absolute_error_per_sample_ms,26.212502040150156,18.233131664975744
absolute_relative_error_per_sample_percent,19.153516688269228,16.035705108719164
