metrics,mean,std
pep_reference_ms,137.87356451358494,20.14601560316418
pep_estimated_ms,128.5871199358904,30.667581928686616
error_ms,8.819516461678578,27.86374040420304
absolute_error_ms,28.823589869417983,17.192243199010594
absolute_relative_error_percent,21.927233820158204,11.9973006262372
error_per_sample_ms,9.0585968855354,37.70933355596398
absolute_error_per_sample_ms,28.756782790174988,26.021134839363693
absolute_relative_error_per_sample_percent,22.02577086901115,21.12924850904045
