metrics,mean,std
pep_reference_ms,137.87356451358494,20.14601560316418
pep_estimated_ms,144.65246214281493,13.922868123775993
error_ms,-7.221619478138359,14.50683374417989
absolute_error_ms,18.94539765607551,7.857345300799585
absolute_relative_error_percent,16.044563531954115,8.60283752238402
pearson_r,0.17681188783102336,0.19235988027169243
error_per_sample_ms,-6.527569331158238,23.840066076577184
absolute_error_per_sample_ms,18.282871125611745,16.634137648610263
absolute_relative_error_per_sample_percent,15.67987187690842,20.61816603929213
