metrics,mean,std
pep_reference_ms,137.87356451358494,20.14601560316418
pep_estimated_ms,136.8211138518343,29.66762833494695
error_ms,0.6016467740946337,28.36360214065514
absolute_error_ms,33.588487738965995,12.675615487417266
absolute_relative_error_percent,26.06389385174938,10.733964888229078
pearson_r,0.03718741362732617,0.3078052698056737
error_per_sample_ms,-0.1757429718875502,39.560208268704116
absolute_error_per_sample_ms,33.51871485943775,21.012775114846914
absolute_relative_error_per_sample_percent,26.19637933552359,20.479087521159926
