metrics,mean,std
pep_reference_ms,137.87356451358494,20.14601560316418
pep_estimated_ms,139.26500002260676,29.64850440245655
error_ms,-1.8752246176969838,28.014897534672578
absolute_error_ms,31.528081543816388,12.625799818808746
absolute_relative_error_percent,24.65472360641494,10.606657855880096
error_per_sample_ms,-2.038517091959557,37.811055734910106
absolute_error_per_sample_ms,31.48868560423688,21.03079091808489
absolute_relative_error_per_sample_percent,24.8005311550616,20.95269552275829
