metrics,mean,std
pep_reference_ms,137.87356451358494,20.14601560316418
pep_estimated_ms,143.74360203412428,7.831072315085649
error_ms,-6.326229414239105,14.744199797889808
absolute_error_ms,18.3423273633378,7.835466969741357
absolute_relative_error_percent,15.849355028572273,10.04386466178429
pearson_r,0.19484142197987628,0.20294205251344244
error_per_sample_ms,-6.508262473929087,23.18653847079027
absolute_error_per_sample_ms,18.079576447938393,15.909178550451266
absolute_relative_error_per_sample_percent,15.790076631641627,20.97667839170032
