metrics,mean,std
pep_reference_ms,137.87356451358494,20.14601560316418
pep_estimated_ms,126.00286504441482,29.817096281437756
error_ms,10.907783461911725,25.418680701549864
absolute_error_ms,30.02178136914189,23.009878544889563
absolute_relative_error_percent,22.351458612189237,16.340468362362667
error_per_sample_ms,9.87007121764808,44.60328052827686
absolute_error_per_sample_ms,28.968212610734756,35.32298965071943
absolute_relative_error_per_sample_percent,21.67533882008032,25.616838802061984
