metrics,mean,std
pep_reference_ms,137.87356451358494,20.14601560316418
pep_estimated_ms,119.06512245197803,2.5734659797079065
error_ms,18.342410999546605,19.648113744745864
absolute_error_ms,27.093252625883707,12.702382069640263
absolute_relative_error_percent,19.494493883517826,6.795295584702272
error_per_sample_ms,18.26067415730337,27.42077063369723
absolute_error_per_sample_ms,26.878330658105938,19.050097738819183
absolute_relative_error_per_sample_percent,19.4747845098093,16.092247063482493
