metrics,mean,std
pep_reference_ms,137.87356451358494,20.14601560316418
pep_estimated_ms,156.23542996919153,21.340696247435993
error_ms,-18.84773086352044,14.192586578283272
absolute_error_ms,25.50921224068135,10.355668658259335
absolute_relative_error_percent,21.282152312111815,10.561644892052293
error_per_sample_ms,-18.05266538214515,32.395969379066244
absolute_error_per_sample_ms,24.808606294155428,27.566839012674397
absolute_relative_error_per_sample_percent,20.93060449460092,28.931308836275253
