metrics,mean,std
pep_reference_ms,137.87356451358494,20.14601560316418
pep_estimated_ms,158.8291758848058,15.65429959454039
error_ms,-21.421598323580323,11.877166646985964
absolute_error_ms,25.95405633515216,8.885667236692138
absolute_relative_error_percent,22.111436624559474,11.391311316207494
error_per_sample_ms,-21.622732380799487,25.836654918405177
absolute_error_per_sample_ms,25.729330550650186,21.750329707841544
absolute_relative_error_per_sample_percent,22.126539184217435,26.18636973789884
