metrics,mean,std
pep_reference_ms,137.87356451358494,20.14601560316418
pep_estimated_ms,134.59010323927365,32.26819383852961
error_ms,2.9363832592313286,18.567399817223468
absolute_error_ms,21.18842496837324,12.558020724627813
absolute_relative_error_percent,15.845964569693189,10.58418873240203
error_per_sample_ms,3.2777139103301036,33.473730298521396
absolute_error_per_sample_ms,20.324848086713747,26.798033114915732
absolute_relative_error_per_sample_percent,15.281695585785615,21.69805035770379
