metrics,mean,std
pep_reference_ms,137.87356451358494,20.14601560316418
pep_estimated_ms,160.15465010456722,14.914797247497217
error_ms,-22.7355356545048,9.375006570285976
absolute_error_ms,26.226459987668036,7.681642061420773
absolute_relative_error_percent,21.848988300547305,10.272770787155109
error_per_sample_ms,-23.11414352223471,20.13374706165263
absolute_error_per_sample_ms,26.159255097126344,15.978885263764049
absolute_relative_error_per_sample_percent,21.956193238863378,21.70360176513888
