metrics,mean,std
pep_reference_ms,137.87356451358494,20.14601560316418
pep_estimated_ms,133.09870413989879,30.610724733230096
error_ms,4.316512973835585,18.213077226422516
absolute_error_ms,22.5476435202022,12.990552287987047
absolute_relative_error_percent,17.302561332649965,11.405698021966229
error_per_sample_ms,4.215379655005642,34.142734252514124
absolute_error_per_sample_ms,22.291149443817506,26.203060591217298
absolute_relative_error_per_sample_percent,17.241723118592066,21.024358497074285
