metrics,mean,std
pep_reference_ms,137.87356451358494,20.14601560316418
pep_estimated_ms,120.23241538673298,29.260592363095864
error_ms,16.67090612912012,24.73340879153932
absolute_error_ms,31.1020834699418,23.5120327198889
absolute_relative_error_percent,22.88288379555341,16.678539269885555
error_per_sample_ms,15.270982376548595,43.79203674190976
absolute_error_per_sample_ms,29.597975920432734,35.70581473882309
absolute_relative_error_per_sample_percent,21.89126615746488,25.605579770847804
