metrics,mean,std
pep_reference_ms,137.87356451358494,20.14601560316418
pep_estimated_ms,144.3834122811511,16.867369172328132
error_ms,-6.995669065779175,7.505976943121263
absolute_error_ms,12.800663696817795,5.504419790081317
absolute_relative_error_percent,11.127770649300297,6.254529264592949
pearson_r,0.4170198035061666,0.22039471330338142
error_per_sample_ms,-6.624377709972699,18.990638703132685
absolute_error_per_sample_ms,12.2977356672555,15.915163708099572
absolute_relative_error_per_sample_percent,10.862249545743358,18.416306087839978
