metrics,mean,std
pep_reference_ms,137.87356451358494,20.14601560316418
pep_estimated_ms,137.2803062822788,22.136014314352135
error_ms,1.1079725324804675,19.04082142836717
absolute_error_ms,37.07407392146703,11.085684690235192
absolute_relative_error_percent,28.809313785667733,9.666481871690932
pearson_r,0.21430051382905696,0.1824012654536769
error_per_sample_ms,-0.007077668094617247,50.23524420092979
absolute_error_per_sample_ms,35.81411808530453,35.226818700989035
absolute_relative_error_per_sample_percent,27.975672901098925,29.40808828891585
