metrics,mean,std
pep_reference_ms,137.87356451358494,20.14601560316418
pep_estimated_ms,160.63185127472343,15.303511633239802
error_ms,-23.211247251671917,11.906203013892604
absolute_error_ms,27.745193010263534,9.416046865348097
absolute_relative_error_percent,23.475917909904336,11.7381451175732
error_per_sample_ms,-23.557695393997754,26.099832435679996
absolute_error_per_sample_ms,27.466538276360136,21.948930282822637
absolute_relative_error_per_sample_percent,23.466321131792476,26.58359045730741
