metrics,mean,std
pep_reference_ms,137.87356451358494,20.14601560316418
pep_estimated_ms,134.02710382619622,30.63057340167675
error_ms,3.4651713346678656,26.383388567564296
absolute_error_ms,29.263930636929974,21.361853855057692
absolute_relative_error_percent,22.126804450635774,15.14179719222104
error_per_sample_ms,2.9962789192687267,44.47698708982197
absolute_error_per_sample_ms,29.09302701828183,33.77537337859807
absolute_relative_error_per_sample_percent,22.079537237312653,25.692340788565776
