metrics,mean,std
pep_reference_ms,137.87356451358494,20.14601560316418
pep_estimated_ms,133.3549395564705,29.489072918111347
error_ms,4.149538345950637,17.343497924337733
absolute_error_ms,20.829813720670693,11.486350075688467
absolute_relative_error_percent,15.844673114475665,10.343777320065364
pearson_r,0.36770890021995045,0.2111343576249934
error_per_sample_ms,3.6811734364925854,32.72048495311382
absolute_error_per_sample_ms,20.529658284977433,25.743238027462002
absolute_relative_error_per_sample_percent,15.697949248218809,21.180157949842638
