metrics,mean,std
pep_reference_ms,137.87356451358494,20.14601560316418
pep_estimated_ms,146.37779949504346,30.062629171305396
error_ms,-8.95723958169281,28.547217691238625
absolute_error_ms,34.286712955010096,11.235697935804298
absolute_relative_error_percent,27.074837218570487,10.916242862015354
pearson_r,0.10180775325513249,0.3038011600649434
error_per_sample_ms,-9.290115532734275,38.11497763026487
absolute_error_per_sample_ms,34.14313222079589,19.321084041025912
absolute_relative_error_per_sample_percent,27.175812210854364,21.695013573445156
