metrics,mean,std
pep_reference_ms,137.87356451358494,20.14601560316418
pep_estimated_ms,105.70308151714386,21.052959245993698
error_ms,31.722511007106203,18.525740436372352
absolute_error_ms,38.88898132797356,12.777525261072356
absolute_relative_error_percent,28.404429677339145,8.630944418678677
error_per_sample_ms,33.681543240150404,31.362883796164756
absolute_error_per_sample_ms,40.15465097269904,22.487348449974704
absolute_relative_error_per_sample_percent,29.382825965426488,16.60832253910525
