metrics,mean,std
pep_reference_ms,137.87356451358494,20.14601560316418
pep_estimated_ms,92.64290103946014,18.636005458261174
error_ms,44.81806209419364,17.5066779804495
absolute_error_ms,47.81623746093883,15.086274884531324
absolute_relative_error_percent,34.25424799353803,9.842825757171092
error_per_sample_ms,46.313233638848686,30.17994439018536
absolute_error_per_sample_ms,49.13812510049847,25.321716274554408
absolute_relative_error_per_sample_percent,35.30564216385655,17.211069012431302
