metrics,mean,std
pep_reference_ms,137.87356451358494,20.14601560316418
pep_estimated_ms,138.30051256721575,29.507593499061223
error_ms,-0.9107371623059841,27.896249240942222
absolute_error_ms,30.985035597126377,13.162226120320234
absolute_relative_error_percent,24.199570746680088,10.833105989017707
error_per_sample_ms,-1.1214893275557696,37.81758375307769
absolute_error_per_sample_ms,31.0113946397047,21.673042742849116
absolute_relative_error_per_sample_percent,24.388918647348603,21.02707637164857
