metrics,mean,std
pep_reference_ms,137.87356451358494,20.14601560316418
pep_estimated_ms,123.09282417148205,30.122737698123508
error_ms,14.288594169293981,27.615670936593588
absolute_error_ms,31.52831432601669,18.085371626414037
absolute_relative_error_percent,23.653861799889665,12.602886941258122
pearson_r,0.03341363542599141,0.29299989422340855
error_per_sample_ms,14.265395183449167,39.719120959061755
absolute_error_per_sample_ms,31.591401325359627,27.983806599543154
absolute_relative_error_per_sample_percent,23.81698270283228,21.61184080312435
