metrics,mean,std
pep_reference_ms,137.87356451358494,20.14601560316418
pep_estimated_ms,140.40330104096412,22.575557467728544
error_ms,-3.015601935293025,13.775436847443883
absolute_error_ms,26.751324472218357,5.365971513980637
absolute_relative_error_percent,21.37943377047393,6.668477588927764
error_per_sample_ms,-1.833975594091201,32.22887086658968
absolute_error_per_sample_ms,26.506422607578678,18.424796996533377
absolute_relative_error_per_sample_percent,21.280620720467276,21.056451260602017
