metrics,mean,std
pep_reference_ms,91.81678678514223,20.888297889774446
pep_estimated_ms,111.25494650521745,20.23290581124417
error_ms,-19.56520272984636,14.160334187243595
absolute_error_ms,26.40593065944347,7.617134697488592
absolute_relative_error_percent,33.907632162233995,14.93580453056665
pearson_r,0.18422920922457361,0.32008754960972485
error_per_sample_ms,-19.683050161812297,24.72653156405926
absolute_error_per_sample_ms,27.50222491909385,15.570852621498112
absolute_relative_error_per_sample_percent,36.129173274149665,27.531231626303196
