metrics,mean,std
pep_reference_ms,91.81678678514223,20.888297889774446
pep_estimated_ms,93.425519041912,21.518830067264798
error_ms,-1.7189959511696846,13.308744061465681
absolute_error_ms,15.477172564703679,8.83827184244132
absolute_relative_error_percent,20.499457061285792,16.552881938507237
pearson_r,0.3530034153385479,0.2897368160877352
error_per_sample_ms,-3.2183652875882944,24.375873204918953
absolute_error_per_sample_ms,16.032492431886983,18.641358750051634
absolute_relative_error_per_sample_percent,21.92618488859326,32.3579502726294
