metrics,mean,std
pep_reference_ms,91.81678678514223,20.888297889774446
pep_estimated_ms,72.72895800349765,27.85858405985262
error_ms,19.00651759551513,23.97304536251113
absolute_error_ms,28.70503331028694,18.3344040106166
absolute_relative_error_percent,32.022074035749476,19.85902359990408
pearson_r,0.2434236436933881,0.31197684905130973
error_per_sample_ms,15.246040126715945,35.72875747220104
absolute_error_per_sample_ms,27.11256599788807,27.81896143034397
absolute_relative_error_per_sample_percent,31.144943437471674,30.377246448276615
