metrics,mean,std
pep_reference_ms,91.81678678514223,20.888297889774446
pep_estimated_ms,91.57411662647081,22.21206663904825
error_ms,0.14502487604647532,8.585412009307383
absolute_error_ms,10.767523944552817,5.875003425944423
absolute_relative_error_percent,12.78929131592158,7.345881288772443
error_per_sample_ms,1.1275344687753446,18.97190681880109
absolute_error_per_sample_ms,10.807177615571776,15.633601450242605
absolute_relative_error_per_sample_percent,13.027592725061742,18.36893477010041
