metrics,mean,std
pep_reference_ms,91.81678678514223,20.888297889774446
pep_estimated_ms,112.93791333398447,10.777509577460277
error_ms,-21.222684538962117,12.809502595519536
absolute_error_ms,23.85107142194119,10.242030640198456
absolute_relative_error_percent,33.34828428751364,20.991768130107516
error_per_sample_ms,-22.68450704225352,19.53195445616534
absolute_error_per_sample_ms,24.99195171026157,16.476846007040333
absolute_relative_error_per_sample_percent,35.81464563074627,34.55969292199879
