metrics,mean,std
pep_reference_ms,91.81678678514223,20.888297889774446
pep_estimated_ms,91.425519041912,21.518830067264798
error_ms,0.2810040488303147,13.308744061465681
absolute_error_ms,16.03075757065093,8.487783835747262
absolute_relative_error_percent,20.879676523044477,15.77304482948906
pearson_r,0.3530034153385479,0.2897368160877352
error_per_sample_ms,-1.2183652875882947,24.375873204918953
absolute_error_per_sample_ms,16.433703329969727,18.04441751176321
absolute_relative_error_per_sample_percent,22.130888332686283,31.178286497073614
