metrics,mean,std
pep_reference_ms,91.81678678514223,20.888297889774446
pep_estimated_ms,97.40052247418602,10.209606109181117
error_ms,-5.68339561571547,14.843006133109105
absolute_error_ms,17.543927149637547,7.944367113816254
absolute_relative_error_percent,22.54021421210212,13.864290274984699
error_per_sample_ms,-7.355066612838111,21.769716504518893
absolute_error_per_sample_ms,17.35991118288252,15.054934250565179
absolute_relative_error_per_sample_percent,23.31308225867006,26.947009296162133
