metrics,mean,std
pep_reference_ms,91.81678678514223,20.888297889774446
pep_estimated_ms,112.17660544130099,10.817668220882402
error_ms,-20.46137664627865,12.912297498542033
absolute_error_ms,23.48742117536383,10.170739282479229
absolute_relative_error_percent,32.77969525136888,20.885082380773166
error_per_sample_ms,-22.196981891348088,21.392020526328647
absolute_error_per_sample_ms,24.778068410462776,18.340443645946213
absolute_relative_error_per_sample_percent,35.36867788758005,36.26277868684653
