metrics,mean,std
pep_reference_ms,91.81678678514223,20.888297889774446
pep_estimated_ms,110.94282557041254,7.096081732362517
error_ms,-19.218453953102745,15.826456375471825
absolute_error_ms,24.348174667797455,10.539691467451743
absolute_relative_error_percent,33.74938644894463,21.713321365828392
error_per_sample_ms,-21.307676808382027,21.456069563622325
absolute_error_per_sample_ms,25.4950634696756,16.259820133281828
absolute_relative_error_per_sample_percent,36.33155323688814,34.73003432906714
