metrics,mean,std
pep_reference_ms,91.81678678514223,20.888297889774446
pep_estimated_ms,54.96992175057228,20.951449476914483
error_ms,36.78192229885763,14.092008635550156
absolute_error_ms,39.034458140770866,12.345906079537984
absolute_relative_error_percent,42.931441538664735,13.705907198168454
error_per_sample_ms,36.83196721311475,24.981034663347867
absolute_error_per_sample_ms,39.36516393442623,20.76125646619427
absolute_relative_error_per_sample_percent,44.60372349284182,21.50934701957612
