metrics,mean,std
pep_reference_ms,91.81678678514223,20.888297889774446
pep_estimated_ms,76.16911594984174,23.94380032954386
error_ms,15.339686476778516,15.43930599154048
absolute_error_ms,22.48563256130059,12.360105927002031
absolute_relative_error_percent,25.08449585712177,14.086328462365067
error_per_sample_ms,14.592279108175061,29.696203854652687
absolute_error_per_sample_ms,22.569157720891823,24.19570732004966
absolute_relative_error_per_sample_percent,25.80416728540626,25.315632630932758
