metrics,mean,std
pep_reference_ms,91.81678678514223,20.888297889774446
pep_estimated_ms,60.3550991915397,24.398914791474596
error_ms,31.433473237693214,17.035424228720252
absolute_error_ms,36.12076191314288,12.047104272870282
absolute_relative_error_percent,40.77150585866116,14.856348419393678
error_per_sample_ms,32.21267064846416,27.665569554449526
absolute_error_per_sample_ms,37.18877986348123,20.49474423709726
absolute_relative_error_per_sample_percent,43.14724996622471,23.561213446123855
