metrics,mean,std
pep_reference_ms,91.81678678514223,20.888297889774446
pep_estimated_ms,112.73759699065337,20.29974212176321
error_ms,-21.03452197157226,7.9956947292851765
absolute_error_ms,22.604481935015325,7.0302080309087795
absolute_relative_error_percent,29.04662082399797,12.584103906316448
error_per_sample_ms,-21.17305365066559,17.807877928903196
absolute_error_per_sample_ms,23.116982654296088,15.199468088905675
absolute_relative_error_per_sample_percent,30.522850325424592,25.928168730096726
