metrics,mean,std
pep_reference_ms,91.81678678514223,20.888297889774446
pep_estimated_ms,110.03355182651981,19.14463933762293
error_ms,-18.328813945769152,13.381856347216681
absolute_error_ms,25.209923648992305,7.109017093368566
absolute_relative_error_percent,32.266102968509664,14.199229156222225
pearson_r,0.1779296311936938,0.311263631271909
error_per_sample_ms,-18.653225806451612,24.228347285252863
absolute_error_per_sample_ms,26.183064516129033,15.792491181112602
absolute_relative_error_per_sample_percent,34.31638379057097,27.504025214172504
