metrics,mean,std
pep_reference_ms,91.81678678514223,20.888297889774446
pep_estimated_ms,94.02630331244508,22.261491511950126
error_ms,-2.319983779543503,14.669819546633818
absolute_error_ms,17.34435601706105,9.05712563968262
absolute_relative_error_percent,20.917361343257646,11.49074489957893
error_per_sample_ms,-1.686131386861314,25.141675331622483
absolute_error_per_sample_ms,18.05677210056772,17.57554718472875
absolute_relative_error_per_sample_percent,22.253061816159196,22.52386327489772
