metrics,mean,std
pep_reference_ms,91.81678678514223,20.888297889774446
pep_estimated_ms,113.36538884229599,13.058397519542256
error_ms,-21.64255572831725,16.789852007174222
absolute_error_ms,25.919479750089224,12.56901647589839
absolute_relative_error_percent,35.285329528377005,23.326164798074448
pearson_r,0.14555980516922437,0.31296421416739834
error_per_sample_ms,-23.11856312292359,24.192984917075517
absolute_error_per_sample_ms,26.54921096345515,20.36928759884351
absolute_relative_error_per_sample_percent,37.238123575774544,38.52897117864962
