metrics,mean,std
pep_reference_ms,91.81678678514223,20.888297889774446
pep_estimated_ms,58.17332796072935,20.4633094226809
error_ms,33.58420290052379,13.248991913544904
absolute_error_ms,36.976457416708314,10.715571580843093
absolute_relative_error_percent,40.97728310660566,11.34862248777896
error_per_sample_ms,33.9482546201232,26.2494234224906
absolute_error_per_sample_ms,37.63326488706365,20.62167781015926
absolute_relative_error_per_sample_percent,42.95980153774731,21.76390833980012
