metrics,mean,std
pep_reference_ms,91.81678678514223,20.888297889774446
pep_estimated_ms,54.41478244632053,20.259392512810976
error_ms,37.36806144704206,13.218750262378801
absolute_error_ms,39.93176558443525,11.363152461538506
absolute_relative_error_percent,43.99468445357069,12.227606220328816
error_per_sample_ms,37.63033568172399,26.11243389791502
absolute_error_per_sample_ms,40.494405304600086,21.403376056570753
absolute_relative_error_per_sample_percent,45.8835138371854,22.189779563369978
