metrics,mean,std
pep_reference_ms,91.81678678514223,20.888297889774446
pep_estimated_ms,78.15155831352558,24.031569270766127
error_ms,13.49510260984247,14.849241309059467
absolute_error_ms,21.664394944512036,11.659335569465183
absolute_relative_error_percent,24.326761326353573,12.908630116916063
error_per_sample_ms,12.344072948328268,28.697696846304915
absolute_error_per_sample_ms,21.34143870314083,22.81396360381394
absolute_relative_error_per_sample_percent,24.514752332368452,24.89761688156951
