metrics,mean,std
pep_reference_ms,91.81678678514223,20.888297889774446
pep_estimated_ms,112.19872292212257,7.552154688110573
error_ms,-20.47435130481277,15.633089288294979
absolute_error_ms,25.097308951755146,10.410707984869251
absolute_relative_error_percent,34.67128632394999,21.771570370089588
pearson_r,0.20244363728787573,0.2991908414113391
error_per_sample_ms,-22.860971186782187,22.04386332199858
absolute_error_per_sample_ms,26.451138424340115,17.575357459188027
absolute_relative_error_per_sample_percent,37.515705603015846,35.855201706820935
