metrics,mean,std
pep_reference_ms,91.81678678514223,20.888297889774446
pep_estimated_ms,107.2812574406588,20.204968564138447
error_ms,-15.594201412323303,14.187526163752173
absolute_error_ms,23.71687451550721,7.4660034888844775
absolute_relative_error_percent,30.407281166841077,13.814491277301256
error_per_sample_ms,-15.700182075662553,24.699675651889528
absolute_error_per_sample_ms,24.89257535909367,15.39251072792682
absolute_relative_error_per_sample_percent,32.59124351291237,25.89336881263572
