metrics,mean,std
pep_reference_ms,91.81678678514223,20.888297889774446
pep_estimated_ms,109.96773139913249,23.4412637356898
error_ms,-18.262499777672602,16.480899906000033
absolute_error_ms,26.191818595921283,9.851371361058737
absolute_relative_error_percent,33.11552843947928,16.85299992157832
error_per_sample_ms,-17.40054211843203,27.136196042421577
absolute_error_per_sample_ms,26.56651376146789,18.258487019186237
absolute_relative_error_per_sample_percent,34.44869735598919,29.994338549623794
