metrics,mean,std
pep_reference_ms,91.81678678514223,20.888297889774446
pep_estimated_ms,112.26711191791975,7.550304751101011
error_ms,-20.542740300609974,15.66134714901267
absolute_error_ms,25.151226579797004,10.4400648333329
absolute_relative_error_percent,34.74981246378018,21.81368081672542
error_per_sample_ms,-22.97118678218819,22.15253514978209
absolute_error_per_sample_ms,26.535563167439047,17.72777829090155
absolute_relative_error_per_sample_percent,37.636409975341415,36.023195878811805
