metrics,mean,std
pep_reference_ms,91.81678678514223,20.888297889774446
pep_estimated_ms,117.80133282380993,20.37988001861906
error_ms,-26.074527663002954,10.864243430830099
absolute_error_ms,29.763682348339888,9.910365612428222
absolute_relative_error_percent,38.06269767218106,17.937042283929586
pearson_r,0.19152002933644183,0.3435756506445972
error_per_sample_ms,-25.476097772009517,23.55489402234772
absolute_error_per_sample_ms,29.499891845122214,18.265294172805074
absolute_relative_error_per_sample_percent,38.41700919745371,31.968929117946452
