metrics,mean,std
pep_reference_ms,91.81678678514223,20.888297889774446
pep_estimated_ms,57.426523005509345,21.042846652865336
error_ms,34.30586304496193,14.214379907160385
absolute_error_ms,36.95628460698381,12.12724029940851
absolute_relative_error_percent,40.70459310591449,13.203483576889546
pearson_r,0.0917573368533011,0.32556598560989497
error_per_sample_ms,34.21667346106808,24.972396812282852
absolute_error_per_sample_ms,37.164084794129636,20.328112226820807
absolute_relative_error_per_sample_percent,42.24320791560564,21.182381471556777
