metrics,mean,std
pep_reference_ms,91.81678678514223,20.888297889774446
pep_estimated_ms,112.12671893532192,10.83416547082432
error_ms,-20.411490140299556,12.944203990425194
absolute_error_ms,23.456590295073877,10.197084976227359
absolute_relative_error_percent,32.7414829369762,20.937173659795178
error_per_sample_ms,-22.093762575452715,21.287985609631185
absolute_error_per_sample_ms,24.697786720321933,18.20252749410994
absolute_relative_error_per_sample_percent,35.2652598249719,36.13112648587271
