metrics,mean,std
pep_reference_ms,91.81678678514223,20.888297889774446
pep_estimated_ms,116.26711191791978,7.55030475110101
error_ms,-24.542740300609974,15.66134714901267
absolute_error_ms,27.92984472526857,11.351051199058546
absolute_relative_error_percent,38.56323975178789,23.631778130091746
error_per_sample_ms,-26.97118678218819,22.15253514978209
absolute_error_per_sample_ms,29.54382429981866,18.58338439960443
absolute_relative_error_per_sample_percent,41.787469610119594,38.072404679074474
