metrics,mean,std
pep_reference_ms,91.81678678514223,20.888297889774446
pep_estimated_ms,58.82808500244338,21.101131459972738
error_ms,32.90134029522681,14.116957636503114
absolute_error_ms,35.946637209786516,11.66643281826365
absolute_relative_error_percent,39.738563035871046,12.664770377910706
error_per_sample_ms,33.02444489712772,25.057209207490445
absolute_error_per_sample_ms,36.34854349154614,19.931409385052262
absolute_relative_error_per_sample_percent,41.450837816403805,20.954641627451313
