metrics,mean,std
pep_reference_ms,91.81678678514223,20.888297889774446
pep_estimated_ms,91.73017879573068,21.65717563327749
error_ms,-0.023655704988353107,13.527397249280673
absolute_error_ms,16.237068766161016,8.707043483311814
absolute_relative_error_percent,21.19502059929085,16.151717900737733
error_per_sample_ms,-1.6944500504540867,24.65342167484627
absolute_error_per_sample_ms,16.684964682139253,18.228393094483973
absolute_relative_error_per_sample_percent,22.5362026056551,31.563124182816235
