metrics,mean,std
pep_reference_ms,91.81678678514223,20.888297889774446
pep_estimated_ms,123.355360956975,19.9694701650497
error_ms,-31.647314784587405,10.699594390863606
absolute_error_ms,32.70586606161543,10.023812048072688
absolute_relative_error_percent,42.06838358447289,18.90195605267918
error_per_sample_ms,-31.64938470849304,20.573993617176153
absolute_error_per_sample_ms,32.79685293524309,18.690618056388494
absolute_relative_error_per_sample_percent,43.55059022526993,35.0489140059831
