metrics,mean,std
pep_reference_ms,91.81678678514223,20.888297889774446
pep_estimated_ms,104.47398538994001,20.253047995443577
error_ms,-12.768875556255278,8.077636455608559
absolute_error_ms,16.759572928768637,6.64898915706896
absolute_relative_error_percent,21.450552992501457,10.903972814537363
error_per_sample_ms,-12.343636363636364,18.905498502963333
absolute_error_per_sample_ms,17.18969696969697,14.638905369365723
absolute_relative_error_per_sample_percent,22.504629596976017,21.44829434544464
