metrics,mean,std
pep_reference_ms,91.81678678514223,20.888297889774446
pep_estimated_ms,55.49643213936295,20.970234609760265
error_ms,36.251339960402426,14.200425270743114
absolute_error_ms,38.519541860771184,12.454639413090614
absolute_relative_error_percent,42.324219813459436,13.710034583523012
pearson_r,0.09061562286209703,0.32533859676370225
error_per_sample_ms,36.123901042731546,24.94272693719767
absolute_error_per_sample_ms,38.68861173584134,20.742882527797107
absolute_relative_error_per_sample_percent,43.83524082302058,21.454085480660275
