metrics,mean,std
pep_reference_ms,91.81678678514223,20.888297889774446
pep_estimated_ms,119.40383658110446,19.902891819080388
error_ms,-27.69429595355772,10.699996295798956
absolute_error_ms,28.864865793670628,9.955415516906143
absolute_relative_error_percent,37.481836733235994,18.053231883283267
error_per_sample_ms,-27.68294651866801,20.507835666143617
absolute_error_per_sample_ms,28.978203834510595,18.63278170833714
absolute_relative_error_per_sample_percent,38.82190153141987,33.81706989519784
