metrics,mean,std
pep_reference_ms,91.81678678514223,20.888297889774446
pep_estimated_ms,112.03355182651981,19.144639337622927
error_ms,-20.328813945769152,13.381856347216681
absolute_error_ms,26.58852453670502,7.278291535281909
absolute_relative_error_percent,34.04954386366107,14.814873394630013
error_per_sample_ms,-20.653225806451612,24.228347285252863
absolute_error_per_sample_ms,27.528225806451612,15.992664954162809
absolute_relative_error_per_sample_percent,36.12904501304306,28.390256748974984
