metrics,mean,std
pep_reference_ms,91.81678678514223,20.888297889774446
pep_estimated_ms,95.425519041912,21.518830067264798
error_ms,-3.718995951169686,13.308744061465681
absolute_error_ms,15.109767716076567,9.242525105760937
absolute_relative_error_percent,20.33792225978697,17.37217337425831
error_per_sample_ms,-5.218365287588295,24.375873204918953
absolute_error_per_sample_ms,15.821796165489404,19.263574353548687
absolute_relative_error_per_sample_percent,21.95126127498496,33.54298805105829
