metrics,mean,std
pep_reference_ms,91.81678678514223,20.888297889774446
pep_estimated_ms,66.6173165630927,26.052004563781107
error_ms,25.07118333302628,22.34348863895183
absolute_error_ms,30.064489159533355,19.122923697956033
absolute_relative_error_percent,33.12470694275442,20.278772875081373
pearson_r,0.2430823224572789,0.326139925184932
error_per_sample_ms,20.36217170602516,33.44487117163311
absolute_error_per_sample_ms,26.789450452438754,28.55700945003059
absolute_relative_error_per_sample_percent,30.180902497133335,30.490818826166237
