metrics,mean,std
pep_reference_ms,91.81678678514223,20.888297889774446
pep_estimated_ms,76.62042209186971,24.1415769274282
error_ms,15.021946947724716,14.939134566221343
absolute_error_ms,22.486245116632904,12.232401518254276
absolute_relative_error_percent,25.148252768614313,13.412458939339873
error_per_sample_ms,13.675182481751825,28.83372235204357
absolute_error_per_sample_ms,21.938361719383618,23.17547077522744
absolute_relative_error_per_sample_percent,25.094829898377622,25.20642859088363
