metrics,mean,std
pep_reference_ms,91.81678678514223,20.888297889774446
pep_estimated_ms,109.85052951048307,19.707449445875902
error_ms,-18.251415894416446,14.389323834594846
absolute_error_ms,28.21827936309135,7.433740738852822
absolute_relative_error_percent,35.82281967536855,14.996681612879204
pearson_r,0.09603731691953381,0.311576936166695
error_per_sample_ms,-17.924447174447174,27.931350561449772
absolute_error_per_sample_ms,29.356060606060606,15.481209784427278
absolute_relative_error_per_sample_percent,38.11504499226945,27.110471417498918
