metrics,mean,std
pep_reference_ms,91.81678678514223,20.888297889774446
pep_estimated_ms,121.09087142873682,23.118731476465037
error_ms,-29.388561563114667,13.804108615832165
absolute_error_ms,30.354433098665,13.053136096034317
absolute_relative_error_percent,38.84637859045117,21.53864550960828
error_per_sample_ms,-28.52972972972973,23.102295557154303
absolute_error_per_sample_ms,29.46029106029106,21.9032597826093
absolute_relative_error_per_sample_percent,39.04600808804207,37.803784709624686
