metrics,mean,std
pep_reference_ms,91.81678678514223,20.888297889774446
pep_estimated_ms,60.232466397734925,22.97775634478332
error_ms,31.108477549262012,13.700597202589561
absolute_error_ms,32.62859487059221,13.713918555594232
absolute_relative_error_percent,36.561782794055816,15.545363639825949
pearson_r,0.30143828252529903,0.30038622483620764
error_per_sample_ms,30.288372093023256,26.37455962183679
absolute_error_per_sample_ms,31.579180509413067,24.81447637257657
absolute_relative_error_per_sample_percent,35.91878839170915,25.524476829325106
