metrics,mean,std
pep_reference_ms,91.81678678514223,20.888297889774446
pep_estimated_ms,116.68782678849755,20.598743926392583
error_ms,-25.053436446568757,11.254134731006927
absolute_error_ms,27.091156429501954,9.912528611332847
absolute_relative_error_percent,35.29833968483245,17.621875802057545
pearson_r,0.21181216160759553,0.3011781596649712
error_per_sample_ms,-24.82957600827301,21.90795622939496
absolute_error_per_sample_ms,27.188624612202688,18.900928088229296
absolute_relative_error_per_sample_percent,36.21168800150709,32.83236692667432
