metrics,mean,std
pep_reference_ms,91.81678678514223,20.888297889774446
pep_estimated_ms,74.28096857342543,23.853713790177835
error_ms,17.376233760526873,14.76216417612806
absolute_error_ms,23.66188642982402,12.359779154893676
absolute_relative_error_percent,26.354511498999948,13.643601196152485
error_per_sample_ms,16.19809020723283,28.568828264468596
absolute_error_per_sample_ms,23.022145469321416,23.420864474987923
absolute_relative_error_per_sample_percent,26.204378612705312,25.287795395221274
