metrics,mean,std
pep_reference_ms,91.81678678514223,20.888297889774446
pep_estimated_ms,45.34460425180249,22.107828167989386
error_ms,46.49848812962259,14.30698110615493
absolute_error_ms,47.62680339424417,13.496651154467008
absolute_relative_error_percent,52.55069854426737,16.821101389297116
error_per_sample_ms,46.652349564108015,25.22114223496349
absolute_error_per_sample_ms,48.03146927493089,22.48389856718257
absolute_relative_error_per_sample_percent,54.12954551193552,23.711514230424857
