metrics,mean,std
pep_reference_ms,91.81678678514223,20.888297889774446
pep_estimated_ms,114.29928946687534,20.48507884386221
error_ms,-22.544784649145253,10.548955954437115
absolute_error_ms,25.74033042697537,9.499109904887524
absolute_relative_error_percent,33.19559048767477,16.393162992685717
error_per_sample_ms,-21.81434941224159,22.61063393485188
absolute_error_per_sample_ms,25.68139440616133,18.098966505588837
absolute_relative_error_per_sample_percent,34.086501788660634,31.074471387697628
