metrics,mean,std
pep_reference_ms,91.81678678514223,20.888297889774446
pep_estimated_ms,69.00110990250222,23.11191513170038
error_ms,22.45304663963534,14.638914887472794
absolute_error_ms,25.78922287632558,13.215678642775579
absolute_relative_error_percent,28.486966086758766,14.662414051132597
error_per_sample_ms,21.342038753159226,28.454128565223165
absolute_error_per_sample_ms,24.871946082561077,25.426489113005175
absolute_relative_error_per_sample_percent,28.032583694284803,26.466642425548475
