metrics,mean,std
pep_reference_ms,91.81678678514223,20.888297889774446
pep_estimated_ms,84.42640607487981,24.396098240000228
error_ms,7.226961197245884,15.105175538630816
absolute_error_ms,20.196105655247848,10.468146992149471
absolute_relative_error_percent,23.011181303465666,11.84929058665936
error_per_sample_ms,5.87977369165488,29.016558929842375
absolute_error_per_sample_ms,20.296827641947868,21.553914226125162
absolute_relative_error_per_sample_percent,23.740323572183485,24.342425352085694
