metrics,mean,std
pep_reference_ms,91.81678678514223,20.888297889774446
pep_estimated_ms,65.24309901166036,25.5089508323035
error_ms,26.534162948348968,22.0133468484171
absolute_error_ms,30.801079013524205,19.24541690809193
absolute_relative_error_percent,33.73993757210992,20.16574170224473
error_per_sample_ms,21.75574392148115,33.04077723027757
absolute_error_per_sample_ms,27.291322774927504,28.638942975476677
absolute_relative_error_per_sample_percent,30.543707683410716,30.299011146483146
