metrics,mean,std
pep_reference_ms,91.81678678514223,20.888297889774446
pep_estimated_ms,105.98205993233454,19.578558462924544
error_ms,-14.389702383356228,14.396270091498925
absolute_error_ms,25.659059848114715,7.292689530689439
absolute_relative_error_percent,32.459197832619346,13.822578441409242
pearson_r,0.10125649775148982,0.3122922208799429
error_per_sample_ms,-14.082649712879409,27.675310738639453
absolute_error_per_sample_ms,26.880434782608695,15.54625592590816
absolute_relative_error_per_sample_percent,34.72017616846729,25.515039057153235
