metrics,mean,std
pep_reference_ms,91.81678678514223,20.888297889774446
pep_estimated_ms,120.09320968414967,24.164875282168776
error_ms,-28.485187088523524,14.360651463354468
absolute_error_ms,30.232744208432887,13.060833387080617
absolute_relative_error_percent,38.6580885718614,21.473930205205797
pearson_r,0.17831907855689938,0.3130863462554042
error_per_sample_ms,-27.76947569518149,24.38056045293779
absolute_error_per_sample_ms,29.528762470812993,22.217283707216776
absolute_relative_error_per_sample_percent,38.88927493242741,37.77462350652854
