metrics,mean,std
pep_reference_ms,91.81678678514223,20.888297889774446
pep_estimated_ms,114.12671893532192,10.834165470824319
error_ms,-22.411490140299556,12.944203990425194
absolute_error_ms,24.870005895090088,10.638116090598562
absolute_relative_error_percent,34.65664264728313,21.77595025698591
error_per_sample_ms,-24.093762575452715,21.287985609631185
absolute_error_per_sample_ms,26.193963782696176,18.64306808733343
absolute_relative_error_per_sample_percent,37.32248128282611,37.12589491596074
