metrics,mean,std
pep_reference_ms,91.81678678514223,20.888297889774446
pep_estimated_ms,78.39654389408766,23.277106676630428
error_ms,13.325225779174303,13.30962157156136
absolute_error_ms,23.270640725759993,6.000720100098372
absolute_relative_error_percent,28.135054416009396,10.940120930069156
error_per_sample_ms,12.511712439418417,24.815682905557278
absolute_error_per_sample_ms,23.720516962843295,14.480957884454256
absolute_relative_error_per_sample_percent,29.652171756089704,23.006767502667635
