metrics,mean,std
pep_reference_ms,91.81678678514223,20.888297889774446
pep_estimated_ms,86.67173569358805,20.41655228236411
error_ms,6.141889636919706,11.589215805934677
absolute_error_ms,17.401105052745084,7.66325549475116
absolute_relative_error_percent,21.306544645482415,12.599590745116496
pearson_r,0.39049633355688973,0.3047703752265411
error_per_sample_ms,4.943342776203966,23.84910830873494
absolute_error_per_sample_ms,17.155153628241447,17.28922522602606
absolute_relative_error_per_sample_percent,21.258466510236506,27.40135306589214
