metrics,mean,std
pep_reference_ms,91.81678678514223,20.888297889774446
pep_estimated_ms,64.96940181256622,25.229786377849788
error_ms,26.820819499841928,21.75900727063147
absolute_error_ms,31.416752496688943,18.80601446664231
absolute_relative_error_percent,34.4566361093938,19.91006597681191
error_per_sample_ms,22.4208,34.83528689524866
absolute_error_per_sample_ms,28.424457142857143,30.137015808605863
absolute_relative_error_per_sample_percent,31.84285494677346,31.790931028082902
