metrics,mean,std
pep_reference_ms,91.81678678514223,20.888297889774446
pep_estimated_ms,103.99845037510075,19.556443554293157
error_ms,-12.407551016299522,14.394986840065522
absolute_error_ms,24.480606901498575,7.313432888753081
absolute_relative_error_percent,30.873348174130683,13.301425076337077
pearson_r,0.10411059455515714,0.31380204151474456
error_per_sample_ms,-12.118178087812884,27.625343581683033
absolute_error_per_sample_ms,25.730406237176858,15.746620051421711
absolute_relative_error_per_sample_percent,33.10988073793271,24.839910808796965
