metrics,mean,std
pep_reference_ms,91.81678678514223,20.888297889774446
pep_estimated_ms,92.67173569358805,20.41655228236411
error_ms,0.1418896369197058,11.589215805934677
absolute_error_ms,14.740565547803156,8.04898336744253
absolute_relative_error_percent,18.848322984658278,13.980328319794017
error_per_sample_ms,-1.0566572237960339,23.84910830873494
absolute_error_per_sample_ms,14.870995859664415,18.67484869422556
absolute_relative_error_per_sample_percent,19.219313445436548,30.187461601045825
