metrics,mean,std
pep_reference_ms,91.81678678514223,20.888297889774446
pep_estimated_ms,118.26711191791978,7.55030475110101
error_ms,-26.542740300609974,15.66134714901267
absolute_error_ms,29.437769045052857,11.794108028995256
absolute_relative_error_percent,40.570190378629874,24.495662242760602
pearson_r,0.195591831880359,0.3027450628325984
error_per_sample_ms,-28.97118678218819,22.15253514978209
absolute_error_per_sample_ms,31.153334676606892,18.961387492957638
absolute_relative_error_per_sample_percent,43.952482693465214,39.045623532743434
