metrics,mean,std
pep_reference_ms,91.81678678514223,20.888297889774446
pep_estimated_ms,125.355360956975,19.9694701650497
error_ms,-33.647314784587394,10.699594390863606
absolute_error_ms,34.6387438819827,10.046917944590152
absolute_relative_error_percent,44.36980712397939,19.317224422573858
error_per_sample_ms,-33.64938470849304,20.573993617176153
absolute_error_per_sample_ms,34.72261448456728,18.705890729282363
absolute_relative_error_per_sample_percent,45.92384463146474,35.65634027541978
