metrics,mean,std
pep_reference_ms,91.81678678514223,20.888297889774446
pep_estimated_ms,63.03234844511764,24.572049452621584
error_ms,28.57189728396647,14.522892162894996
absolute_error_ms,31.431270709812196,14.000820481009796
absolute_relative_error_percent,35.20486572948058,16.107967704851298
error_per_sample_ms,27.449284646594062,27.81260583183191
absolute_error_per_sample_ms,30.401238522314756,24.551353670947055
absolute_relative_error_per_sample_percent,34.673111612104385,26.025565682291358
