metrics,mean,std
pep_reference_ms,91.81678678514223,20.888297889774446
pep_estimated_ms,108.96118141228791,20.19559911655443
error_ms,-17.274125383952402,14.263434653829067
absolute_error_ms,24.878175443917133,7.530930519038541
absolute_relative_error_percent,31.947778182321883,14.329831868440374
pearson_r,0.18207845774719328,0.31517124354342074
error_per_sample_ms,-17.274529637871737,24.77505705360103
absolute_error_per_sample_ms,25.986243172162656,15.392465430077293
absolute_relative_error_per_sample_percent,34.10010792449439,26.605958115956433
