metrics,mean,std
pep_reference_ms,91.81678678514223,20.888297889774446
pep_estimated_ms,97.33175057865753,10.213869178488176
error_ms,-5.614623720186987,14.814399310911126
absolute_error_ms,17.48933849685558,7.937513466535922
absolute_relative_error_percent,22.463598370188752,13.837604278458079
pearson_r,0.20464705470323552,0.2936991107532141
error_per_sample_ms,-7.244650787242632,21.65222925569539
absolute_error_per_sample_ms,17.28502220427937,14.917506633746065
absolute_relative_error_per_sample_percent,23.204946161539954,26.75914655738485
