metrics,mean,std
pep_reference_ms,91.81678678514223,20.888297889774446
pep_estimated_ms,88.67173569358805,20.41655228236411
error_ms,4.141889636919705,11.589215805934677
absolute_error_ms,16.330392356899992,7.784407499296725
absolute_relative_error_percent,20.262734193168214,13.049986840646955
error_per_sample_ms,2.943342776203966,23.84910830873494
absolute_error_per_sample_ms,16.183264327740247,17.76359168407382
absolute_relative_error_per_sample_percent,20.314814546056418,28.3527532775317
