metrics,mean,std
pep_reference_ms,91.81678678514223,20.888297889774446
pep_estimated_ms,76.16412833160679,24.722128605562762
error_ms,15.42947665107391,15.799461136884233
absolute_error_ms,22.424934057162506,12.893725043612989
absolute_relative_error_percent,25.052215313185762,14.502913275174041
pearson_r,0.25648851461482536,0.30665415413301017
error_per_sample_ms,14.306969139587165,29.669984448633762
absolute_error_per_sample_ms,22.136521561414266,24.392042889112798
absolute_relative_error_per_sample_percent,25.301723567834415,26.429499785968286
