metrics,mean,std
pep_reference_ms,91.81678678514223,20.888297889774446
pep_estimated_ms,110.32274671336405,19.278508068371856
error_ms,-18.6180088326134,13.403107254212502
absolute_error_ms,25.366252076538476,7.202121323659746
absolute_relative_error_percent,32.5010287775031,14.254784566841703
error_per_sample_ms,-19.11975806451613,24.257160830451117
absolute_error_per_sample_ms,26.443951612903227,15.959085910365674
absolute_relative_error_per_sample_percent,34.70881124074878,27.986580720552304
