metrics,mean,std
pep_reference_ms,91.81678678514223,20.888297889774446
pep_estimated_ms,81.8467412657239,25.185967124203373
error_ms,9.793297556646927,16.322877610108304
absolute_error_ms,21.0291971631604,11.772371663093894
absolute_relative_error_percent,23.757494158893937,13.537447117620774
pearson_r,0.2504167424176385,0.30777406754318054
error_per_sample_ms,8.889744629104175,30.295591528264836
absolute_error_per_sample_ms,21.40737738143494,23.207210501630524
absolute_relative_error_per_sample_percent,24.827538874116982,25.60827710552068
