metrics,mean,std
pep_reference_ms,91.81678678514223,20.888297889774446
pep_estimated_ms,109.85035261180091,23.129406529781388
error_ms,-18.15320997401266,10.676758188338093
absolute_error_ms,20.02399297596848,9.646317664941089
absolute_relative_error_percent,25.467516263097526,14.884124671996497
error_per_sample_ms,-17.312409062564956,20.365611894159283
absolute_error_per_sample_ms,19.611723134483476,18.16199248621884
absolute_relative_error_per_sample_percent,25.685452799056353,28.441808779269696
