metrics,mean,std
pep_reference_ms,91.81678678514223,20.888297889774446
pep_estimated_ms,60.771061337587476,21.145935178930213
error_ms,30.949751981682045,14.145256021251113
absolute_error_ms,34.45697120351604,11.291408548572099
absolute_relative_error_percent,38.208809094372405,12.085621858784611
pearson_r,0.08678139850543194,0.32651599857020813
error_per_sample_ms,31.107926829268294,25.10776647106187
absolute_error_per_sample_ms,34.885569105691054,19.521785700917423
absolute_relative_error_per_sample_percent,39.91750677449912,20.711619241797234
