metrics,mean,std
pep_reference_ms,91.81678678514223,20.888297889774446
pep_estimated_ms,78.03858585183889,24.102129362442593
error_ms,13.501027460712692,15.638764084003954
absolute_error_ms,22.19890035077274,11.958622799513867
absolute_relative_error_percent,24.824375990419387,13.722793540517602
error_per_sample_ms,12.867571457947768,29.99658872928001
absolute_error_per_sample_ms,22.517170470902734,23.629362340174314
absolute_relative_error_per_sample_percent,25.843706410801182,24.744518945208597
