metrics,mean,std
pep_reference_ms,91.81678678514223,20.888297889774446
pep_estimated_ms,107.87105505403385,19.673164291596276
error_ms,-16.273189937366958,14.353553069027864
absolute_error_ms,26.93991146800221,7.350301995300323
absolute_relative_error_percent,34.14852249348285,14.428250211007214
error_per_sample_ms,-15.96743138058173,27.855467013162908
absolute_error_per_sample_ms,28.123924621056943,15.489698877773602
absolute_relative_error_per_sample_percent,36.43169465270656,26.30240399974434
