metrics,mean,std
pep_reference_ms,91.81678678514223,20.888297889774446
pep_estimated_ms,94.88590788112867,24.410774588213563
error_ms,-3.182116534025035,15.33949119236402
absolute_error_ms,17.783435714870407,9.70452031553985
absolute_relative_error_percent,23.436046569499528,17.20845008793741
error_per_sample_ms,-3.864033264033264,26.876351497245004
absolute_error_per_sample_ms,18.73056133056133,19.657952464870725
absolute_relative_error_per_sample_percent,25.465270516850296,33.72926357695004
