metrics,mean,std
pep_reference_ms,91.81678678514223,20.888297889774446
pep_estimated_ms,95.39287202662364,21.388677066127798
error_ms,-3.6788599291192607,13.82001196466932
absolute_error_ms,17.279963206494987,8.039483794575215
absolute_relative_error_percent,20.981383789285804,10.776027494518177
error_per_sample_ms,-3.477584814216478,24.676695886067655
absolute_error_per_sample_ms,17.919830371567045,17.31798473979589
absolute_relative_error_per_sample_percent,22.32305634212282,23.20518389918002
