metrics,mean,std
pep_reference_ms,91.81678678514223,20.888297889774446
pep_estimated_ms,119.6905607342078,24.029552244643277
error_ms,-28.07696899635799,14.365755272954136
absolute_error_ms,30.018315310012902,12.997925141467071
absolute_relative_error_percent,38.29656889490057,21.30628891269314
error_per_sample_ms,-27.093769934084627,24.744630869112235
absolute_error_per_sample_ms,29.26642568573251,22.13245250014614
absolute_relative_error_per_sample_percent,38.43646216968502,37.49918819598078
