metrics,mean,std
pep_reference_ms,91.81678678514223,20.888297889774446
pep_estimated_ms,120.64073175656745,23.2434419297255
error_ms,-28.928249079885365,13.846180677032363
absolute_error_ms,30.055541404224176,12.915459971165077
absolute_relative_error_percent,38.4268263620644,21.396101211386842
error_per_sample_ms,-27.97210657785179,23.2544045691437
absolute_error_per_sample_ms,29.142797668609493,21.76932296408414
absolute_relative_error_per_sample_percent,38.57499123349036,37.49769790342916
