metrics,mean,std
pep_reference_ms,91.81678678514223,20.888297889774446
pep_estimated_ms,119.08963669763988,20.619517267632986
error_ms,-27.464079861646823,11.005018841736844
absolute_error_ms,28.988998557806408,10.028911862730304
absolute_relative_error_percent,37.610481616027506,18.011069883512558
pearson_r,0.21956685652689265,0.289538253165621
error_per_sample_ms,-27.53139198678232,21.365796476382986
absolute_error_per_sample_ms,29.176166873192894,19.058491293585192
absolute_relative_error_per_sample_percent,38.8026697624357,33.8104807186801
