metrics,mean,std
pep_reference_ms,91.81678678514223,20.888297889774446
pep_estimated_ms,74.72898506430434,24.001256686073983
error_ms,16.930530970159325,14.886959459185995
absolute_error_ms,23.51560397254944,12.537337872784082
absolute_relative_error_percent,26.180716534930465,13.668351983288176
error_per_sample_ms,15.559325477448192,28.723701563051623
absolute_error_per_sample_ms,22.79987809833401,23.394640401116106
absolute_relative_error_per_sample_percent,25.96047334478216,25.29469287883208
