metrics,mean,std
pep_reference_ms,91.81678678514223,20.888297889774446
pep_estimated_ms,75.97151770973882,24.802394399392842
error_ms,15.672635052337055,15.38865258327019
absolute_error_ms,22.985963263335584,12.774991790121316
absolute_relative_error_percent,25.506507886890496,14.188645492859612
error_per_sample_ms,15.426489498499786,29.040327303982245
absolute_error_per_sample_ms,22.35619374196314,24.114679959343228
absolute_relative_error_per_sample_percent,25.534063918571366,25.99899895507892
