metrics,mean,std
pep_reference_ms,91.81678678514223,20.888297889774446
pep_estimated_ms,119.86435236616586,19.67853960530498
error_ms,-28.16127734708475,10.56143682063485
absolute_error_ms,29.149924511643718,9.928722425059126
absolute_relative_error_percent,37.897799383359,18.054514765911517
error_per_sample_ms,-28.288019362646228,20.285540867416135
absolute_error_per_sample_ms,29.310205728116177,18.778366487012725
absolute_relative_error_per_sample_percent,39.31521569741021,34.17370287566233
