metrics,mean,std
pep_reference_ms,91.81678678514223,20.888297889774446
pep_estimated_ms,95.73017879573068,21.65717563327749
error_ms,-4.023655704988354,13.527397249280673
absolute_error_ms,15.361473676670952,9.483375746498899
absolute_relative_error_percent,20.69528261170373,17.761968866417856
error_per_sample_ms,-5.694450050454087,24.65342167484627
absolute_error_per_sample_ms,16.130373360242178,19.494332943552244
absolute_relative_error_per_sample_percent,22.413498891916774,33.965338699124075
