metrics,mean,std
pep_reference_ms,91.81678678514223,20.888297889774446
pep_estimated_ms,121.36501305169269,19.952174755596563
error_ms,-29.653830267283215,10.694403342523339
absolute_error_ms,30.780766201477004,9.998075472929454
absolute_relative_error_percent,39.77036445824821,18.483942012638476
error_per_sample_ms,-29.663034705407586,20.55361337065583
absolute_error_per_sample_ms,30.880145278450364,18.675204901323468
absolute_relative_error_per_sample_percent,41.17527367278691,34.43810493404408
