metrics,mean,std
pep_reference_ms,91.81678678514223,20.888297889774446
pep_estimated_ms,117.42586128224546,23.627477689979226
error_ms,-25.647955570833524,13.544887412190988
absolute_error_ms,28.599908469412384,12.332141396221898
absolute_relative_error_percent,36.12271993912017,19.99621550261069
error_per_sample_ms,-24.071742313323572,24.92518146514051
absolute_error_per_sample_ms,27.496967161681656,21.086257277635426
absolute_relative_error_per_sample_percent,35.883153576646585,35.29563414108044
