metrics,mean,std
pep_reference_ms,91.81678678514223,20.888297889774446
pep_estimated_ms,82.47958094391757,24.341168630274613
error_ms,9.16735863314332,15.061601571452321
absolute_error_ms,20.40327066250094,11.016058322232524
absolute_relative_error_percent,23.135955724861713,12.278284509873869
error_per_sample_ms,7.812904530744337,28.949417220754317
absolute_error_per_sample_ms,20.357807443365697,22.01521997906628
absolute_relative_error_per_sample_percent,23.668736658159197,24.554608281231612
