metrics,mean,std
pep_reference_ms,91.81678678514223,20.888297889774446
pep_estimated_ms,114.86084473862317,10.841751166581854
error_ms,-23.103716988897006,12.857541105704776
absolute_error_ms,25.421622303555203,10.781752230785951
absolute_relative_error_percent,35.367245205144066,21.832415611395025
error_per_sample_ms,-24.61926790024135,19.79832079907755
absolute_error_per_sample_ms,26.59875301689461,17.0466476573349
absolute_relative_error_per_sample_percent,37.95469629493448,35.576457379110614
