metrics,mean,std
pep_reference_ms,91.81678678514223,20.888297889774446
pep_estimated_ms,70.76341172425593,22.814912983939273
error_ms,20.758034789833584,14.168531340597152
absolute_error_ms,24.98702130652348,12.76622790011376
absolute_relative_error_percent,27.63007880872084,13.920156671785511
error_per_sample_ms,19.74606135986733,27.769991996137687
absolute_error_per_sample_ms,24.12292703150912,24.065821949929077
absolute_relative_error_per_sample_percent,27.314271103467192,24.87122189954657
