metrics,mean,std
pep_reference_ms,91.81678678514223,20.888297889774446
pep_estimated_ms,73.30926817572184,27.90967051807297
error_ms,18.42094200917345,23.818525082669794
absolute_error_ms,28.551293346438616,18.067891677653567
absolute_relative_error_percent,31.92669566423991,19.673998844591594
error_per_sample_ms,14.380710659898478,35.89249647277664
absolute_error_per_sample_ms,26.969966159052454,27.70734681472673
absolute_relative_error_per_sample_percent,31.063281959307133,30.49185449058559
