metrics,mean,std
pep_reference_ms,91.81678678514223,20.888297889774446
pep_estimated_ms,117.41325089372214,19.88662025966591
error_ms,-25.703066198378814,10.693909286094133
absolute_error_ms,26.98604761504102,9.904570145170899
absolute_relative_error_percent,35.23404278127805,17.63002127536437
error_per_sample_ms,-25.70024222850222,20.47373860555915
absolute_error_per_sample_ms,27.106378683891805,18.572039676295766
absolute_relative_error_per_sample_percent,36.49679332977955,33.1837706896604
