metrics,mean,std
pep_reference_ms,91.81678678514223,20.888297889774446
pep_estimated_ms,113.09187465448956,18.57071936008214
error_ms,-21.547260772442737,13.684801499294618
absolute_error_ms,29.181542843911107,7.315050576849562
absolute_relative_error_percent,37.19187247123265,15.543914818354436
error_per_sample_ms,-21.84221703121682,25.69611756886664
absolute_error_per_sample_ms,30.171373964748355,15.068546579915994
absolute_relative_error_per_sample_percent,39.34469341519215,28.552535019796025
