metrics,mean,std
pep_reference_ms,91.81678678514223,20.888297889774446
pep_estimated_ms,96.07245225662031,9.724341446623942
error_ms,-4.3553253981497555,14.920700699627098
absolute_error_ms,17.127269437769403,8.010746995346754
absolute_relative_error_percent,21.869066208062403,13.646282649818707
error_per_sample_ms,-5.688534517561567,20.8619199265049
absolute_error_per_sample_ms,16.75918449737586,13.664145160247354
absolute_relative_error_per_sample_percent,22.38209867642253,25.149845263535983
