metrics,mean,std
pep_reference_ms,91.81678678514223,20.888297889774446
pep_estimated_ms,74.72448125581911,24.664492665016468
error_ms,16.842349721141257,15.624118386098694
absolute_error_ms,23.03474524952754,13.059435301886706
absolute_relative_error_percent,25.713453184035384,14.62444375362208
pearson_r,0.25220066019554094,0.30858491725287307
error_per_sample_ms,15.419950738916256,29.433320528011016
absolute_error_per_sample_ms,22.45607553366174,24.491221074534305
absolute_relative_error_per_sample_percent,25.619161382116737,26.63532921483174
