metrics,mean,std
pep_reference_ms,91.81678678514223,20.888297889774446
pep_estimated_ms,68.81639415739869,26.7941200944285
error_ms,22.977044758606976,23.185595847505173
absolute_error_ms,30.92937597400045,18.612360847761583
absolute_relative_error_percent,34.19521152497276,20.032175214608472
error_per_sample_ms,19.158976601793135,36.711371277967665
absolute_error_per_sample_ms,29.201836868576425,29.36058393557403
absolute_relative_error_per_sample_percent,33.20562938782032,31.369797062770616
