metrics,mean,std
pep_reference_ms,91.81678678514223,20.888297889774446
pep_estimated_ms,121.86484564239984,10.915998207846336
error_ms,-30.12805909976312,12.669959459454285
absolute_error_ms,31.42626317210525,12.251193902090634
absolute_relative_error_percent,43.02569838527724,24.803339511448804
pearson_r,0.21249271004118928,0.30257112496977284
error_per_sample_ms,-31.952773311897108,21.694439243207768
absolute_error_per_sample_ms,33.00703376205788,20.05403048339848
absolute_relative_error_per_sample_percent,46.25132166336481,40.74923286499467
