metrics,mean,std
pep_reference_ms,91.81678678514223,20.888297889774446
pep_estimated_ms,64.68664479981742,21.25083204687154
error_ms,27.02998697263521,14.194309636869423
absolute_error_ms,31.581893279964703,10.494054486438408
absolute_relative_error_percent,35.283060642221805,10.984920771896352
pearson_r,0.08639660309992157,0.3257962403397209
error_per_sample_ms,27.268677870014173,25.244688216488207
absolute_error_per_sample_ms,32.06600526422353,18.778881285132233
absolute_relative_error_per_sample_percent,36.98091906678545,20.43676794780696
