metrics,mean,std
pep_reference_ms,91.81678678514223,20.888297889774446
pep_estimated_ms,74.51934948915007,22.922478557194466
error_ms,16.99829355212334,14.237377441370883
absolute_error_ms,22.869323757650125,12.128913026793422
absolute_relative_error_percent,25.411902271606802,13.244755709546585
error_per_sample_ms,16.046420466267794,28.106470900806
absolute_error_per_sample_ms,22.33567154941201,23.42176536290332
absolute_relative_error_per_sample_percent,25.433679552202864,24.190331003632203
