metrics,mean,std
pep_reference_ms,91.81678678514223,20.888297889774446
pep_estimated_ms,80.27269450944496,23.198331714598385
error_ms,11.245728984572919,14.446133626751493
absolute_error_ms,21.11140973207027,10.814083601949344
absolute_relative_error_percent,23.72400553605489,12.133732445561826
error_per_sample_ms,10.354752617532334,28.410997244330325
absolute_error_per_sample_ms,21.06056251283104,21.699271251145138
absolute_relative_error_per_sample_percent,24.308749927466263,22.735926541094532
