metrics,mean,std
pep_reference_ms,91.81678678514223,20.888297889774446
pep_estimated_ms,116.04068454965338,10.821798001363058
error_ms,-24.28355679992719,12.884518926494485
absolute_error_ms,26.45954839131542,11.193466264231974
absolute_relative_error_percent,36.68104865616229,22.582234550184978
error_per_sample_ms,-26.02795655671762,21.53625688991385
absolute_error_per_sample_ms,27.829646017699115,19.151388614831735
absolute_relative_error_per_sample_percent,39.48421276324398,38.086222913584116
