metrics,mean,std
pep_reference_ms,91.81678678514223,20.888297889774446
pep_estimated_ms,106.82404237167937,22.74391442949659
error_ms,-15.224437419582591,16.472715972773468
absolute_error_ms,26.7903970142177,9.388302294356016
absolute_relative_error_percent,33.46854531217007,16.135748534118505
error_per_sample_ms,-14.149597968683876,29.727786132723836
absolute_error_per_sample_ms,27.361616589081677,18.311043898708842
absolute_relative_error_per_sample_percent,35.015927980393556,29.021748020775405
