metrics,mean,std
pep_reference_ms,91.81678678514223,20.888297889774446
pep_estimated_ms,72.60085269988235,22.851067160853272
error_ms,18.914522064034724,14.196695951456768
absolute_error_ms,23.880180040072723,12.46992813480935
absolute_relative_error_percent,26.459170642406153,13.610815095433617
error_per_sample_ms,17.94398511781728,28.01720157544016
absolute_error_per_sample_ms,23.184167011161637,23.86303807200264
absolute_relative_error_per_sample_percent,26.297370632720085,24.599214458219578
