metrics,mean,std
pep_reference_ms,91.81678678514223,20.888297889774446
pep_estimated_ms,108.94282557041254,7.096081732362517
error_ms,-17.218453953102745,15.826456375471825
absolute_error_ms,23.140511889440035,10.051621909336411
absolute_relative_error_percent,31.996878928486634,20.733317552343745
error_per_sample_ms,-19.307676808382027,21.456069563622325
absolute_error_per_sample_ms,24.16401370139029,15.787645381593622
absolute_relative_error_per_sample_percent,34.40248028389493,33.609962712759334
