metrics,mean,std
pep_reference_ms,91.81678678514223,20.888297889774446
pep_estimated_ms,99.93591187230687,13.450449109941655
error_ms,-8.206913524679418,12.275556932013346
absolute_error_ms,16.440642997531477,7.537240016253631
absolute_relative_error_percent,22.0350590681315,14.490519755831018
error_per_sample_ms,-8.974018126888218,19.552535415023907
absolute_error_per_sample_ms,16.406445115810676,13.916292651398768
absolute_relative_error_per_sample_percent,22.794136802275066,26.725002457114904
