metrics,mean,std
pep_reference_ms,91.81678678514223,20.888297889774446
pep_estimated_ms,106.52796274008746,20.270794042444553
error_ms,-14.827972116877614,7.962364607553274
absolute_error_ms,17.177055670621176,6.636410111994624
absolute_relative_error_percent,22.372508478273083,11.196507330449714
pearson_r,0.41890651435902587,0.27099633031261244
error_per_sample_ms,-14.882566585956416,17.6672890407282
absolute_error_per_sample_ms,17.612994350282484,14.946782939849534
absolute_relative_error_per_sample_percent,23.516087533958956,23.862237478943037
