metrics,mean,std
pep_reference_ms,91.81678678514223,20.888297889774446
pep_estimated_ms,102.48348083620596,20.244462853691626
error_ms,-10.779323643686972,8.071221321100738
absolute_error_ms,15.222354531245191,6.546921082138521
absolute_relative_error_percent,19.504336185965524,10.43109461360018
error_per_sample_ms,-10.363709840371792,18.854588798186626
absolute_error_per_sample_ms,15.642756112345928,14.771803600569097
absolute_relative_error_per_sample_percent,20.48132106544236,20.99041394074769
