metrics,mean,std
pep_reference_ms,91.81678678514223,20.888297889774446
pep_estimated_ms,109.09187465448954,18.570719360082137
error_ms,-17.547260772442737,13.684801499294618
absolute_error_ms,26.565615791746865,6.99683521138368
absolute_relative_error_percent,33.76090194315436,14.30117859936693
error_per_sample_ms,-17.84221703121682,25.69611756886664
absolute_error_per_sample_ms,27.608197069441495,14.711309298527478
absolute_relative_error_per_sample_percent,35.84802559179771,26.659134769714445
