metrics,mean,std
pep_reference_ms,91.81678678514223,20.888297889774446
pep_estimated_ms,59.35807583549282,21.118171610647654
error_ms,32.36681781875079,14.228165203872676
absolute_error_ms,35.44120148613479,11.770625547922801
absolute_relative_error_percent,39.14590236281263,12.677478853214048
error_per_sample_ms,32.31307176255336,25.022388306178197
absolute_error_per_sample_ms,35.68489530392356,19.920912891358682
absolute_relative_error_per_sample_percent,40.69389280285819,20.927254067310464
