metrics,mean,std
pep_reference_ms,91.81678678514223,20.888297889774446
pep_estimated_ms,82.02693600845407,24.202051420391662
error_ms,9.615794166897425,14.944833586792594
absolute_error_ms,20.418467115353373,10.804999867037814
absolute_relative_error_percent,23.156947894709365,12.21587512047882
error_per_sample_ms,8.461880687563195,28.801313953390828
absolute_error_per_sample_ms,20.425075834175935,21.998531482362612
absolute_relative_error_per_sample_percent,23.72570155969269,24.464254618749937
