metrics,mean,std
pep_reference_ms,91.81678678514223,20.888297889774446
pep_estimated_ms,115.41325089372214,19.88662025966591
error_ms,-23.703066198378814,10.693909286094133
absolute_error_ms,25.1624778100984,9.818512448455756
absolute_relative_error_percent,33.04414554220371,17.19477313594028
error_per_sample_ms,-23.70024222850222,20.47373860555915
absolute_error_per_sample_ms,25.290472345579328,18.47342585217827
absolute_relative_error_per_sample_percent,34.23630455633733,32.529490320750035
