metrics,mean,std
pep_reference_ms,91.81678678514223,20.888297889774446
pep_estimated_ms,114.71697940780805,20.57424162787754
error_ms,-23.085898925610188,11.243858627540085
absolute_error_ms,25.284749380100056,9.82279492976795
absolute_relative_error_percent,33.12637899014056,17.16065949708496
error_per_sample_ms,-22.875853507138423,21.791601372061542
absolute_error_per_sample_ms,25.392716739085454,18.79863028647215
absolute_relative_error_per_sample_percent,33.993578160479906,32.20668749832669
