metrics,mean,std
pep_reference_ms,91.81678678514223,20.888297889774446
pep_estimated_ms,78.27100218375826,26.327727887870626
error_ms,13.4274265096836,16.45147655115625
absolute_error_ms,22.11722867129115,13.21970648338691
absolute_relative_error_percent,24.673113572406063,15.010219033167497
error_per_sample_ms,12.85498617903466,30.431747234694722
absolute_error_per_sample_ms,21.724643844354667,24.88738152669844
absolute_relative_error_per_sample_percent,24.81297230764642,27.797854212283713
