metrics,mean,std
pep_reference_ms,91.81678678514223,20.888297889774446
pep_estimated_ms,115.86435236616586,19.67853960530498
error_ms,-24.16127734708475,10.56143682063485
absolute_error_ms,25.420576306601777,9.812326700306091
absolute_relative_error_percent,33.43041321666689,17.215926635219137
error_per_sample_ms,-24.288019362646228,20.285540867416135
absolute_error_per_sample_ms,25.597418313836226,18.60599979873078
absolute_relative_error_per_sample_percent,34.701111804370065,32.86182085558713
