metrics,mean,std
pep_reference_ms,91.81678678514223,20.888297889774446
pep_estimated_ms,116.16903760876245,20.709862492739354
error_ms,-24.425826474631585,10.692475670824493
absolute_error_ms,27.590163727334488,9.52439269146846
absolute_relative_error_percent,35.42431073386092,16.8158512177797
error_per_sample_ms,-23.707085020242914,22.817943220159826
absolute_error_per_sample_ms,27.490080971659918,18.082584470341853
absolute_relative_error_per_sample_percent,36.340746828374705,31.622603216168738
