metrics,mean,std
pep_reference_ms,91.81678678514223,20.888297889774446
pep_estimated_ms,104.52796274008746,20.270794042444553
error_ms,-12.827972116877614,7.962364607553274
absolute_error_ms,15.599778695053018,6.501221344367059
absolute_relative_error_percent,20.38260808806895,10.724852628125909
error_per_sample_ms,-12.882566585956416,17.6672890407282
absolute_error_per_sample_ms,16.023002421307506,14.878071692830478
absolute_relative_error_per_sample_percent,21.444097721997437,23.2322945260785
