metrics,mean,std
pep_reference_ms,91.81678678514223,20.888297889774446
pep_estimated_ms,67.33589965105716,26.141764339511287
error_ms,24.43389614134959,22.388408121541573
absolute_error_ms,29.75580976624511,19.10582514484741
absolute_relative_error_percent,32.757838106470174,20.184922198633533
error_per_sample_ms,19.495802032699956,33.62172081446077
absolute_error_per_sample_ms,26.483429076447194,28.44528769017053
absolute_relative_error_per_sample_percent,29.873746601318004,30.455886871975594
