metrics,mean,std
pep_reference_ms,91.81678678514223,20.888297889774446
pep_estimated_ms,72.47193593869082,24.29999855332338
error_ms,19.100825133780344,15.375100491926435
absolute_error_ms,24.330364413975154,13.276469616783373
absolute_relative_error_percent,27.013940877176488,14.841108139889483
error_per_sample_ms,17.826982492276006,29.21468764703471
absolute_error_per_sample_ms,23.597116374871266,24.788613875820314
absolute_relative_error_per_sample_percent,26.72503785834349,26.603910140057597
