metrics,mean,std
pep_reference_ms,91.81678678514223,20.888297889774446
pep_estimated_ms,103.09187465448956,18.57071936008214
error_ms,-11.547260772442739,13.684801499294618
absolute_error_ms,22.981132874249944,6.888105349163085
absolute_relative_error_percent,28.940039496246882,12.638226379536595
error_per_sample_ms,-11.84221703121682,25.69611756886664
absolute_error_per_sample_ms,24.055850499044382,14.894449271291805
absolute_relative_error_per_sample_percent,30.904778635779195,24.275919649582054
