metrics,mean,std
pep_reference_ms,91.81678678514223,20.888297889774446
pep_estimated_ms,108.26711191791975,7.550304751101011
error_ms,-16.542740300609974,15.66134714901267
absolute_error_ms,22.772668098273176,9.479981079325153
absolute_relative_error_percent,31.284532561121594,19.850995362329304
error_per_sample_ms,-18.97118678218819,22.15253514978209
absolute_error_per_sample_ms,23.885553092887367,16.736818542777527
absolute_relative_error_per_sample_percent,33.79833993947114,33.81448911557814
