metrics,mean,std
pep_reference_ms,91.81678678514223,20.888297889774446
pep_estimated_ms,97.73017879573068,21.65717563327749
error_ms,-6.023655704988354,13.527397249280673
absolute_error_ms,15.249490474998336,9.937031629760629
absolute_relative_error_percent,20.818914446212027,18.59550259875633
error_per_sample_ms,-7.694450050454087,24.65342167484627
absolute_error_per_sample_ms,16.171947527749747,20.136133566710797
absolute_relative_error_per_sample_percent,22.729232955451664,35.14589648924397
