metrics,mean,std
pep_reference_ms,91.81678678514223,20.888297889774446
pep_estimated_ms,80.0890093081362,26.329333872647045
error_ms,11.64823939049937,16.394492431856037
absolute_error_ms,21.92086378986282,12.719250683260732
absolute_relative_error_percent,24.606538047123536,14.40625552423071
error_per_sample_ms,11.062368752624948,30.2034556811998
absolute_error_per_sample_ms,21.465140697186055,23.955635503055507
absolute_relative_error_per_sample_percent,24.750903465545992,27.382989432696842
