metrics,mean,std
pep_reference_ms,91.81678678514223,20.888297889774446
pep_estimated_ms,115.21760552050803,20.282827530923697
error_ms,-23.524804058570496,14.238234273037621
absolute_error_ms,29.28757583094274,7.986383261319733
absolute_relative_error_percent,37.57882510207773,16.13730189538488
error_per_sample_ms,-23.611683848797252,24.892918212461733
absolute_error_per_sample_ms,30.29088336365474,16.113080908297093
absolute_relative_error_per_sample_percent,39.8305593776211,29.378717421419555
