metrics,mean,std
pep_reference_ms,91.81678678514223,20.888297889774446
pep_estimated_ms,120.94211916217037,21.02090635381467
error_ms,-29.227043475547664,11.449106345478603
absolute_error_ms,30.99702253414695,10.119704230292768
absolute_relative_error_percent,39.92606443308265,18.51939806498124
error_per_sample_ms,-29.466666666666665,21.519597071867594
absolute_error_per_sample_ms,31.075748194014448,19.122640423387825
absolute_relative_error_per_sample_percent,41.139791989811236,34.43293717139376
