metrics,mean,std
pep_reference_ms,91.81678678514223,20.888297889774446
pep_estimated_ms,82.2428131548704,25.361443046557607
error_ms,9.400494815892692,16.452691935702298
absolute_error_ms,20.932087716209026,11.722717280232859
absolute_relative_error_percent,23.691376300627986,13.443015047118333
error_per_sample_ms,8.296108633968382,30.36873240424513
absolute_error_per_sample_ms,21.28556951763275,23.19503948298588
absolute_relative_error_per_sample_percent,24.75261048114927,25.87619763740137
