metrics,mean,std
pep_reference_ms,91.81678678514223,20.888297889774446
pep_estimated_ms,108.19872292212257,7.552154688110573
error_ms,-16.47435130481277,15.633089288294979
absolute_error_ms,22.71295138784842,9.457114050567757
absolute_relative_error_percent,31.20152172813208,19.81264981045633
pearson_r,0.20244363728787573,0.2991908414113391
error_per_sample_ms,-18.860971186782187,22.04386332199858
absolute_error_per_sample_ms,23.795486600846264,16.596474375496886
absolute_relative_error_per_sample_percent,33.67336137545373,33.64882213274602
