metrics,mean,std
pep_reference_ms,91.81678678514223,20.888297889774446
pep_estimated_ms,110.29429586767549,23.464243640221223
error_ms,-18.5890642462156,16.433961678518394
absolute_error_ms,26.357763747326718,9.852256780539141
absolute_relative_error_percent,33.30228865897864,16.858540804266752
error_per_sample_ms,-17.83819849874896,27.078625680252653
absolute_error_per_sample_ms,26.76230191826522,18.30935527121668
absolute_relative_error_per_sample_percent,34.681986508193354,30.0710338341665
