metrics,mean,std
pep_reference_ms,91.81678678514223,20.888297889774446
pep_estimated_ms,112.32274671336405,19.278508068371856
error_ms,-20.6180088326134,13.403107254212502
absolute_error_ms,26.761484535176145,7.3670809074603225
absolute_relative_error_percent,34.300840957491076,14.864199149233787
pearson_r,0.18235207038668463,0.312318365065069
error_per_sample_ms,-21.11975806451613,24.257160830451117
absolute_error_per_sample_ms,27.81814516129032,16.14325964740209
absolute_relative_error_per_sample_percent,36.54968947099393,28.848216032180783
