metrics,mean,std
pep_reference_ms,91.81678678514223,20.888297889774446
pep_estimated_ms,42.939116701489716,21.02886729688886
error_ms,49.00625388355603,13.473688225597147
absolute_error_ms,50.10070137409084,12.759793044273707
absolute_relative_error_percent,55.08903361554716,15.637733979323633
pearson_r,0.0466560825322856,0.324058320755994
error_per_sample_ms,49.33163265306123,26.28239417149646
absolute_error_per_sample_ms,50.69631765749778,23.542676134470383
absolute_relative_error_per_sample_percent,56.39686025028471,24.07308556002157
