metrics,mean,std
pep_reference_ms,91.81678678514223,20.888297889774446
pep_estimated_ms,114.32274671336405,19.278508068371856
error_ms,-22.6180088326134,13.403107254212502
absolute_error_ms,28.194356366748433,7.581718905721971
absolute_relative_error_percent,36.13477791412582,15.49772389216173
error_per_sample_ms,-23.11975806451613,24.257160830451117
absolute_error_per_sample_ms,29.225403225806453,16.395391755159373
absolute_relative_error_per_sample_percent,38.42338486478738,29.751834399446427
