metrics,mean,std
pep_reference_ms,91.81678678514223,20.888297889774446
pep_estimated_ms,108.74826775358221,20.29464019720438
error_ms,-17.04703263892164,8.000773193841018
absolute_error_ms,19.013107241434852,6.803232390222453
absolute_relative_error_percent,24.66404919867421,11.698078381681627
error_per_sample_ms,-17.196086342545893,17.73567724509416
absolute_error_per_sample_ms,19.524914262658868,15.133980173049865
absolute_relative_error_per_sample_percent,25.984108601463227,24.718134785033477
