metrics,mean,std
pep_reference_ms,91.81678678514223,20.888297889774446
pep_estimated_ms,101.12661865381949,13.476927261163816
error_ms,-9.397620306192033,12.395329443207528
absolute_error_ms,17.242454921735565,8.095203906093765
absolute_relative_error_percent,23.163874129654925,15.509952833692177
error_per_sample_ms,-10.384692849949648,21.329899191698374
absolute_error_per_sample_ms,17.354682779456194,16.17471578545527
absolute_relative_error_per_sample_percent,24.089295770767972,29.710086057505972
