metrics,mean,std
pep_reference_ms,91.81678678514223,20.888297889774446
pep_estimated_ms,106.47398538994001,20.253047995443577
error_ms,-14.76887555625528,8.077636455608559
absolute_error_ms,18.408935824544702,6.72005304361867
absolute_relative_error_percent,23.50161887059831,11.338967765212342
error_per_sample_ms,-14.343636363636364,18.905498502963333
absolute_error_per_sample_ms,18.827676767676767,14.445634818506992
absolute_relative_error_per_sample_percent,24.614213905688622,21.87134341782803
