metrics,mean,std
pep_reference_ms,91.81678678514223,20.888297889774446
pep_estimated_ms,119.71854780191993,20.450048269281393
error_ms,-27.991291042307317,10.940483487650072
absolute_error_ms,31.66005385881445,9.872506928500767
absolute_relative_error_percent,40.32235721442332,18.331902290904697
error_per_sample_ms,-27.383185649448887,23.7581085624374
absolute_error_per_sample_ms,31.37410849362438,18.164578029974553
absolute_relative_error_per_sample_percent,40.7048495117387,32.45950940548573
