metrics,mean,std
pep_reference_ms,91.81678678514223,20.888297889774446
pep_estimated_ms,76.18906027430988,23.96483278234768
error_ms,15.454365028143123,14.80818263033546
absolute_error_ms,22.596759980322588,12.035402863861627
absolute_relative_error_percent,25.268700854201914,13.317049877477643
error_per_sample_ms,14.30622591766376,28.676552727025786
absolute_error_per_sample_ms,22.12086797809775,23.187927380615314
absolute_relative_error_per_sample_percent,25.28105720511672,25.150667299777208
