metrics,mean,std
pep_reference_ms,91.81678678514223,20.888297889774446
pep_estimated_ms,106.96118141228791,20.19559911655443
error_ms,-15.274125383952402,14.263434653829067
absolute_error_ms,23.59745705951499,7.4784041647807635
absolute_relative_error_percent,30.260070985945628,13.787224993299013
error_per_sample_ms,-15.274529637871737,24.77505705360103
absolute_error_per_sample_ms,24.738822577382155,15.333145963963652
absolute_relative_error_per_sample_percent,32.39200025611011,25.80469199214779
