metrics,mean,std
pep_reference_ms,91.81678678514223,20.888297889774446
pep_estimated_ms,105.09187465448956,18.57071936008214
error_ms,-13.547260772442737,13.684801499294618
absolute_error_ms,24.11701714991238,6.88447776979845
absolute_relative_error_percent,30.49028939396239,13.166753543123006
pearson_r,0.13141090464394442,0.30147193541670575
error_per_sample_ms,-13.84221703121682,25.69611756886664
absolute_error_per_sample_ms,25.190698662136334,14.741985326466958
absolute_relative_error_per_sample_percent,32.502567430268144,25.003065388751022
