metrics,mean,std
pep_reference_ms,91.81678678514223,20.888297889774446
pep_estimated_ms,112.51716598352128,20.277675728780938
error_ms,-20.81528570757037,7.962029216396979
absolute_error_ms,22.44348870426987,6.960517311925742
absolute_relative_error_percent,28.836291882249558,12.522755569970046
error_per_sample_ms,-20.85898729070002,17.74332512430669
absolute_error_per_sample_ms,22.869477506556386,15.063529992586409
absolute_relative_error_per_sample_percent,30.197324830927275,25.69788800540678
