metrics,mean,std
pep_reference_ms,91.81678678514223,20.888297889774446
pep_estimated_ms,83.99266659387818,24.26142541355899
error_ms,7.660700678247485,14.988983457652376
absolute_error_ms,20.16290281775245,10.254096268469462
absolute_relative_error_percent,22.97000965987496,11.775613106261833
error_per_sample_ms,6.512830874924227,28.85041456439355
absolute_error_per_sample_ms,20.306728632046877,21.50349178173502
absolute_relative_error_per_sample_percent,23.726186303310943,24.19782144098513
