metrics,mean,std
pep_reference_ms,91.81678678514223,20.888297889774446
pep_estimated_ms,62.41984998336108,24.00465323356717
error_ms,29.486091598535005,21.2908749590974
absolute_error_ms,32.69041416000039,19.228137883303223
absolute_relative_error_percent,35.49652751486319,19.569531336323802
error_per_sample_ms,25.036576787807736,34.028766170489234
absolute_error_per_sample_ms,29.264478311840563,30.469286395868288
absolute_relative_error_per_sample_percent,32.35427288694121,31.675029631408925
