metrics,mean,std
pep_reference_ms,91.81678678514223,20.888297889774446
pep_estimated_ms,90.67173569358805,20.41655228236411
error_ms,2.1418896369197062,11.589215805934677
absolute_error_ms,15.446052431805704,7.89681821240936
absolute_relative_error_percent,19.451634611071324,13.496028082873451
error_per_sample_ms,0.943342776203966,23.84910830873494
absolute_error_per_sample_ms,15.43103072564829,18.208601084632676
absolute_relative_error_per_sample_percent,19.651333598497043,29.2637118162496
