metrics,mean,std
pep_reference_ms,91.81678678514223,20.888297889774446
pep_estimated_ms,114.26711191791978,7.55030475110101
error_ms,-22.542740300609974,15.66134714901267
absolute_error_ms,26.492398160528637,10.905729725781963
absolute_relative_error_percent,36.615312325667404,22.741464842515256
pearson_r,0.195591831880359,0.3027450628325984
error_per_sample_ms,-24.97118678218819,22.15253514978209
absolute_error_per_sample_ms,27.99556719725972,18.180847069841885
absolute_relative_error_per_sample_percent,39.6740195188629,37.07113393741583
