metrics,mean,std
pep_reference_ms,91.81678678514223,20.888297889774446
pep_estimated_ms,108.47398538994,20.253047995443573
error_ms,-16.76887555625528,8.077636455608559
absolute_error_ms,20.123470451279736,6.802907351965055
absolute_relative_error_percent,25.612411487121566,11.77687097652807
pearson_r,0.42027144791208415,0.2985343211734269
error_per_sample_ms,-16.343636363636364,18.905498502963333
absolute_error_per_sample_ms,20.527070707070706,14.253830762964837
absolute_relative_error_per_sample_percent,26.781633208121846,22.31477151255536
