metrics,mean,std
pep_reference_ms,91.81678678514223,20.888297889774446
pep_estimated_ms,122.5447758097988,20.786433493378333
error_ms,-30.905283682469587,11.378753532904446
absolute_error_ms,32.75256476017986,10.022119704710788
absolute_relative_error_percent,42.06920955096975,18.96333867373295
error_per_sample_ms,-30.699648832885767,22.207400117899642
absolute_error_per_sample_ms,32.78392894030159,18.996080166609403
absolute_relative_error_per_sample_percent,43.09525886761694,34.60127293282849
