metrics,mean,std
pep_reference_ms,91.81678678514223,20.888297889774446
pep_estimated_ms,78.73004727377538,23.39927901371731
error_ms,12.998370950211221,13.539459320886166
absolute_error_ms,23.303059529176977,6.060458229422604
absolute_relative_error_percent,28.24321732392834,11.15692927369813
error_per_sample_ms,12.016565656565657,25.053150134057624
absolute_error_per_sample_ms,23.66141414141414,14.56693731182605
absolute_relative_error_per_sample_percent,29.654028562603923,23.259029251242772
