metrics,mean,std
pep_reference_ms,91.81678678514223,20.888297889774446
pep_estimated_ms,76.55309821103481,24.915406745256522
error_ms,15.041163066661671,15.941008554762359
absolute_error_ms,22.22326504865088,12.92631542608598
absolute_relative_error_percent,24.879383563774972,14.489654450885487
error_per_sample_ms,13.71863506334287,29.74115123742361
absolute_error_per_sample_ms,21.90375970576216,24.350817967384863
absolute_relative_error_per_sample_percent,25.10802614967303,26.61610596529759
