metrics,mean,std
pep_reference_ms,91.81678678514223,20.888297889774446
pep_estimated_ms,120.0542509531643,10.799292377796364
error_ms,-28.29766099172415,12.807739325916954
absolute_error_ms,29.768970791161433,11.920626448036103
absolute_relative_error_percent,40.91878530543209,24.04448214799793
pearson_r,0.21043362586763378,0.31377409474711415
error_per_sample_ms,-30.08886208283072,21.737443042548083
absolute_error_per_sample_ms,31.324889425010053,19.915003238225246
absolute_relative_error_per_sample_percent,44.0612827431444,40.00305533600405
