metrics,mean,std
pep_reference_ms,91.81678678514223,20.888297889774446
pep_estimated_ms,122.02465863121708,21.011915065359094
error_ms,-30.303763935501472,10.832687189419534
absolute_error_ms,33.15535568780844,9.541369602240959
absolute_relative_error_percent,42.06665435254795,17.996200301761125
error_per_sample_ms,-29.57316087308003,23.055110049323346
absolute_error_per_sample_ms,32.97453516572352,17.854690532628666
absolute_relative_error_per_sample_percent,43.13474337943128,33.14145260739685
