metrics,mean,std
pep_reference_ms,91.81678678514223,20.888297889774446
pep_estimated_ms,110.7375969906534,20.299742121763213
error_ms,-19.03452197157226,7.9956947292851765
absolute_error_ms,20.786381057701895,6.934700479231793
absolute_relative_error_percent,26.83632007618853,12.151488473412568
error_per_sample_ms,-19.17305365066559,17.807877928903196
absolute_error_per_sample_ms,21.307382008874548,15.189535034026648
absolute_relative_error_per_sample_percent,28.24173711627296,25.331849722891686
