metrics,mean,std
pep_reference_ms,91.81678678514223,20.888297889774446
pep_estimated_ms,105.2812574406588,20.204968564138447
error_ms,-13.594201412323303,14.187526163752173
absolute_error_ms,22.475901550310887,7.463607744633867
absolute_relative_error_percent,28.753639067323384,13.307937618116135
error_per_sample_ms,-13.700182075662553,24.699675651889528
absolute_error_per_sample_ms,23.67266841998786,15.40693792069547
absolute_relative_error_per_sample_percent,30.907732169844515,25.154208773395276
