metrics,mean,std
pep_reference_ms,91.81678678514223,20.888297889774446
pep_estimated_ms,56.899765405654215,21.02300581455832
error_ms,34.83732512774984,14.105186826785495
absolute_error_ms,37.467388795928116,12.019013549067445
absolute_relative_error_percent,41.30493065756659,13.190360639901124
error_per_sample_ms,34.92400408580184,25.00934137844979
absolute_error_per_sample_ms,37.83513789581205,20.338523987099787
absolute_relative_error_per_sample_percent,43.004258312966776,21.209921935578542
