metrics,mean,std
pep_reference_ms,91.81678678514223,20.888297889774446
pep_estimated_ms,79.70107055596314,26.08528652192266
error_ms,12.078718863885118,16.260304491433477
absolute_error_ms,21.97074506297449,12.520152377844544
absolute_relative_error_percent,24.609597290466688,14.187021710003117
error_per_sample_ms,11.704831932773109,30.016782031776675
absolute_error_per_sample_ms,21.58844537815126,23.915461949797763
absolute_relative_error_per_sample_percent,24.869965959875216,27.25159038610657
