metrics,mean,std
pep_reference_ms,91.81678678514223,20.888297889774446
pep_estimated_ms,70.9039287938415,26.053633661804447
error_ms,20.70856446691593,21.450139227552555
absolute_error_ms,27.607646659681603,17.901828057008128
absolute_relative_error_percent,30.400712652200205,19.010737917778222
pearson_r,0.24706663941164694,0.33227276618775015
error_per_sample_ms,16.730848861283643,33.08698858619753
absolute_error_per_sample_ms,24.692201518288474,27.658006101353898
absolute_relative_error_per_sample_percent,27.76470630835981,30.024401136892465
