metrics,mean,std
pep_reference_ms,91.81678678514223,20.888297889774446
pep_estimated_ms,76.48008132896805,22.9537888926551
error_ms,15.037259648708202,14.27018827872592
absolute_error_ms,22.003278165104028,11.734600015039133
absolute_relative_error_percent,24.51154805566093,12.80025675890924
error_per_sample_ms,14.106575963718821,28.17477149799968
absolute_error_per_sample_ms,21.64728921871779,22.895591363095267
absolute_relative_error_per_sample_percent,24.723635015738164,23.657974215989473
