metrics,mean,std
pep_reference_ms,91.81678678514223,20.888297889774446
pep_estimated_ms,114.73759699065337,20.29974212176321
error_ms,-23.03452197157226,7.9956947292851765
absolute_error_ms,24.455911410730852,7.0999010881910625
absolute_relative_error_percent,31.285511046514504,13.005622008117296
error_per_sample_ms,-23.17305365066559,17.807877928903196
absolute_error_per_sample_ms,24.955627269060106,15.209457565445671
absolute_relative_error_per_sample_percent,32.8314088873001,26.531235311193388
