metrics,mean,std
pep_reference_ms,91.81678678514223,20.888297889774446
pep_estimated_ms,110.93484412638541,20.223044600806684
error_ms,-19.245100351014322,14.23552912878821
absolute_error_ms,26.24708268469146,7.615068999247083
absolute_relative_error_percent,33.72005870569562,14.903957324784752
error_per_sample_ms,-19.257483818770226,24.801522909947508
absolute_error_per_sample_ms,27.306432038834952,15.502418875495994
absolute_relative_error_per_sample_percent,35.884856795014485,27.447477397695856
