metrics,mean,std
pep_reference_ms,91.81678678514223,20.888297889774446
pep_estimated_ms,111.76329133601854,19.775225682520283
error_ms,-20.157915165791877,14.42767510465007
absolute_error_ms,29.562301688979304,7.61009166890341
absolute_relative_error_percent,37.56080703463533,15.614425286680458
error_per_sample_ms,-19.793865030674848,28.16898400197751
absolute_error_per_sample_ms,30.659713701431492,15.661120914624515
absolute_relative_error_per_sample_percent,39.87380403185412,28.0281405464322
