metrics,mean,std
pep_reference_ms,91.81678678514223,20.888297889774446
pep_estimated_ms,112.00266215884854,12.741386669772277
error_ms,-20.279829044869828,16.90831598619259
absolute_error_ms,25.06819869087056,12.592724367308309
absolute_relative_error_percent,34.245562682375414,23.19183594077932
error_per_sample_ms,-21.404277408637874,23.43967956370754
absolute_error_per_sample_ms,25.461171096345517,18.95495808061385
absolute_relative_error_per_sample_percent,35.891401165098934,37.226187783075616
