metrics,mean,std
pep_reference_ms,91.81678678514223,20.888297889774446
pep_estimated_ms,60.07190366976836,20.545269000021563
error_ms,31.685429617606328,13.234372247681009
absolute_error_ms,35.546582668262516,10.352082681584962
absolute_relative_error_percent,39.517823140059676,10.887739761985085
error_per_sample_ms,32.10533851503375,26.37084191035439
absolute_error_per_sample_ms,36.24974432399264,20.30098767722833
absolute_relative_error_per_sample_percent,41.539999760371195,21.623939011772453
