metrics,mean,std
pep_reference_ms,91.81678678514223,20.888297889774446
pep_estimated_ms,63.53704525028539,24.627376797084313
error_ms,28.31482753365587,21.525680001792914
absolute_error_ms,32.14742306142011,19.065467253937
absolute_relative_error_percent,35.07838998296503,19.737297780015794
error_per_sample_ms,23.759481961147085,34.4280204129698
absolute_error_per_sample_ms,28.784921369102683,30.351768884078602
absolute_relative_error_per_sample_percent,32.05925954189971,31.842806646850025
