metrics,mean,std
pep_reference_ms,91.81678678514223,20.888297889774446
pep_estimated_ms,108.52796274008746,20.270794042444553
error_ms,-16.827972116877614,7.962364607553274
absolute_error_ms,18.870308912228417,6.748120163803199
absolute_relative_error_percent,24.471547779354704,11.640596767289596
error_per_sample_ms,-16.88256658595642,17.6672890407282
absolute_error_per_sample_ms,19.305084745762713,14.982251484233068
absolute_relative_error_per_sample_percent,25.686997351823354,24.468223814134287
