metrics,mean,std
pep_reference_ms,91.81678678514223,20.888297889774446
pep_estimated_ms,123.82552883675409,19.729289227178366
error_ms,-32.12081166081024,10.55756047976319
absolute_error_ms,33.01974226336626,9.986568609812936
absolute_relative_error_percent,42.5159444207253,18.904765714090285
error_per_sample_ms,-32.26799758015729,20.332429993996588
absolute_error_per_sample_ms,33.16414599717685,18.835360298432008
absolute_relative_error_per_sample_percent,44.083624326042056,35.4117338088289
