metrics,mean,std
pep_reference_ms,91.81678678514223,20.888297889774446
pep_estimated_ms,107.53729602879132,23.151176929478492
error_ms,-15.827411965536827,10.917847896083494
absolute_error_ms,19.408021452826947,9.365491298707799
absolute_relative_error_percent,24.28841140710893,14.28310437447462
pearson_r,0.35028445984641543,0.3128705691148509
error_per_sample_ms,-14.452083333333333,21.468149757094952
absolute_error_per_sample_ms,18.936666666666667,17.639354359562653
absolute_relative_error_per_sample_percent,24.341141432177295,26.116281694860213
