metrics,mean,std
pep_reference_ms,91.81678678514223,20.888297889774446
pep_estimated_ms,121.91666690758025,10.920551780019668
error_ms,-30.179880364943518,12.66016131540286
absolute_error_ms,31.46957974596368,12.225206304001613
absolute_relative_error_percent,43.07424837254541,24.757165136340323
error_per_sample_ms,-32.055868167202576,21.797078574316068
absolute_error_per_sample_ms,33.100482315112544,20.17546502152785
absolute_relative_error_per_sample_percent,46.3643973473851,40.86296221094927
