metrics,mean,std
pep_reference_ms,91.81678678514223,20.888297889774446
pep_estimated_ms,117.04138579893329,15.576159867624577
error_ms,-25.319239279902042,14.570872882282062
absolute_error_ms,27.338002792025122,13.351830143143026
absolute_relative_error_percent,37.34012977143338,24.173390490411304
pearson_r,0.1555964435695519,0.3146259441669211
error_per_sample_ms,-26.061503416856493,23.998657092464942
absolute_error_per_sample_ms,27.936839925450403,21.786933643087213
absolute_relative_error_per_sample_percent,39.179072893426344,40.610930437255824
