metrics,mean,std
pep_reference_ms,91.81678678514223,20.888297889774446
pep_estimated_ms,72.86733158499841,24.449997141566943
error_ms,18.708351093635,15.494520332434076
absolute_error_ms,24.08668872281376,13.335359231968868
absolute_relative_error_percent,26.783202369206847,14.78745402741736
error_per_sample_ms,17.24176276771005,29.29362715592442
absolute_error_per_sample_ms,23.310955518945633,24.73851911659309
absolute_relative_error_per_sample_percent,26.464374630816756,26.728500380142254
