metrics,mean,std
pep_reference_ms,91.81678678514223,20.888297889774446
pep_estimated_ms,68.94617725540292,26.57415206391515
error_ms,22.793602365752623,22.621247477551613
absolute_error_ms,29.031953554464017,18.817915973704604
absolute_relative_error_percent,32.10499689232419,20.127069014744166
error_per_sample_ms,18.046211125711782,34.031250130217394
absolute_error_per_sample_ms,26.161410424879545,28.273173256643524
absolute_relative_error_per_sample_percent,29.674663635514733,30.475083952901077
