metrics,mean,std
pep_reference_ms,91.81678678514223,20.888297889774446
pep_estimated_ms,80.13321655872116,24.04858100490077
error_ms,11.519037491770007,14.85330019744234
absolute_error_ms,20.892873821985482,11.228433102388864
absolute_relative_error_percent,23.547238663693456,12.434197636514913
error_per_sample_ms,10.37593680372696,28.736889944615413
absolute_error_per_sample_ms,20.750253190196474,22.425340594662362
absolute_relative_error_per_sample_percent,23.940100018256988,24.622596114341174
