metrics,mean,std
pep_reference_ms,91.81678678514223,20.888297889774446
pep_estimated_ms,99.71927274954699,21.65673069349316
error_ms,-8.01053742541846,13.513814779573703
absolute_error_ms,15.395914590726928,10.450256387540898
absolute_relative_error_percent,21.219010629268418,19.458907087867424
pearson_r,0.34908651239448235,0.29211873289739526
error_per_sample_ms,-9.672518159806295,24.699229878942635
absolute_error_per_sample_ms,16.46953188054883,20.793366341221244
absolute_relative_error_per_sample_percent,23.326763762145717,36.31063144310893
