metrics,mean,std
pep_reference_ms,91.81678678514223,20.888297889774446
pep_estimated_ms,101.17646548963904,13.459979160324918
error_ms,-9.447467142011563,12.358062605903239
absolute_error_ms,17.259767226184632,8.0490001482639
absolute_relative_error_percent,23.18773412811138,15.43519977509484
error_per_sample_ms,-10.488016112789527,21.433823008813754
absolute_error_per_sample_ms,17.412487411883184,16.31602074300896
absolute_relative_error_per_sample_percent,24.168465348050855,29.868512314906727
