metrics,mean,std
pep_reference_ms,91.81678678514223,20.888297889774446
pep_estimated_ms,110.19872292212257,7.552154688110573
error_ms,-18.47435130481277,15.633089288294979
absolute_error_ms,23.846395376795428,9.941691724490557
absolute_relative_error_percent,32.884599717206605,20.812016818133106
error_per_sample_ms,-20.860971186782187,22.04386332199858
absolute_error_per_sample_ms,25.073342736248236,17.100862932768553
absolute_relative_error_per_sample_percent,35.55023743818799,34.77244865196945
