metrics,mean,std
pep_reference_ms,91.81678678514223,20.888297889774446
pep_estimated_ms,125.82552883675409,19.729289227178366
error_ms,-34.12081166081024,10.55756047976319
absolute_error_ms,34.96410078404338,10.00720859918232
absolute_relative_error_percent,44.83243466368983,19.328095426590348
error_per_sample_ms,-34.26799758015729,20.332429993996588
absolute_error_per_sample_ms,35.10606977213148,18.848533968684983
absolute_relative_error_per_sample_percent,46.481057647500585,36.026460204384016
