metrics,mean,std
pep_reference_ms,91.81678678514223,20.888297889774446
pep_estimated_ms,116.19872292212257,7.552154688110573
error_ms,-24.47435130481277,15.633089288294979
absolute_error_ms,27.878766708585285,11.314461670861697
absolute_relative_error_percent,38.487348509529966,23.58493564303796
error_per_sample_ms,-26.860971186782187,22.04386332199858
absolute_error_per_sample_ms,29.45859359258513,18.42918736143828
absolute_relative_error_per_sample_percent,41.666446166760146,37.90678245660485
