metrics,mean,std
pep_reference_ms,91.81678678514223,20.888297889774446
pep_estimated_ms,80.56444722821806,24.22584605356096
error_ms,11.086750559414503,14.984984047410563
absolute_error_ms,20.85742381743054,11.437722775969409
absolute_relative_error_percent,23.51385312691684,12.547473126611974
error_per_sample_ms,9.74564601053058,28.895057855048194
absolute_error_per_sample_ms,20.65613608748481,22.43269993880503
absolute_relative_error_per_sample_percent,23.86134593357571,24.725377686656874
