metrics,mean,std
pep_reference_ms,91.81678678514223,20.888297889774446
pep_estimated_ms,118.82587192185422,10.845472993554782
error_ms,-27.06928196041407,12.82480242630646
absolute_error_ms,28.6553384356475,11.580664542287684
absolute_relative_error_percent,39.53542555817877,23.3938118145836
error_per_sample_ms,-28.57760353839968,19.90304982274117
absolute_error_per_sample_ms,29.960394049055086,17.75346739850604
absolute_relative_error_per_sample_percent,42.3894380045445,37.4701422671297
