metrics,mean,std
pep_reference_ms,91.81678678514223,20.888297889774446
pep_estimated_ms,112.94282557041254,7.096081732362517
error_ms,-21.218453953102745,15.826456375471825
absolute_error_ms,25.655271777261333,11.00467159388416
absolute_relative_error_percent,35.58862180046016,22.64973439666173
error_per_sample_ms,-23.307676808382027,21.456069563622325
absolute_error_per_sample_ms,26.91759016723756,16.704911221303327
absolute_relative_error_per_sample_percent,38.34073451901728,35.81087743622991
