metrics,mean,std
pep_reference_ms,91.81678678514223,20.888297889774446
pep_estimated_ms,78.58308058860173,24.209027910417287
error_ms,13.062524071907722,14.981639379226253
absolute_error_ms,21.587469925482296,11.866307073650582
absolute_relative_error_percent,24.24477947592719,13.018324670538737
error_per_sample_ms,11.71353322528363,28.855452563106116
absolute_error_per_sample_ms,21.200567260940034,22.81183795874073
absolute_relative_error_per_sample_percent,24.37812979923923,24.978747604310822
