metrics,mean,std
pep_reference_ms,91.81678678514223,20.888297889774446
pep_estimated_ms,120.07754414234769,20.86896336237114
error_ms,-28.3455142993727,10.743156138927949
absolute_error_ms,31.28785325760285,9.538169870707717
absolute_relative_error_percent,39.83526382056151,17.59242209047858
error_per_sample_ms,-27.624469160768452,22.959680839089835
absolute_error_per_sample_ms,31.13225480283114,17.917615676721983
absolute_relative_error_per_sample_percent,40.85300264662148,32.62223388748808
