metrics,mean,std
pep_reference_ms,91.81678678514223,20.888297889774446
pep_estimated_ms,94.5804759650738,24.325261843823736
error_ms,-2.876684617970168,15.200058436021521
absolute_error_ms,17.619257394576945,9.495034859455318
absolute_relative_error_percent,23.188349771139148,16.853023384214445
pearson_r,0.3063882563677637,0.2920159599900118
error_per_sample_ms,-3.3787941787941786,26.64285168962099
absolute_error_per_sample_ms,18.524324324324326,19.444978904206657
absolute_relative_error_per_sample_percent,25.145871712919526,33.35200505797167
