metrics,mean,std
pep_reference_ms,91.81678678514223,20.888297889774446
pep_estimated_ms,116.03355182651981,19.144639337622927
error_ms,-24.328813945769156,13.38185634721668
absolute_error_ms,29.463986138760216,7.79430815351933
absolute_relative_error_percent,37.72939219602457,16.13301975536571
error_per_sample_ms,-24.653225806451612,24.228347285252863
absolute_error_per_sample_ms,30.337096774193547,16.566680842942816
absolute_relative_error_per_sample_percent,39.876919604058514,30.256286715555035
