metrics,mean,std
pep_reference_ms,91.81678678514223,20.888297889774446
pep_estimated_ms,114.17660544130102,10.817668220882402
error_ms,-22.46137664627865,12.912297498542033
absolute_error_ms,24.90473010174327,10.61103270678388
absolute_relative_error_percent,34.69780978680016,21.722920643549728
error_per_sample_ms,-24.196981891348088,21.392020526328647
absolute_error_per_sample_ms,26.27907444668008,18.775588434851812
absolute_relative_error_per_sample_percent,37.42952678155284,37.252575051927785
