metrics,mean,std
pep_reference_ms,91.81678678514223,20.888297889774446
pep_estimated_ms,118.09669283752064,20.842507553490986
error_ms,-26.360550956622962,10.731306178865612
absolute_error_ms,29.43558635897006,9.53932043212713
absolute_relative_error_percent,37.633869684958675,17.222476779476047
error_per_sample_ms,-25.656686222941534,22.906120345574177
absolute_error_per_sample_ms,29.30305482500506,18.007966991061352
absolute_relative_error_per_sample_percent,38.59014426746673,32.12796021483544
