metrics,mean,std
pep_reference_ms,91.81678678514223,20.888297889774446
pep_estimated_ms,115.13498598804178,20.57554910572319
error_ms,-23.514782470217853,10.968288352747736
absolute_error_ms,25.31187650651564,9.876983023289307
absolute_relative_error_percent,33.224311520164626,17.18883038187841
error_per_sample_ms,-23.602603843769373,21.177415120317587
absolute_error_per_sample_ms,25.500516635668525,18.84912387083701
absolute_relative_error_per_sample_percent,34.27092716359535,32.536008041972345
