metrics,mean,std
pep_reference_ms,91.81678678514223,20.888297889774446
pep_estimated_ms,111.23197315246027,22.334467383053482
error_ms,-19.53483051467203,15.404601345203444
absolute_error_ms,26.36957579280585,9.473463597864002
absolute_relative_error_percent,33.36519823428296,16.74587425614563
error_per_sample_ms,-18.845977967158596,26.41970878332551
absolute_error_per_sample_ms,26.680939513614632,18.474289280110206
absolute_relative_error_per_sample_percent,34.65348074848258,30.74838986992113
