metrics,mean,std
pep_reference_ms,91.81678678514223,20.888297889774446
pep_estimated_ms,72.53692219685249,23.53179330321103
error_ms,18.94514557641784,15.056887805451401
absolute_error_ms,23.791726617684006,12.900474502939488
absolute_relative_error_percent,26.385952078992123,14.439238335617373
error_per_sample_ms,18.004166666666666,29.102977785309804
absolute_error_per_sample_ms,23.34958333333333,25.018598911470836
absolute_relative_error_per_sample_percent,26.484812050782168,26.073512670971635
