metrics,mean,std
pep_reference_ms,91.81678678514223,20.888297889774446
pep_estimated_ms,111.09187465448956,18.57071936008214
error_ms,-19.547260772442737,13.684801499294618
absolute_error_ms,27.857380892220558,7.127607949228836
absolute_relative_error_percent,35.4604695329857,14.9074636122657
error_per_sample_ms,-19.84221703121682,25.69611756886664
absolute_error_per_sample_ms,28.87470800594606,14.840999710204228
absolute_relative_error_per_sample_percent,37.58035798559199,27.578665400044972
