metrics,mean,std
pep_reference_ms,91.81678678514223,20.888297889774446
pep_estimated_ms,118.19872292212257,7.552154688110573
error_ms,-26.47435130481277,15.633089288294979
absolute_error_ms,29.384852220119004,11.757359833555487
absolute_relative_error_percent,40.493032406644296,24.44899640457897
error_per_sample_ms,-28.860971186782187,22.04386332199858
absolute_error_per_sample_ms,31.064880112834977,18.811187936396085
absolute_relative_error_per_sample_percent,43.82909758631804,38.883662945204144
