metrics,mean,std
pep_reference_ms,91.81678678514223,20.888297889774446
pep_estimated_ms,99.425519041912,21.518830067264798
error_ms,-7.718995951169685,13.308744061465681
absolute_error_ms,15.108267575484696,10.219600719279391
absolute_relative_error_percent,20.83517244651756,19.11039444690289
error_per_sample_ms,-9.218365287588295,24.375873204918953
absolute_error_per_sample_ms,16.09263370332997,20.498502227434834
absolute_relative_error_per_sample_percent,22.79941451358728,35.8518517864651
