metrics,mean,std
pep_reference_ms,91.81678678514223,20.888297889774446
pep_estimated_ms,111.51661829134949,22.466319286329572
error_ms,-19.818427632365665,15.449137988433646
absolute_error_ms,26.538070451044774,9.496456544646293
absolute_relative_error_percent,33.598989293968955,16.772621023115406
error_per_sample_ms,-19.32155477031802,26.485645370231776
absolute_error_per_sample_ms,26.93701933070048,18.68713137422514
absolute_relative_error_per_sample_percent,35.032951092967544,31.225865174365754
