metrics,mean,std
pep_reference_ms,91.81678678514223,20.888297889774446
pep_estimated_ms,106.3400832673093,19.287490176386257
error_ms,-14.633297077379906,13.422161508128116
absolute_error_ms,22.720581118541453,7.001669218746686
absolute_relative_error_percent,29.036242999410625,13.104590626894021
pearson_r,0.18218780048413932,0.3122712503506392
error_per_sample_ms,-15.137527727364388,24.227305511410076
absolute_error_per_sample_ms,23.820729985884252,15.76958785065491
absolute_relative_error_per_sample_percent,31.151255019739466,26.368447174750575
