metrics,mean,std
pep_reference_ms,91.81678678514223,20.888297889774446
pep_estimated_ms,116.94282557041254,7.096081732362517
error_ms,-25.218453953102745,15.826456375471825
absolute_error_ms,28.53963694074445,11.88334424654514
absolute_relative_error_percent,39.49782709958507,24.41605242551898
error_per_sample_ms,-27.307676808382027,21.456069563622325
absolute_error_per_sample_ms,30.00443280274028,17.487313858219924
absolute_relative_error_per_sample_percent,42.56672044335075,37.853452641030074
