metrics,mean,std
pep_reference_ms,91.81678678514223,20.888297889774446
pep_estimated_ms,112.47398538994001,20.253047995443577
error_ms,-20.76887555625528,8.077636455608559
absolute_error_ms,23.686008107319875,6.91070636714164
absolute_relative_error_percent,29.94982354279006,12.62105470066731
pearson_r,0.42027144791208415,0.2985343211734269
error_per_sample_ms,-20.343636363636364,18.905498502963333
absolute_error_per_sample_ms,24.036161616161618,13.912021740321352
absolute_relative_error_per_sample_percent,31.217170614575565,23.290754102116793
