metrics,mean,std
pep_reference_ms,91.81678678514223,20.888297889774446
pep_estimated_ms,71.94121645976098,27.51505799470798
error_ms,19.762445999770122,23.367670515938432
absolute_error_ms,28.385200515763845,18.338892530951437
absolute_relative_error_percent,31.661920151226756,19.900178335884117
pearson_r,0.2338830712486874,0.32216969545813445
error_per_sample_ms,15.602651839178785,35.22242573141269
absolute_error_per_sample_ms,26.49230111206159,27.968196234426134
absolute_relative_error_per_sample_percent,30.393569197346313,30.651149163851894
