metrics,mean,std
pep_reference_ms,91.81678678514223,20.888297889774446
pep_estimated_ms,124.79115971958217,21.239435298641652
error_ms,-33.06651067336272,11.674675961356552
absolute_error_ms,34.86329263480015,10.142463756441337
absolute_relative_error_percent,44.5031806502276,19.298105574121525
error_per_sample_ms,-33.28023902740573,21.99192888552671
absolute_error_per_sample_ms,34.945188543169174,19.236762812637714
absolute_relative_error_per_sample_percent,45.87833672067786,35.66101638238117
