metrics,mean,std
pep_reference_ms,91.81678678514223,20.888297889774446
pep_estimated_ms,91.601784787177,23.083660147124895
error_ms,1.2073048056483167,13.105252207721753
absolute_error_ms,17.216342701388147,7.702763286722732
absolute_relative_error_percent,21.732589079295344,13.245320127967991
error_per_sample_ms,1.2033670033670034,25.654055887920574
absolute_error_per_sample_ms,17.792368125701458,18.520537576562617
absolute_relative_error_per_sample_percent,22.723055934425638,29.895519197295645
