metrics,mean,std
pep_reference_ms,91.81678678514223,20.888297889774446
pep_estimated_ms,93.73017879573068,21.65717563327749
error_ms,-2.0236557049883537,13.527397249280673
absolute_error_ms,15.703361075391062,9.073708482974428
absolute_relative_error_percent,20.834493958270357,16.944272364446753
error_per_sample_ms,-3.694450050454087,24.65342167484627
absolute_error_per_sample_ms,16.311604439959638,18.851305579385325
absolute_relative_error_per_sample_percent,22.360378159567546,32.76343046519539
