metrics,mean,std
pep_reference_ms,91.81678678514223,20.888297889774446
pep_estimated_ms,118.66203313770389,20.64672158129682
error_ms,-27.02413485926717,11.269580325142414
absolute_error_ms,28.94314035378145,9.964269324715922
absolute_relative_error_percent,37.51743318741162,18.078693617039082
error_per_sample_ms,-26.809760132340777,21.948982970921225
absolute_error_per_sample_ms,29.017369727047146,18.93444865675425
absolute_relative_error_per_sample_percent,38.467932299227705,33.42142542855036
