metrics,mean,std
pep_reference_ms,91.81678678514223,20.888297889774446
pep_estimated_ms,103.8750729743205,22.569685087333504
error_ms,-12.229098101897977,11.761393371081535
absolute_error_ms,17.351341100841132,8.714566381236754
absolute_relative_error_percent,22.64875591299741,13.92806176073808
error_per_sample_ms,-11.557400871911979,22.044251166204223
absolute_error_per_sample_ms,17.12476645214864,18.06280427708103
absolute_relative_error_per_sample_percent,22.90824909423752,28.167358062510463
