metrics,mean,std
pep_reference_ms,91.81678678514223,20.888297889774446
pep_estimated_ms,106.0504439360206,19.151032289673108
error_ms,-14.343657746091216,13.397346575915888
absolute_error_ms,22.594849308464973,6.925627910994075
absolute_relative_error_percent,28.82927911356117,13.048953148808337
error_per_sample_ms,-14.670901391409558,24.19879234449098
absolute_error_per_sample_ms,23.61786650534382,15.588883228250038
absolute_relative_error_per_sample_percent,30.811503231355076,25.851747281806933
