metrics,mean,std
pep_reference_ms,91.81678678514223,20.888297889774446
pep_estimated_ms,110.93791333398447,10.777509577460277
error_ms,-19.222684538962117,12.809502595519536
absolute_error_ms,22.463816324218072,9.76851195425275
absolute_relative_error_percent,31.45338814205372,20.123775824331325
error_per_sample_ms,-20.68450704225352,19.53195445616534
absolute_error_per_sample_ms,23.523138832997986,16.000250494984773
absolute_relative_error_per_sample_percent,33.778673495336484,33.512137204986026
