metrics,mean,std
pep_reference_ms,91.81678678514223,20.888297889774446
pep_estimated_ms,106.94282557041254,7.096081732362517
error_ms,-15.218453953102744,15.826456375471825
absolute_error_ms,22.05548147635056,9.545562129859062
absolute_relative_error_percent,30.353121794201428,19.710504148464913
error_per_sample_ms,-17.307676808382027,21.456069563622325
absolute_error_per_sample_ms,22.94136610920814,15.284381527091044
absolute_relative_error_per_sample_percent,32.5700284159861,32.444317061602604
