metrics,mean,std
pep_reference_ms,91.81678678514223,20.888297889774446
pep_estimated_ms,61.30417283443425,21.183260307328617
error_ms,30.43064928133631,14.251085187728036
absolute_error_ms,33.97546047157006,11.379945637571746
absolute_relative_error_percent,37.63442259378268,12.118534110820326
error_per_sample_ms,30.39163961038961,25.078651180614756
absolute_error_per_sample_ms,34.22930194805195,19.517822404044956
absolute_relative_error_per_sample_percent,39.15262187684428,20.670281678836425
