metrics,mean,std
pep_reference_ms,91.81678678514223,20.888297889774446
pep_estimated_ms,52.565986246060696,20.14642402801983
error_ms,39.23870732504741,13.24778618843566
absolute_error_ms,41.44205572270632,11.692351509838526
absolute_relative_error_percent,45.536267917317566,12.67803892756321
error_per_sample_ms,39.45727386411004,26.07029784224989
absolute_error_per_sample_ms,41.95956648603585,21.8158582383303
absolute_relative_error_per_sample_percent,47.352037373476364,22.41217658780974
