metrics,mean,std
pep_reference_ms,91.81678678514223,20.888297889774446
pep_estimated_ms,114.03355182651981,19.144639337622927
error_ms,-22.328813945769152,13.381856347216681
absolute_error_ms,28.00694434902908,7.512519067066324
absolute_relative_error_percent,35.87092443367025,15.462418989799884
pearson_r,0.1779296311936938,0.311263631271909
error_per_sample_ms,-22.653225806451612,24.228347285252863
absolute_error_per_sample_ms,28.913709677419355,16.253579430476528
absolute_relative_error_per_sample_percent,37.98327402757578,29.31030763740932
