metrics,mean,std
pep_reference_ms,91.81678678514223,20.888297889774446
pep_estimated_ms,67.93300147704132,24.418037847820383
error_ms,23.837332574109574,20.49137953819119
absolute_error_ms,29.11185637802004,18.049268861518637
absolute_relative_error_percent,31.610794715409646,18.645011947813416
pearson_r,0.24902340053339228,0.3576802924674172
error_per_sample_ms,20.13882863340564,33.97090909038037
absolute_error_per_sample_ms,26.37888647866956,29.389614344152815
absolute_relative_error_per_sample_percent,29.171726378008078,30.97560094419454
