metrics,mean,std
pep_reference_ms,91.81678678514223,20.888297889774446
pep_estimated_ms,120.61207436445102,20.722912176333786
error_ms,-28.973627946245553,11.291468011402989
absolute_error_ms,30.8275329705066,10.006464381074334
absolute_relative_error_percent,39.77665646310145,18.53503216129228
error_per_sample_ms,-28.77077304671352,22.02814346343798
absolute_error_per_sample_ms,30.88073584125672,18.95723186685824
absolute_relative_error_per_sample_percent,40.76523813796821,34.012221003743846
