metrics,mean,std
pep_reference_ms,91.81678678514223,20.888297889774446
pep_estimated_ms,121.82552883675409,19.729289227178366
error_ms,-30.120811660810237,10.55756047976319
absolute_error_ms,31.082292608141508,9.96549955121905
absolute_relative_error_percent,40.20618821549894,18.48678947998583
error_per_sample_ms,-30.26799758015729,20.33242999399659
absolute_error_per_sample_ms,31.231094978826377,18.819619905744815
absolute_relative_error_per_sample_percent,41.69490175861207,34.80132906325618
