metrics,mean,std
pep_reference_ms,91.81678678514223,20.888297889774446
pep_estimated_ms,112.32188204193352,20.471359349018485
error_ms,-20.56618828139628,10.533112688966186
absolute_error_ms,23.99622658965664,9.426583092187778
absolute_relative_error_percent,31.1079150433501,15.993038577568425
error_per_sample_ms,-19.85543390105434,22.522854592358716
absolute_error_per_sample_ms,23.953568532035685,18.103695450618375
absolute_relative_error_per_sample_percent,31.944605748193407,30.541272887601544
