metrics,mean,std
pep_reference_ms,91.81678678514223,20.888297889774446
pep_estimated_ms,116.09035302163393,10.803863304438293
error_ms,-24.333225271907764,12.848740691791868
absolute_error_ms,26.497592912665628,11.16396336457679
absolute_relative_error_percent,36.72413683508369,22.525028046025916
error_per_sample_ms,-26.13113435237329,21.63937081684228
absolute_error_per_sample_ms,27.918744971842315,19.278024563938526
absolute_relative_error_per_sample_percent,39.59435835180695,38.20805692302712
