metrics,mean,std
pep_reference_ms,91.81678678514223,20.888297889774446
pep_estimated_ms,118.02417661314544,10.8171248822576
error_ms,-26.266428115119936,12.85612329735542
absolute_error_ms,28.06096751087337,11.579317569014677
absolute_relative_error_percent,38.74887999721641,23.3509959664666
pearson_r,0.21084851384956727,0.31175113229336654
error_per_sample_ms,-28.00683691936457,21.58552295953712
absolute_error_per_sample_ms,29.501307058113813,19.49334751979434
absolute_relative_error_per_sample_percent,41.691871450776496,39.00327622783155
