metrics,mean,std
pep_reference_ms,91.81678678514223,20.888297889774446
pep_estimated_ms,71.24423259661188,27.42946297822883
error_ms,20.45081079774888,23.494664776817256
absolute_error_ms,28.648585330367077,18.60052764431368
absolute_relative_error_percent,31.883363575403425,20.09998511879212
error_per_sample_ms,16.48889837745517,35.06876988741773
absolute_error_per_sample_ms,26.690862510674638,28.09448788561501
absolute_relative_error_per_sample_percent,30.54804477046315,30.597226905678422
