metrics,mean,std
pep_reference_ms,91.81678678514223,20.888297889774446
pep_estimated_ms,79.93506877977048,25.049325740294606
error_ms,11.67541947500491,16.117531409128933
absolute_error_ms,21.23124488430439,12.195497998199283
absolute_relative_error_percent,23.911442262687416,13.936062195297112
pearson_r,0.2524092577319484,0.30781640688685485
error_per_sample_ms,10.69869971556278,30.05504962666676
absolute_error_per_sample_ms,21.414668833807394,23.646990134127623
absolute_relative_error_per_sample_percent,24.729557826527664,25.965767825390106
