metrics,mean,std
pep_reference_ms,91.81678678514223,20.888297889774446
pep_estimated_ms,92.07007125700667,20.74200619299256
error_ms,-0.5090618791770036,13.915525917502
absolute_error_ms,18.32965216415822,8.503680663955874
absolute_relative_error_percent,21.72687882744146,10.74703885947196
pearson_r,0.1374797439902583,0.29928693892415276
error_per_sample_ms,-0.1855078623034424,26.105636572705315
absolute_error_per_sample_ms,18.896515087122822,18.012784115602045
absolute_relative_error_per_sample_percent,22.893607898399747,22.208234615945546
