metrics,mean,std
pep_reference_ms,91.81678678514223,20.888297889774446
pep_estimated_ms,110.47398538994001,20.253047995443577
error_ms,-18.76887555625528,8.077636455608559
absolute_error_ms,21.88897879445157,6.869571699576179
absolute_relative_error_percent,27.76861030272081,12.206093445866918
error_per_sample_ms,-18.343636363636364,18.905498502963333
absolute_error_per_sample_ms,22.26929292929293,14.070730653246656
absolute_relative_error_per_sample_percent,28.988932915921424,22.783735417863323
