metrics,mean,std
pep_reference_ms,91.81678678514223,20.888297889774446
pep_estimated_ms,124.287978477617,21.43976122223272
error_ms,-32.65583097492892,11.663776606806387
absolute_error_ms,34.68277980747594,10.052330047248908
absolute_relative_error_percent,44.388983891561864,19.45549499361858
error_per_sample_ms,-32.56023102310231,22.510340548951962
absolute_error_per_sample_ms,34.70420792079208,19.039486035553093
absolute_relative_error_per_sample_percent,45.47384134052791,35.2150408000877
