metrics,mean,std
pep_reference_ms,91.81678678514223,20.888297889774446
pep_estimated_ms,117.86435236616586,19.67853960530498
error_ms,-26.16127734708475,10.56143682063485
absolute_error_ms,27.259621045576782,9.886623784827467
absolute_relative_error_percent,35.63827919537249,17.639012194076173
error_per_sample_ms,-26.288019362646228,20.285540867416135
absolute_error_per_sample_ms,27.427995159338444,18.71545382387987
absolute_relative_error_per_sample_percent,36.9811442525057,33.53436291702303
