metrics,mean,std
pep_reference_ms,91.81678678514223,20.888297889774446
pep_estimated_ms,78.33586109398142,23.122151796729717
error_ms,13.170143499465663,14.399361733002245
absolute_error_ms,21.45215162787627,11.360926688608348
absolute_relative_error_percent,24.01937987978845,12.598007765771339
error_per_sample_ms,12.248817602303106,28.306062515635286
absolute_error_per_sample_ms,21.25272465556241,22.351474280422458
absolute_relative_error_per_sample_percent,24.40737228849813,23.266977133593212
