metrics,mean,std
pep_reference_ms,91.81678678514223,20.888297889774446
pep_estimated_ms,89.425519041912,21.518830067264798
error_ms,2.2810040488303147,13.308744061465681
absolute_error_ms,16.780726069599744,8.152647081879852
absolute_relative_error_percent,21.49937953929637,14.99352695819997
error_per_sample_ms,0.7816347124117053,24.375873204918953
absolute_error_per_sample_ms,17.058526740665993,17.42988275244316
absolute_relative_error_per_sample_percent,22.618355321904634,29.960000575872407
