metrics,mean,std
pep_reference_ms,91.81678678514223,20.888297889774446
pep_estimated_ms,113.29601912847238,13.07437946459009
error_ms,-21.57318601449364,16.773114194801632
absolute_error_ms,25.867449488390807,12.53811503154663
absolute_relative_error_percent,35.20844683759961,23.277478581102173
error_per_sample_ms,-23.004983388704318,24.100253822357224
absolute_error_per_sample_ms,26.464285714285715,20.240876380464833
absolute_relative_error_per_sample_percent,37.11760643971918,38.37811871394091
