metrics,mean,std
pep_reference_ms,91.81678678514223,20.888297889774446
pep_estimated_ms,91.24921925407929,21.56825005398751
error_ms,0.3436678342920599,14.609451719862587
absolute_error_ms,18.665049926996836,9.24807366438618
absolute_relative_error_percent,22.035241732335273,11.30946293545083
error_per_sample_ms,1.1584485248607386,27.38982774351551
absolute_error_per_sample_ms,19.44935011347225,19.320130614666816
absolute_relative_error_per_sample_percent,23.476139404096628,22.947082253652624
