metrics,mean,std
pep_reference_ms,91.81678678514223,20.888297889774446
pep_estimated_ms,57.75527471200144,23.486092882639372
error_ms,34.0915474983675,15.962643487547414
absolute_error_ms,38.53125366030938,11.417743768498383
absolute_relative_error_percent,43.34562430873539,14.015036345814327
pearson_r,0.059606631773721025,0.30264083494223576
error_per_sample_ms,34.880477223427334,28.60229631024624
absolute_error_per_sample_ms,39.703036876355746,21.410462590702693
absolute_relative_error_per_sample_percent,45.72307824573921,24.042843366617028
