metrics,mean,std
pep_reference_ms,91.81678678514223,20.888297889774446
pep_estimated_ms,58.80368489895839,23.9792091352261
error_ms,33.12422208625029,19.645213168463638
absolute_error_ms,35.50872731410433,18.583134224757355
absolute_relative_error_percent,38.97263677598273,18.57044906788478
error_per_sample_ms,28.746907706945766,30.63962406345435
absolute_error_per_sample_ms,31.81826831588963,27.4366373092535
absolute_relative_error_per_sample_percent,35.51894590755924,27.94013170374501
