metrics,mean,std
pep_reference_ms,91.81678678514223,20.888297889774446
pep_estimated_ms,94.34717154572395,22.27879854448165
error_ms,-2.640852012822382,14.603898096113378
absolute_error_ms,17.29300409421473,8.980986359845712
absolute_relative_error_percent,20.88277985174964,11.445718624281444
error_per_sample_ms,-2.111719383617194,25.074355938970495
absolute_error_per_sample_ms,18.00669099756691,17.576739283139826
absolute_relative_error_per_sample_percent,22.2239693918173,22.58677290623591
