metrics,mean,std
pep_reference_ms,91.81678678514223,20.888297889774446
pep_estimated_ms,104.7591790879732,20.290286590499523
error_ms,-13.059188464763343,8.008494330638257
absolute_error_ms,15.719017735406876,6.5417249794133445
absolute_relative_error_percent,20.550236009945717,10.774338721322744
error_per_sample_ms,-13.21771589991929,17.671973432094664
absolute_error_per_sample_ms,16.201977401129945,14.983410389124188
absolute_relative_error_per_sample_percent,21.696707566016848,23.459487817477452
