metrics,mean,std
pep_reference_ms,91.81678678514223,20.888297889774446
pep_estimated_ms,65.19526179008965,21.33251744773616
error_ms,26.520611812428346,14.299655883986022
absolute_error_ms,31.12907564978884,10.568406677906768
absolute_relative_error_percent,34.7824393403469,11.08207729728462
error_per_sample_ms,26.544572468162524,25.21154051562431
absolute_error_per_sample_ms,31.42834040832828,18.774864097157547
absolute_relative_error_per_sample_percent,36.252958795480765,20.434393452543553
