metrics,mean,std
pep_reference_ms,91.81678678514223,20.888297889774446
pep_estimated_ms,74.42422112986267,23.667004638337634
error_ms,17.07637705090945,15.220504694635336
absolute_error_ms,22.960274927565212,12.638711513512998
absolute_relative_error_percent,25.50654975959554,14.143939251326648
error_per_sample_ms,16.213707165109035,29.320094347913173
absolute_error_per_sample_ms,22.771131879543095,24.576976736997057
absolute_relative_error_per_sample_percent,25.899126576878757,25.591691129344074
