metrics,mean,std
pep_reference_ms,91.81678678514223,20.888297889774446
pep_estimated_ms,115.8172700336977,15.63795216072715
error_ms,-24.095123514666437,14.55486439278859
absolute_error_ms,26.264998403233506,13.049426581054508
absolute_relative_error_percent,35.976963634907634,23.48946339970382
pearson_r,0.15500345024123163,0.3080238899528519
error_per_sample_ms,-24.6110996065438,22.42103395307106
absolute_error_per_sample_ms,26.68523503831021,19.907466396257554
absolute_relative_error_per_sample_percent,37.62485167568906,38.21841322713637
