metrics,mean,std
pep_reference_ms,91.81678678514223,20.888297889774446
pep_estimated_ms,56.24256568374732,20.396964501823376
error_ms,35.518222986727444,13.218812944242428
absolute_error_ms,38.47225628044459,11.04779612413334
absolute_relative_error_percent,42.523294587561494,11.844807121730659
error_per_sample_ms,35.84225700164745,26.194247960333342
absolute_error_per_sample_ms,39.09678747940692,21.029674794672015
absolute_relative_error_per_sample_percent,44.492067769374444,22.046102175335857
