metrics,mean,std
pep_reference_ms,91.81678678514223,20.888297889774446
pep_estimated_ms,91.33849988690753,18.741231321009412
error_ms,0.4782868982346937,5.461513333290068
absolute_error_ms,5.470322152580409,2.8776749596993776
absolute_relative_error_percent,6.7119286528550175,4.365702363802159
pearson_r,0.923739548359872,0.17787836310728017
error_per_sample_ms,-0.4152,6.693490043318225
absolute_error_per_sample_ms,5.6932,3.544386231775546
absolute_relative_error_per_sample_percent,7.253564011149224,5.645311132017942
