metrics,mean,std
pep_reference_ms,91.81678678514223,20.888297889774446
pep_estimated_ms,101.33849988690753,18.741231321009412
error_ms,-9.521713101765306,5.461513333290068
absolute_error_ms,9.698666616473165,5.259775832430279
absolute_relative_error_percent,12.411712382094795,8.855323119370999
pearson_r,0.923739548359872,0.17787836310728017
error_per_sample_ms,-10.4152,6.693490043318225
absolute_error_per_sample_ms,10.5684,6.448885286621203
absolute_relative_error_per_sample_percent,13.926751187888755,11.220308312974941
