metrics,mean,std
pep_reference_ms,137.87356451358494,20.14601560316418
pep_estimated_ms,148.16231679240508,18.59425411095894
error_ms,-10.288752278820143,5.817497203417935
absolute_error_ms,10.388572879749862,5.687562826227297
absolute_relative_error_percent,8.197745150898216,5.431012581981487
pearson_r,0.9878564744900974,0.03390181838190881
error_per_sample_ms,-10.538798971411284,7.091902682504877
absolute_error_per_sample_ms,10.629556799273937,6.955134051112827
absolute_relative_error_per_sample_percent,8.346652755989943,6.981446990180307
