metrics,mean,std
pep_reference_ms,137.87356451358494,20.14601560316418
pep_estimated_ms,142.16231679240508,18.59425411095894
error_ms,-4.288752278820143,5.817497203417935
absolute_error_ms,5.500321139913508,4.822258211336464
absolute_relative_error_percent,4.457654334569193,4.410539992336153
pearson_r,0.9878564744900974,0.03390181838190878
error_per_sample_ms,-4.538798971411285,7.091902682504877
absolute_error_per_sample_ms,5.68597791559522,6.2101074792927795
absolute_relative_error_per_sample_percent,4.5878188597690235,5.980151818170817
