metrics,mean,std
pep_reference_ms,85.50076117148666,22.481860688192324
pep_estimated_ms,93.87510357027446,21.18112574577273
error_ms,-8.37434239878779,4.989347150804166
absolute_error_ms,8.524528048714664,4.891948334214154
absolute_relative_error_percent,12.196489282875753,9.44709827241735
pearson_r,0.9564951207266255,0.08635701417850963
error_per_sample_ms,-8.894060657118787,5.86156847125799
absolute_error_per_sample_ms,9.038542544229148,5.636226449665917
absolute_relative_error_per_sample_percent,13.366327971951284,12.330491036023778
