metrics,mean,std
pep_reference_ms,85.50076117148666,22.481860688192324
pep_estimated_ms,87.87510357027446,21.18112574577273
error_ms,-2.3743423987877925,4.989347150804166
absolute_error_ms,4.816578936946813,3.2052184222134175
absolute_relative_error_percent,6.828109581826011,6.105371143766294
pearson_r,0.9564951207266255,0.08635701417850965
error_per_sample_ms,-2.894060657118787,5.86156847125799
absolute_error_per_sample_ms,5.053706823925864,4.1465189458307945
absolute_relative_error_per_sample_percent,7.436024301048463,8.418001825086135
