metrics,mean,std
pep_reference_ms,85.50076117148666,22.481860688192324
pep_estimated_ms,85.87510357027446,21.18112574577273
error_ms,-0.37434239878779246,4.989347150804166
absolute_error_ms,4.710480709113261,2.5832814925413667
absolute_relative_error_percent,6.499111379999153,4.871271114666697
pearson_r,0.9564951207266255,0.08635701417850963
error_per_sample_ms,-0.8940606571187869,5.86156847125799
absolute_error_per_sample_ms,4.832561078348778,3.435648821675741
absolute_relative_error_per_sample_percent,6.941375723185099,6.927129970644827
