metrics,mean,std
pep_reference_ms,85.50076117148666,22.481860688192324
pep_estimated_ms,90.98388639171867,22.878206313635836
error_ms,-5.443971240414436,6.189389345156567
absolute_error_ms,5.9544978385553105,5.908238439416937
absolute_relative_error_percent,8.253762785353796,9.300209165685247
pearson_r,0.8552059455523484,0.1991084675517376
error_per_sample_ms,-5.226660877116804,9.726786231642402
absolute_error_per_sample_ms,5.768128528006947,9.415787147384119
absolute_relative_error_per_sample_percent,8.296631356472234,15.49891760768635
