metrics,mean,std
pep_reference_ms,85.50076117148666,22.481860688192324
pep_estimated_ms,95.87510357027446,21.18112574577273
error_ms,-10.37434239878779,4.989347150804166
absolute_error_ms,10.463599509234566,4.957028313563524
absolute_relative_error_percent,14.805433704951447,10.177304737472088
pearson_r,0.9564951207266255,0.08635701417850963
error_per_sample_ms,-10.894060657118787,5.86156847125799
absolute_error_per_sample_ms,10.979149115417018,5.700598849740865
absolute_relative_error_per_sample_percent,16.084703470351187,13.35493697783672
