metrics,mean,std
pep_reference_ms,85.50076117148666,22.481860688192324
pep_estimated_ms,74.78220655110673,22.82237539270595
error_ms,10.724377852703167,2.3529120634762353
absolute_error_ms,10.778535515768393,2.3804318621459113
absolute_relative_error_percent,14.303514967903192,5.6661362194229925
pearson_r,0.9601456680928129,0.07899705832069376
error_per_sample_ms,10.794099051633298,4.087809494628159
absolute_error_per_sample_ms,10.854373024236038,3.924964592398255
absolute_relative_error_per_sample_percent,14.918551430994949,8.279238852550145
