metrics,mean,std
pep_reference_ms,85.50076117148666,22.481860688192324
pep_estimated_ms,89.87510357027446,21.18112574577273
error_ms,-4.3743423987877925,4.989347150804166
absolute_error_ms,5.500972424583403,4.005182345609632
absolute_relative_error_percent,7.949225979303586,7.412108185472716
pearson_r,0.9564951207266255,0.08635701417850963
error_per_sample_ms,-4.894060657118787,5.86156847125799
absolute_error_per_sample_ms,5.875105307497894,4.877801993174158
absolute_relative_error_per_sample_percent,8.775663416412034,9.911107738592438
