metrics,mean,std
pep_reference_ms,85.50076117148666,22.481860688192324
pep_estimated_ms,91.87510357027446,21.18112574577273
error_ms,-6.3743423987877925,4.989347150804166
absolute_error_ms,6.806875017534824,4.577862486429981
absolute_relative_error_percent,9.842780795090391,8.528379793249009
pearson_r,0.9564951207266255,0.08635701417850963
error_per_sample_ms,-6.894060657118787,5.86156847125799
absolute_error_per_sample_ms,7.279907329401853,5.374849445575199
absolute_relative_error_per_sample_percent,10.863367982435255,11.198678549384198
