metrics,mean,std
pep_reference_ms,137.87356451358494,20.14601560316418
pep_estimated_ms,152.27312752527163,16.756491868164805
error_ms,-14.837152082549972,9.36685833426193
absolute_error_ms,24.471055199060466,6.566341182027572
absolute_relative_error_percent,20.176863258224532,8.573640529634632
error_per_sample_ms,-15.079171350570098,28.369071795654676
absolute_error_per_sample_ms,24.128793961779348,21.212895726817887
absolute_relative_error_per_sample_percent,20.097080216462654,23.81862852324804
