metrics,mean,std
pep_reference_ms,137.87356451358494,20.14601560316418
pep_estimated_ms,116.85067270057883,6.163328363537252
error_ms,20.596052818501487,19.080837887278527
absolute_error_ms,27.40549467424744,13.439558075192075
absolute_relative_error_percent,19.452572416025255,6.794853739401099
error_per_sample_ms,20.241490044958255,25.90250481663714
absolute_error_per_sample_ms,27.063583815028903,18.66065663643576
absolute_relative_error_per_sample_percent,19.3797963710636,14.75281186947944
