metrics,mean,std
pep_reference_ms,137.87356451358494,20.14601560316418
pep_estimated_ms,132.71244947878253,31.346292303879856
error_ms,4.668968861993527,28.44136249074482
absolute_error_ms,33.30332849257667,13.842475455201091
absolute_relative_error_percent,25.522685443300098,10.297714361885925
error_per_sample_ms,4.441894294488444,39.927726570879685
absolute_error_per_sample_ms,33.3024082754162,22.470055120088993
absolute_relative_error_per_sample_percent,25.661780079708304,19.763476288263092
