metrics,mean,std
pep_reference_ms,137.87356451358494,20.14601560316418
pep_estimated_ms,118.61220329385799,6.097083596205073
error_ms,18.82594130447558,18.03742612196442
absolute_error_ms,26.553349117927564,12.42899941717889
absolute_relative_error_percent,19.01786045031631,6.4902588060654836
error_per_sample_ms,18.91813804173355,25.99126983447618
absolute_error_per_sample_ms,26.434670947030497,18.293447638344755
absolute_relative_error_per_sample_percent,19.06734175290551,15.031618647634602
