metrics,mean,std
pep_reference_ms,137.87356451358494,20.14601560316418
pep_estimated_ms,143.0950362017529,24.603072709273157
error_ms,-5.097253109820601,20.087990768714583
absolute_error_ms,30.537453846567924,10.793156049508722
absolute_relative_error_percent,24.30190005128561,9.891163274680059
error_per_sample_ms,-6.989612188365651,39.93229939225405
absolute_error_per_sample_ms,29.14612188365651,28.177061458559475
absolute_relative_error_per_sample_percent,23.43139776602872,25.880988424958396
