metrics,mean,std
pep_reference_ms,137.87356451358494,20.14601560316418
pep_estimated_ms,141.54397708254663,10.349184429433885
error_ms,-4.127501516617118,12.971774275518003
absolute_error_ms,16.95557117442238,6.242513336074985
absolute_relative_error_percent,14.458830888491386,7.956735897265513
error_per_sample_ms,-4.117137355584082,21.89183971203153
absolute_error_per_sample_ms,16.679396662387678,14.764863458926953
absolute_relative_error_per_sample_percent,14.363975954971167,19.207498647613633
