metrics,mean,std
pep_reference_ms,137.87356451358494,20.14601560316418
pep_estimated_ms,131.2884595997818,30.197766356293055
error_ms,6.202234135383378,15.98846143798734
absolute_error_ms,18.971214126597133,11.845366233268729
absolute_relative_error_percent,14.18525786661683,10.252989138902882
error_per_sample_ms,5.86531007751938,31.390872835658392
absolute_error_per_sample_ms,18.342700258397933,26.140660032227853
absolute_relative_error_per_sample_percent,13.774805585278026,20.974373897808796
