metrics,mean,std
pep_reference_ms,137.87356451358494,20.14601560316418
pep_estimated_ms,157.1298523171425,17.008490380777197
error_ms,-19.691663609108087,9.502704618443625
absolute_error_ms,24.78308344477288,7.668916881732557
absolute_relative_error_percent,20.758562471357564,9.22432946859205
error_per_sample_ms,-19.71391876705731,25.047375894704114
absolute_error_per_sample_ms,24.22828704446942,20.712308882776465
absolute_relative_error_per_sample_percent,20.527404862069595,24.37279392335277
