metrics,mean,std
pep_reference_ms,137.87356451358494,20.14601560316418
pep_estimated_ms,154.247008226348,17.1990366514119
error_ms,-16.840371828778977,6.724156144391743
absolute_error_ms,19.800076187757046,5.6602713908473
absolute_relative_error_percent,16.73174720355569,7.366425405423024
error_per_sample_ms,-16.779258307914592,18.850058031175326
absolute_error_per_sample_ms,19.385776208059077,16.157347491263522
absolute_relative_error_per_sample_percent,16.57667272901444,20.164576667280087
