metrics,mean,std
pep_reference_ms,137.87356451358494,20.14601560316418
pep_estimated_ms,126.27371290176107,31.462867301717957
error_ms,11.211448486792282,25.530999235938935
absolute_error_ms,28.07028871140956,23.441383554997213
absolute_relative_error_percent,20.835660074977877,16.558114697616467
error_per_sample_ms,10.388590057049715,43.025849589448505
absolute_error_per_sample_ms,27.185330073349633,34.929992342833486
absolute_relative_error_per_sample_percent,20.297202700084423,25.818721461553338
