metrics,mean,std
pep_reference_ms,137.87356451358494,20.14601560316418
pep_estimated_ms,120.23629942991319,30.951568394145934
error_ms,16.668184800469046,25.00843194024718
absolute_error_ms,29.401383688674333,24.884115148555757
absolute_relative_error_percent,21.591785329202597,17.723725112022283
error_per_sample_ms,15.323657982164715,43.410780630982494
absolute_error_per_sample_ms,27.65658331876202,36.80249676418801
absolute_relative_error_per_sample_percent,20.390083791362898,26.339598821699912
