metrics,mean,std
pep_reference_ms,137.87356451358494,20.14601560316418
pep_estimated_ms,144.7169978293177,25.012108987397866
error_ms,-6.790515762331806,20.422318438375903
absolute_error_ms,30.790972925890305,10.61052494250485
absolute_relative_error_percent,24.59795967658195,9.851332941893281
error_per_sample_ms,-8.847399242163279,39.60211773628845
absolute_error_per_sample_ms,29.47915949018257,27.885181697479766
absolute_relative_error_per_sample_percent,23.818303030974672,25.92617364117582
