metrics,mean,std
pep_reference_ms,137.87356451358494,20.14601560316418
pep_estimated_ms,125.26435890335388,31.832616013623266
error_ms,12.223386360033881,25.999865596804543
absolute_error_ms,28.090462779492935,23.86160529288467
absolute_relative_error_percent,20.769062363517026,16.76887057600408
error_per_sample_ms,11.453537658950115,42.749839611398485
absolute_error_per_sample_ms,27.12292142158461,34.972552741597454
absolute_relative_error_per_sample_percent,20.166320571621885,25.50315769896649
