metrics,mean,std
pep_reference_ms,137.87356451358494,20.14601560316418
pep_estimated_ms,153.77690674774294,17.06455756497802
error_ms,-16.338762149409366,6.755124597179879
absolute_error_ms,19.65382927794309,6.1575716665271605
absolute_relative_error_percent,16.555235033696885,7.380267719741517
error_per_sample_ms,-16.341573033707864,18.899009853654213
absolute_error_per_sample_ms,19.149277688603533,16.047577595053937
absolute_relative_error_per_sample_percent,16.351164615659922,19.924348073969295
