metrics,mean,std
pep_reference_ms,137.87356451358494,20.14601560316418
pep_estimated_ms,137.07097350908137,31.752754581595507
error_ms,0.3179048418727257,28.62850686459399
absolute_error_ms,31.436134151332006,13.33643939294881
absolute_relative_error_percent,24.33954459810376,9.954587051478958
error_per_sample_ms,0.3463884430176565,37.922689993335936
absolute_error_per_sample_ms,31.220866773675763,21.529233130432228
absolute_relative_error_per_sample_percent,24.352011712921453,19.98825648024825
