metrics,mean,std
pep_reference_ms,137.87356451358494,20.14601560316418
pep_estimated_ms,100.3384281041121,18.441317531666463
error_ms,37.12253502954167,16.500439420738246
absolute_error_ms,42.51343084214877,12.119618261062994
absolute_relative_error_percent,30.911292132383082,7.999817033518809
error_per_sample_ms,37.959800611030715,29.970564833120154
absolute_error_per_sample_ms,43.11625663289918,21.91277327978944
absolute_relative_error_per_sample_percent,31.458817430821835,15.45369297784295
