metrics,mean,std
pep_reference_ms,137.87356451358494,20.14601560316418
pep_estimated_ms,158.52969945185782,17.000604792759752
error_ms,-21.09151074382343,9.816235490978348
absolute_error_ms,25.494046701845424,7.783843560210004
absolute_relative_error_percent,21.42719540152529,9.554385901648226
error_per_sample_ms,-21.196660780221546,24.84659012226503
absolute_error_per_sample_ms,24.982822282870444,21.03592307739632
absolute_relative_error_per_sample_percent,21.239936916104554,24.98871060223627
