metrics,mean,std
pep_reference_ms,137.87356451358494,20.14601560316418
pep_estimated_ms,102.17608736759037,19.107082729123558
error_ms,35.235897778642034,17.370532162058883
absolute_error_ms,40.72371382398029,12.965656443345772
absolute_relative_error_percent,29.602238915331448,8.569961423649485
error_per_sample_ms,36.506109324758846,29.853357483369788
absolute_error_per_sample_ms,41.72411575562701,21.97765081786809
absolute_relative_error_per_sample_percent,30.409508707134517,15.592503846542803
