metrics,mean,std
pep_reference_ms,91.81678678514223,20.888297889774446
pep_estimated_ms,90.13981586365752,23.794818750061953
error_ms,1.5667072270848008,13.032772380172055
absolute_error_ms,16.319322652939487,8.103975582838963
absolute_relative_error_percent,21.447492097463062,14.867957563338702
pearson_r,0.41467636371118954,0.29170810522334056
error_per_sample_ms,0.7239152371342079,24.29181952159848
absolute_error_per_sample_ms,17.118264379414732,17.250552848442968
absolute_relative_error_per_sample_percent,23.161394084202524,29.086419632921
