metrics,mean,std
pep_reference_ms,91.81678678514223,20.888297889774446
pep_estimated_ms,98.11808584104388,35.3329514841608
error_ms,-5.33503721100749,36.99638445467606
absolute_error_ms,41.18845778728066,16.2402408708209
absolute_relative_error_percent,48.703807407058115,20.233694179586422
pearson_r,0.2575462651935367,0.3592536048122318
error_per_sample_ms,-14.339356295878035,42.89458963319515
absolute_error_per_sample_ms,37.47769621682665,25.317686408114138
absolute_relative_error_per_sample_percent,46.4754239888204,34.142506778693594
