metrics,mean,std
pep_reference_ms,91.81678678514223,20.888297889774446
pep_estimated_ms,105.49783336420904,22.956319191273227
error_ms,-13.8089752330502,14.578317143989807
absolute_error_ms,22.769898446863618,7.241953737306226
absolute_relative_error_percent,28.446339308071497,11.900717301410863
pearson_r,0.25255402513513303,0.3212264382549761
error_per_sample_ms,-12.972053462940462,24.661672387100797
absolute_error_per_sample_ms,23.300526528959093,15.282595311247098
absolute_relative_error_per_sample_percent,29.737838859611987,23.45807414935973
