metrics,mean,std
pep_reference_ms,91.81678678514223,20.888297889774446
pep_estimated_ms,100.37159045888961,37.007648723534714
error_ms,-7.487117829315019,38.71947652140305
absolute_error_ms,41.59721817834637,16.229005358774643
absolute_relative_error_percent,49.16450797930374,20.120385362400942
pearson_r,0.25344657055342296,0.3619762756182016
error_per_sample_ms,-16.264577446699203,42.11988408461968
absolute_error_per_sample_ms,37.757513485743644,24.758660912807084
absolute_relative_error_per_sample_percent,46.90953365561627,34.49766981034361
