metrics,mean,std
pep_reference_ms,91.81678678514223,20.888297889774446
pep_estimated_ms,98.07123526125277,22.14877830867669
error_ms,-6.390971914429839,13.748566884697048
absolute_error_ms,18.799265324035673,8.498083918252513
absolute_relative_error_percent,23.26549110883031,12.87222326352191
pearson_r,0.21610755675382887,0.268699558223439
error_per_sample_ms,-6.677952274117887,26.14972221620469
absolute_error_per_sample_ms,19.127472975729145,19.04055661273631
absolute_relative_error_per_sample_percent,24.26262572659735,27.284647679791856
