metrics,mean,std
pep_reference_ms,91.81678678514223,20.888297889774446
pep_estimated_ms,73.65140785745857,26.208458916204176
error_ms,18.0018059114945,15.311333597246854
absolute_error_ms,22.137951927247183,14.215063024465731
absolute_relative_error_percent,24.656213123136368,16.2113255883866
pearson_r,0.3031485145830747,0.3234988972002264
error_per_sample_ms,17.185554171855543,28.580169570663898
absolute_error_per_sample_ms,21.43005396430054,25.552341418525003
absolute_relative_error_per_sample_percent,24.298682666917212,27.96961807401018
