metrics,mean,std
pep_reference_ms,91.81678678514223,20.888297889774446
pep_estimated_ms,56.25256285312333,23.173837715061893
error_ms,35.55125139322505,14.202375390805278
absolute_error_ms,38.02882737485618,11.988632179169187
absolute_relative_error_percent,42.40395464147491,15.03029841179993
pearson_r,0.16798246383747706,0.3266515143945887
error_per_sample_ms,36.054601861427095,24.7364582159409
absolute_error_per_sample_ms,38.794208893485006,20.170176915031416
absolute_relative_error_per_sample_percent,44.45815444844654,22.203372169929352
