metrics,mean,std
pep_reference_ms,91.81678678514223,20.888297889774446
pep_estimated_ms,115.23604473951447,23.219848596749266
error_ms,-23.60006423222968,11.36304718255868
absolute_error_ms,25.647338843058076,9.724561234144666
absolute_relative_error_percent,32.659880550277386,16.039611972348453
pearson_r,0.29314807739658666,0.31105541296525036
error_per_sample_ms,-22.733333333333334,21.469129136183348
absolute_error_per_sample_ms,25.043892339544513,18.722483991069776
absolute_relative_error_per_sample_percent,32.76146255113139,31.163648038349734
