metrics,mean,std
pep_reference_ms,91.81678678514223,20.888297889774446
pep_estimated_ms,73.30474585817984,26.05395439666364
error_ms,18.3785759825259,15.287785933354764
absolute_error_ms,22.404879335474718,14.214807559627834
absolute_relative_error_percent,24.86880736283862,16.147921500036045
pearson_r,0.30379950844846837,0.3195448138258547
error_per_sample_ms,17.780523255813954,28.60569741577974
absolute_error_per_sample_ms,21.771802325581394,25.6986683582923
absolute_relative_error_per_sample_percent,24.618434885783973,27.931039398350425
