metrics,mean,std
pep_reference_ms,91.81678678514223,20.888297889774446
pep_estimated_ms,108.81349014797702,11.017267100365716
error_ms,-17.090011397959085,14.052920346460569
absolute_error_ms,21.971592366611162,9.266717515464737
absolute_relative_error_percent,30.000742217727385,18.50039609637001
pearson_r,0.2788927564501125,0.31555634049092973
error_per_sample_ms,-18.605119935496877,20.896966647536686
absolute_error_per_sample_ms,22.59262245515017,16.504760327903234
absolute_relative_error_per_sample_percent,31.725764208637564,32.01357670769718
