metrics,mean,std
pep_reference_ms,91.81678678514223,20.888297889774446
pep_estimated_ms,97.38000287392578,22.182298414438858
error_ms,-5.69753432238047,13.656046551045598
absolute_error_ms,18.747869461227328,8.56350547507823
absolute_relative_error_percent,23.119340211530137,12.783474404081632
pearson_r,0.2135290013187852,0.26623412417402254
error_per_sample_ms,-5.814148435902679,26.158318533243996
absolute_error_per_sample_ms,19.013085258638316,18.882916603880773
absolute_relative_error_per_sample_percent,24.015677260534055,26.870942913223317
