metrics,mean,std
pep_reference_ms,91.81678678514223,20.888297889774446
pep_estimated_ms,69.9475483990709,24.836112857113942
error_ms,21.63459504062979,14.510334275420906
absolute_error_ms,23.70332111893781,14.285354178081791
absolute_relative_error_percent,26.166367280222516,16.232886513705957
pearson_r,0.29722262359338547,0.30504830054489707
error_per_sample_ms,21.192086790044673,27.87988010106608
absolute_error_per_sample_ms,22.908317379281005,26.487756639940837
absolute_relative_error_per_sample_percent,25.75409354823734,28.064394958035894
