metrics,mean,std
pep_reference_ms,91.81678678514223,20.888297889774446
pep_estimated_ms,107.4839186582179,10.717186950102764
error_ms,-15.760439908199958,14.254928188181411
absolute_error_ms,21.2370322926362,9.367100125601702
absolute_relative_error_percent,29.05956246087151,18.40547323811182
pearson_r,0.281671507498464,0.318691799326096
error_per_sample_ms,-16.937109453739165,20.19181539684519
absolute_error_per_sample_ms,21.640596653900424,15.041930133177942
absolute_relative_error_per_sample_percent,30.49700663215259,30.600052619661298
