metrics,mean,std
pep_reference_ms,91.81678678514223,20.888297889774446
pep_estimated_ms,112.60275136777983,14.115414732118703
error_ms,-20.887290284720322,11.707183687589707
absolute_error_ms,22.90905724417245,10.449606847122187
absolute_relative_error_percent,31.68203735778437,19.84184353097914
pearson_r,0.29060967610023525,0.32410183208817017
error_per_sample_ms,-21.64775699054516,20.491625200985858
absolute_error_per_sample_ms,23.59303962985315,18.218138409935136
absolute_relative_error_per_sample_percent,33.360350925690945,34.45529949770263
