metrics,mean,std
pep_reference_ms,91.81678678514223,20.888297889774446
pep_estimated_ms,93.64069706447732,21.184214264769103
error_ms,-2.021986627414613,13.003736720365618
absolute_error_ms,19.509577191460274,9.22975268015701
absolute_relative_error_percent,23.376208141508698,12.521085095556261
pearson_r,0.17384974765659383,0.29349721413240826
error_per_sample_ms,-2.1758835758835757,28.333179577444785
absolute_error_per_sample_ms,19.794594594594596,20.38817204016046
absolute_relative_error_per_sample_percent,24.276795722970007,26.57102672400954
