metrics,mean,std
pep_reference_ms,91.81678678514223,20.888297889774446
pep_estimated_ms,108.73995679298687,11.027665593089823
error_ms,-17.016478042968927,14.044533929469361
absolute_error_ms,21.92531292952856,9.239753879697574
absolute_relative_error_percent,29.92814725552998,18.45979097693976
pearson_r,0.28351201732404213,0.31317937699426435
error_per_sample_ms,-18.48780487804878,20.80801517938526
absolute_error_per_sample_ms,22.514815561378754,16.36629173488693
absolute_relative_error_per_sample_percent,31.610569058556113,31.84961038391359
