metrics,mean,std
pep_reference_ms,91.81678678514223,20.888297889774446
pep_estimated_ms,98.79262029726675,37.6895665395115
error_ms,-5.741139800349512,40.16983575254481
absolute_error_ms,42.348933050676706,17.366716045305605
absolute_relative_error_percent,49.69012390802622,20.42309401330913
pearson_r,0.2537813524508487,0.3630202569810944
error_per_sample_ms,-15.562726801451529,42.752883544288444
absolute_error_per_sample_ms,38.00596163815448,25.01108547838813
absolute_relative_error_per_sample_percent,47.12983664160955,34.33732362239887
