metrics,mean,std
pep_reference_ms,137.87356451358494,20.14601560316418
pep_estimated_ms,118.37943843477376,29.31640888953279
error_ms,19.166704002363538,15.49033468468389
absolute_error_ms,22.198931633913734,14.65457181581101
absolute_relative_error_percent,16.391275172763624,12.186246519286357
pearson_r,0.33818721388124334,0.2163466726870946
error_per_sample_ms,18.65279841505696,35.34899901080675
absolute_error_per_sample_ms,21.532111606405813,33.67264155880932
absolute_relative_error_per_sample_percent,15.950639466277988,25.223781561485065
