metrics,mean,std
pep_reference_ms,137.87356451358494,20.14601560316418
pep_estimated_ms,129.5675303554189,41.50512071668814
error_ms,11.349985725557827,41.73376828869955
absolute_error_ms,49.6448531889913,23.744241600835966
absolute_relative_error_percent,38.12007081015546,19.431069886265114
pearson_r,0.23170353660486176,0.33483569622908743
error_per_sample_ms,3.6385717755647318,64.7458028998857
absolute_error_per_sample_ms,50.649502064610154,40.4955076313884
absolute_relative_error_per_sample_percent,39.58704281604521,33.560342887415096
