metrics,mean,std
pep_reference_ms,137.87356451358494,20.14601560316418
pep_estimated_ms,132.41712117188123,28.493571952650456
error_ms,5.000206417549118,21.307660994404227
absolute_error_ms,23.056839235656753,17.361050795241383
absolute_relative_error_percent,17.209737127208772,11.999067891684874
pearson_r,0.2708952044875289,0.26317562397352506
error_per_sample_ms,5.299727082998876,34.90637756887561
absolute_error_per_sample_ms,22.49221383849735,27.214750022340503
absolute_relative_error_per_sample_percent,16.970226744514903,21.13406793943816
