metrics,mean,std
pep_reference_ms,137.87356451358494,20.14601560316418
pep_estimated_ms,123.67147486865939,30.401005393498334
error_ms,13.729892235858587,16.070027884860888
absolute_error_ms,18.877321296580376,14.490520774661965
absolute_relative_error_percent,14.150744829385493,11.942741935923003
pearson_r,0.36641784982131975,0.21620021589832034
error_per_sample_ms,13.655228492437795,31.601903217078736
absolute_error_per_sample_ms,18.262806960481377,29.18245078889861
absolute_relative_error_per_sample_percent,13.755691412298221,22.416734735830747
