metrics,mean,std
pep_reference_ms,137.87356451358494,20.14601560316418
pep_estimated_ms,100.3384281041121,18.441317531666463
error_ms,37.12253502954167,16.500439420738246
absolute_error_ms,42.51343084214877,12.119618261062994
absolute_relative_error_percent,30.911292132383082,7.999817033518809
pearson_r,0.047327301554206454,0.2507765140400231
error_per_sample_ms,37.959800611030715,29.970564833120278
absolute_error_per_sample_ms,43.11625663289918,21.91277327978937
absolute_relative_error_per_sample_percent,31.458817430821806,15.453692977842966
