metrics,mean,std
pep_reference_ms,137.87356451358494,20.14601560316418
pep_estimated_ms,131.89930027977326,43.63136872798231
error_ms,8.416908833238644,43.60328278360345
absolute_error_ms,49.15297698269907,22.52260013023845
absolute_relative_error_percent,38.00562599722497,18.759711703542028
pearson_r,0.2526083308962039,0.3019009274314148
error_per_sample_ms,-0.2812569645642969,62.35538929425823
absolute_error_per_sample_ms,49.05148205928237,38.49968554815103
absolute_relative_error_per_sample_percent,38.62324743069151,33.035114265046566
