metrics,mean,std
pep_reference_ms,137.87356451358494,20.14601560316418
pep_estimated_ms,102.62217528156775,19.26736395017727
error_ms,34.789809864664655,17.702749328077594
absolute_error_ms,40.33645752703031,13.254709972178372
absolute_relative_error_percent,29.319535029506437,8.764856550599603
pearson_r,0.06159417156257501,0.2449348206712386
error_per_sample_ms,36.057877813504824,29.974295429469382
absolute_error_per_sample_ms,41.332475884244374,22.141711229828413
absolute_relative_error_per_sample_percent,30.122415802349813,15.731543680121781
