metrics,mean,std
pep_reference_ms,137.87356451358494,20.14601560316418
pep_estimated_ms,125.4153409785674,29.852562289338422
error_ms,11.857592398756237,15.29934446805424
absolute_error_ms,20.581149294788357,12.740951373043831
absolute_relative_error_percent,15.17846399598229,11.198088260484457
pearson_r,0.38557398365566503,0.21647313119696393
error_per_sample_ms,11.23960920682232,33.859895347037885
absolute_error_per_sample_ms,20.12187448253022,29.46067710260139
absolute_relative_error_per_sample_percent,14.835121390977392,22.457853673246575
