metrics,mean,std
pep_reference_ms,137.87356451358494,20.14601560316418
pep_estimated_ms,133.59338471667232,28.438229253077736
error_ms,3.8239428727580034,21.40976532033475
absolute_error_ms,22.822740089311726,17.118414580467192
absolute_relative_error_percent,17.130128705355347,11.850728971772632
pearson_r,0.26654395241245593,0.2579854200996481
error_per_sample_ms,3.9951838176272276,34.71082256768771
absolute_error_per_sample_ms,22.24145127628833,26.946623947845875
absolute_relative_error_per_sample_percent,16.881968887088068,21.316244191602213
