metrics,mean,std
pep_reference_ms,137.87356451358494,20.14601560316418
pep_estimated_ms,133.11822047725553,43.03333087324932
error_ms,6.9503504893789305,42.3957570549475
absolute_error_ms,48.479134147901036,21.962144908306485
absolute_relative_error_percent,37.692241854761974,18.543124305144953
pearson_r,0.2520760936744795,0.2990999790813545
error_per_sample_ms,-2.174641675854465,60.96490881383948
absolute_error_per_sample_ms,48.07629547960309,37.55155104727395
absolute_relative_error_per_sample_percent,38.09737665940223,32.930470967459996
