metrics,mean,std
pep_reference_ms,137.87356451358494,20.14601560316418
pep_estimated_ms,127.9160561491655,26.809691366164397
error_ms,9.50111249498627,20.201271624928644
absolute_error_ms,24.66435788066403,17.129730061528402
absolute_relative_error_percent,18.0540446580672,11.910219652476295
pearson_r,0.2267810608203169,0.2613662466810792
error_per_sample_ms,9.424066924066924,37.18731101222359
absolute_error_per_sample_ms,24.276705276705275,29.70438887802824
absolute_relative_error_per_sample_percent,17.910984951849265,22.00469796879956
