metrics,mean,std
pep_reference_ms,91.81678678514223,20.888297889774446
pep_estimated_ms,96.37173333120712,20.836852333280692
error_ms,-4.551553769253332,6.381958926135317
absolute_error_ms,5.439458490213246,5.928150511075355
absolute_relative_error_percent,6.749355491007226,8.160857994047568
error_per_sample_ms,-4.4150360453141095,9.97114996326119
absolute_error_per_sample_ms,5.285478887744593,9.538348274123448
absolute_relative_error_per_sample_percent,6.759220794273484,13.307404823203411
