metrics,mean,std
pep_reference_ms,91.81678678514223,20.888297889774446
pep_estimated_ms,95.33849988690753,18.741231321009412
error_ms,-3.521713101765306,5.461513333290068
absolute_error_ms,5.432358384859054,4.159658235594051
absolute_relative_error_percent,7.063865035312031,6.629544879050817
error_per_sample_ms,-4.4152,6.693490043318225
absolute_error_per_sample_ms,6.0408,5.273095424890354
absolute_relative_error_per_sample_percent,8.08835965442041,8.55909493597227
