metrics,mean,std
pep_reference_ms,91.81678678514223,20.888297889774446
pep_estimated_ms,97.33849988690753,18.741231321009412
error_ms,-5.521713101765306,5.461513333290068
absolute_error_ms,6.464106047974066,4.622118093384699
absolute_relative_error_percent,8.407442307670077,7.499819656963126
error_per_sample_ms,-6.4152,6.693490043318225
absolute_error_per_sample_ms,7.1988,5.842506188272298
absolute_relative_error_per_sample_percent,9.629585210777288,9.644892659843961
