metrics,mean,std
pep_reference_ms,91.81678678514223,20.888297889774446
pep_estimated_ms,93.33849988690753,18.741231321009412
error_ms,-1.5217131017653063,5.461513333290068
absolute_error_ms,5.1957220562511965,3.4347391678557906
absolute_relative_error_percent,6.596409333924505,5.469999861339962
error_per_sample_ms,-2.4152,6.693490043318225
absolute_error_per_sample_ms,5.6048,4.384314879202914
absolute_relative_error_per_sample_percent,7.363556151846025,7.120486625508794
