metrics,mean,std
pep_reference_ms,91.81678678514223,20.888297889774446
pep_estimated_ms,80.31123940668212,20.400331277554564
error_ms,11.520793960979757,3.9316714968396376
absolute_error_ms,11.706619332950694,4.045189361311833
absolute_relative_error_percent,13.473314062956149,4.519981663544273
error_per_sample_ms,11.320392235341204,6.349661512792546
absolute_error_per_sample_ms,11.542125275165098,5.937072159019893
absolute_relative_error_per_sample_percent,13.76643853997408,7.14624195886645
