metrics,mean,std
pep_reference_ms,137.87356451358494,20.14601560316418
pep_estimated_ms,138.16231679240508,18.594254110958936
error_ms,-0.2887522788201424,5.817497203417935
absolute_error_ms,4.742027232695839,3.7806162403004833
absolute_relative_error_percent,3.734457005631696,3.4199749215981643
pearson_r,0.9878564744900974,0.033901818381908776
error_per_sample_ms,-0.5387989714112842,7.091902682504904
absolute_error_per_sample_ms,4.773559219482681,5.2724302145980095
absolute_relative_error_per_sample_percent,3.7613539672759564,5.097838705574873
