metrics,mean,std
pep_reference_ms,137.87356451358494,20.14601560316418
pep_estimated_ms,146.16231679240508,18.59425411095894
error_ms,-8.288752278820143,5.817497203417935
absolute_error_ms,8.431691345748723,5.656074616918712
absolute_relative_error_percent,6.70787394601858,5.257358120074205
pearson_r,0.9878564744900974,0.033901818381908776
error_per_sample_ms,-8.538798971411284,7.091902682504904
absolute_error_per_sample_ms,8.668885191347753,6.932286857273454
absolute_relative_error_per_sample_percent,6.859502294511187,6.7782096244694605
