metrics,mean,std
pep_reference_ms,137.87356451358494,20.14601560316418
pep_estimated_ms,144.16231679240508,18.59425411095894
error_ms,-6.288752278820142,5.817497203417935
absolute_error_ms,6.725974104935607,5.370434764588115
absolute_relative_error_percent,5.41336501473251,4.915946307941787
pearson_r,0.9878564744900974,0.033901818381908776
error_per_sample_ms,-6.538798971411285,7.091902682504904
absolute_error_per_sample_ms,6.955679927393738,6.6835239503050605
absolute_relative_error_per_sample_percent,5.566956037004262,6.439999407965904
