metrics,mean,std
pep_reference_ms,85.50076117148666,22.481860688192324
pep_estimated_ms,102.28265154874337,23.62777071117381
error_ms,-16.701220739452992,19.14299460048573
absolute_error_ms,24.594111736823326,14.085378406105779
absolute_relative_error_percent,38.012014242972164,35.23005171162792
pearson_r,0.1996452073056191,0.317536302960489
error_per_sample_ms,-17.18061382203577,28.35619515920161
absolute_error_per_sample_ms,24.433870611614044,22.41056139733137
absolute_relative_error_per_sample_percent,38.980926081557314,54.191421192080355
