metrics,mean,std
pep_reference_ms,85.50076117148666,22.481860688192324
pep_estimated_ms,79.53931452289184,25.39232011091984
error_ms,5.893055094925647,16.280644652215756
absolute_error_ms,19.245485878821444,11.426604179156456
absolute_relative_error_percent,24.406875472557648,14.435158793565074
pearson_r,0.23761785427795498,0.3264817312544974
error_per_sample_ms,4.923142613151152,28.26572826576095
absolute_error_per_sample_ms,18.60333048676345,21.842729279637187
absolute_relative_error_per_sample_percent,24.47628201164643,31.834430786525193
