metrics,mean,std
pep_reference_ms,85.50076117148666,22.481860688192324
pep_estimated_ms,66.32547804015535,26.232739191685333
error_ms,19.18088762008875,22.214896938025955
absolute_error_ms,27.03385131172773,18.407636586943866
absolute_relative_error_percent,32.01229908848838,21.008018868471506
pearson_r,0.25558420669964005,0.3568913233148773
error_per_sample_ms,15.867599067599068,34.21242701564436
absolute_error_per_sample_ms,24.982284382284384,28.251660650544636
absolute_relative_error_per_sample_percent,30.541682626186812,34.24899934428072
