metrics,mean,std
pep_reference_ms,85.50076117148666,22.481860688192324
pep_estimated_ms,102.12981165660248,38.955425631757144
error_ms,-15.209873770564984,40.818519814532884
absolute_error_ms,44.95647277219106,18.576234313082594
absolute_relative_error_percent,60.00000831832643,37.23156352366509
pearson_r,0.1979968176649115,0.37054280336170664
error_per_sample_ms,-23.95693248124479,43.65699084079543
absolute_error_per_sample_ms,41.78910808557933,27.083904973175237
absolute_relative_error_per_sample_percent,58.05311370304361,54.16581823614137
