metrics,mean,std
pep_reference_ms,85.50076117148666,22.481860688192324
pep_estimated_ms,104.78884903104127,20.360669566099073
error_ms,-19.30354533765654,16.29229217224216
absolute_error_ms,26.31119375940981,9.23741141363514
absolute_relative_error_percent,40.57199687550712,28.67356367764498
pearson_r,0.2263660806749742,0.3399045082032219
error_per_sample_ms,-19.67841222670346,24.08540046377945
absolute_error_per_sample_ms,26.815325833156443,15.757053142207536
absolute_relative_error_per_sample_percent,42.36327586879229,46.5272003494019
