metrics,mean,std
pep_reference_ms,85.50076117148666,22.481860688192324
pep_estimated_ms,107.22067261486774,23.24132448618814
error_ms,-21.73543062102152,12.464369441929673
absolute_error_ms,23.222524567123333,11.713334386767078
absolute_relative_error_percent,35.54689035181134,30.038083861995958
pearson_r,0.41704908446601996,0.31127986908007577
error_per_sample_ms,-20.692408663312186,20.097713209695257
absolute_error_per_sample_ms,22.41500765696784,18.156576887914458
absolute_relative_error_per_sample_percent,35.51613247477662,47.13349542693158
