metrics,mean,std
pep_reference_ms,85.50076117148666,22.481860688192324
pep_estimated_ms,97.41726728936919,38.10694914528504
error_ms,-10.540494797662449,40.30316348970362
absolute_error_ms,43.2875732328476,16.840093247438414
absolute_relative_error_percent,57.294855647076204,33.033676663671564
pearson_r,0.2043443909870759,0.36949315956791773
error_per_sample_ms,-20.388447851081303,41.908193537787916
absolute_error_per_sample_ms,39.44128113879004,24.82681682189394
absolute_relative_error_per_sample_percent,54.69360985778218,48.92475565216468
