metrics,mean,std
pep_reference_ms,85.50076117148666,22.481860688192324
pep_estimated_ms,77.81386817818235,23.121325769965893
error_ms,7.683496234277615,17.230293995459885
absolute_error_ms,23.149963171332082,8.025954793989552
absolute_relative_error_percent,34.6744181603256,27.564776884823214
pearson_r,0.29851224509386237,0.32693928724602905
error_per_sample_ms,7.0763682647433175,26.822577810569406
absolute_error_per_sample_ms,23.856597369537546,14.155862042634164
absolute_relative_error_per_sample_percent,36.612557128143884,45.59614862620809
