metrics,mean,std
pep_reference_ms,85.50076117148666,22.481860688192324
pep_estimated_ms,67.66382790325918,26.569548539593914
error_ms,17.754152292373934,22.013048048656056
absolute_error_ms,24.55714342062451,18.432262712700204
absolute_relative_error_percent,29.633171200776935,21.558606357163832
pearson_r,0.28387965001772436,0.35609913874779453
error_per_sample_ms,13.824208824208824,31.735134876225153
absolute_error_per_sample_ms,21.867636867636868,26.833449145659678
absolute_relative_error_per_sample_percent,27.247249791217513,35.502269216074446
