metrics,mean,std
pep_reference_ms,85.50076117148666,22.481860688192324
pep_estimated_ms,90.8324826636087,21.774652012647415
error_ms,-5.384573872498299,16.361907058600657
absolute_error_ms,20.09920749190191,9.825603713251926
absolute_relative_error_percent,29.308320956215546,22.19611369264438
pearson_r,0.17935344175174164,0.3594877908779473
error_per_sample_ms,-4.905559132861129,26.7146265144087
absolute_error_per_sample_ms,20.299849753165915,18.045827224298566
absolute_relative_error_per_sample_percent,30.352944991438754,35.206906740429496
