metrics,mean,std
pep_reference_ms,85.50076117148666,22.481860688192324
pep_estimated_ms,65.36755855556251,26.13001224011378
error_ms,19.97043777117376,21.70090226910852
absolute_error_ms,25.208308614895447,18.653432134287808
absolute_relative_error_percent,30.1340437049428,21.50917476110374
pearson_r,0.2908131106495614,0.3577446100638356
error_per_sample_ms,16.012811553692057,31.0878255751365
absolute_error_per_sample_ms,22.115769857908223,27.08792639602011
absolute_relative_error_per_sample_percent,27.126524337124003,34.01805240123158
