metrics,mean,std
pep_reference_ms,85.50076117148666,22.481860688192324
pep_estimated_ms,89.50213437307457,34.936384469729205
error_ms,-2.3135946150853477,37.25583488555229
absolute_error_ms,38.253464666093706,17.59206497845324
absolute_relative_error_percent,49.93592761585335,29.030589948668368
pearson_r,0.21640072394964027,0.3834700016349495
error_per_sample_ms,-11.802986789201608,37.813513690419775
absolute_error_per_sample_ms,33.017231476163126,21.88686227879854
absolute_relative_error_per_sample_percent,45.568236689324586,41.58425940884479
