metrics,mean,std
pep_reference_ms,85.50076117148666,22.481860688192324
pep_estimated_ms,64.81128692752141,21.38927530575288
error_ms,20.697085225477096,19.290052197869073
absolute_error_ms,30.14743714465819,10.052820430459663
absolute_relative_error_percent,39.36627084997234,17.628862959241008
pearson_r,0.08576861979776484,0.3225721206499317
error_per_sample_ms,20.35711252653928,27.663988321219968
absolute_error_per_sample_ms,29.999575371549895,16.725243130713352
absolute_relative_error_per_sample_percent,40.58679423869947,32.41734229486657
