metrics,mean,std
pep_reference_ms,85.50076117148666,22.481860688192324
pep_estimated_ms,110.05416481002393,20.344302985748953
error_ms,-24.55635306711663,9.83437251336703
absolute_error_ms,25.112653471345055,9.634713832612194
absolute_relative_error_percent,39.10613004103373,28.239062103649136
pearson_r,0.4549833594719356,0.3088865801972008
error_per_sample_ms,-24.533290924512297,16.930405452311373
absolute_error_per_sample_ms,25.116412213740457,16.052626883967662
absolute_relative_error_per_sample_percent,40.38113372352668,48.601565014542786
