metrics,mean,std
pep_reference_ms,85.50076117148666,22.481860688192324
pep_estimated_ms,101.70775845472019,19.716913564471923
error_ms,-16.24433290121831,16.5587739528153
absolute_error_ms,26.686485892490463,8.541759677759964
absolute_relative_error_percent,40.01098989549314,26.901556001550983
pearson_r,0.17264847513439985,0.36459155752490646
error_per_sample_ms,-16.30224598930481,27.16912342499855
absolute_error_per_sample_ms,27.275935828877007,16.122897278020265
absolute_relative_error_per_sample_percent,41.888373285121716,42.06359417561083
