metrics,mean,std
pep_reference_ms,85.50076117148666,22.481860688192324
pep_estimated_ms,90.25616852561089,20.155893030133523
error_ms,-3.865084094272641,16.346889970692253
absolute_error_ms,17.34396003015165,12.232184857833474
absolute_relative_error_percent,29.869373055226095,35.791294651015086
pearson_r,0.3272933317454342,0.3835249175803456
error_per_sample_ms,-4.124511830921204,26.2816064611303
absolute_error_per_sample_ms,17.150011486331266,20.33744187551228
absolute_relative_error_per_sample_percent,28.618307360713665,56.24062520731867
