metrics,mean,std
pep_reference_ms,85.50076117148666,22.481860688192324
pep_estimated_ms,73.53718215118917,24.762336423036306
error_ms,11.840667470043154,15.742219460445407
absolute_error_ms,19.932620734294105,12.454570070516441
absolute_relative_error_percent,24.493530866388834,14.890766427059017
pearson_r,0.25917580133570206,0.33058981928670644
error_per_sample_ms,10.73927108043994,27.55959206288206
absolute_error_per_sample_ms,18.77032564157861,22.859088637142605
absolute_relative_error_per_sample_percent,23.855406185088384,30.646583017537978
