metrics,mean,std
pep_reference_ms,85.50076117148666,22.481860688192324
pep_estimated_ms,107.61671436270672,19.78678539299394
error_ms,-22.150421654996233,16.55112229125137
absolute_error_ms,30.841835510981486,8.770135475431896
absolute_relative_error_percent,46.192645589834,29.826225765763873
pearson_r,0.17077205455990485,0.3613637958788434
error_per_sample_ms,-22.185003204443493,27.35609367951623
absolute_error_per_sample_ms,31.406537064729758,15.942385586398036
absolute_relative_error_per_sample_percent,48.25697650446939,46.1361666443798
