metrics,mean,std
pep_reference_ms,85.50076117148666,22.481860688192324
pep_estimated_ms,96.90196904764075,21.41625558114063
error_ms,-11.404157304733456,17.664631044646274
absolute_error_ms,18.043406937198547,14.463722329399548
absolute_relative_error_percent,32.55178654748989,41.95317288948678
pearson_r,0.29623646855442265,0.3257279162628841
error_per_sample_ms,-12.601145038167939,26.85687868184102
absolute_error_per_sample_ms,18.93659881255301,22.83606827403717
absolute_relative_error_per_sample_percent,34.70296222022239,65.56063875100136
