metrics,mean,std
pep_reference_ms,85.50076117148666,22.481860688192324
pep_estimated_ms,88.77928958872059,33.109126215819764
error_ms,-1.7174282349407337,34.90250679418545
absolute_error_ms,37.232275473236406,17.27338584367933
absolute_relative_error_percent,48.61927957227882,27.393390444152033
pearson_r,0.21349621914030856,0.4023360566176263
error_per_sample_ms,-10.664576802507836,37.69158415823025
absolute_error_per_sample_ms,32.55924764890282,21.77806481923861
absolute_relative_error_per_sample_percent,44.77900672186649,40.396399448352916
