metrics,mean,std
pep_reference_ms,85.50076117148666,22.481860688192324
pep_estimated_ms,90.30262271445116,35.03811370754139
error_ms,-3.3006780863680616,36.46224336811477
absolute_error_ms,37.717015668753696,16.996059181362334
absolute_relative_error_percent,49.641725941457985,29.214396454020225
pearson_r,0.2068938310333823,0.39220754469339697
error_per_sample_ms,-12.526151222285389,36.997983650817204
absolute_error_per_sample_ms,32.59209778283115,21.529292157060606
absolute_relative_error_per_sample_percent,45.26159815181167,41.686672511379484
