metrics,mean,std
pep_reference_ms,85.50076117148666,22.481860688192324
pep_estimated_ms,105.68353759890834,19.751006196905955
error_ms,-20.220212029928454,16.562950364891886
absolute_error_ms,29.412180031736607,8.622700458906845
absolute_relative_error_percent,44.0892856669636,28.837768333691226
pearson_r,0.17037638715278067,0.3640079258718842
error_per_sample_ms,-20.250748182984182,27.2399000991875
absolute_error_per_sample_ms,29.98781530568619,15.90081421111527
absolute_relative_error_per_sample_percent,46.09415385064734,44.741742164765455
