metrics,mean,std
pep_reference_ms,85.50076117148666,22.481860688192324
pep_estimated_ms,102.6007974734258,40.77635010520412
error_ms,-16.253136975917684,41.84719431850223
absolute_error_ms,47.03042644705562,17.170475524238576
absolute_relative_error_percent,63.25576571548845,36.06954311406248
pearson_r,0.2087286733143438,0.3554409313778092
error_per_sample_ms,-25.32615629984051,45.135871450605165
absolute_error_per_sample_ms,44.824295587453484,25.8736083609941
absolute_relative_error_per_sample_percent,62.066056966176426,52.41641944273983
