metrics,mean,std
pep_reference_ms,85.50076117148666,22.481860688192324
pep_estimated_ms,98.80706514127002,19.85427558846459
error_ms,-13.301749614447708,16.40471630457666
absolute_error_ms,22.04955488171899,11.174707086230908
absolute_relative_error_percent,34.56789288273831,30.093063972514607
pearson_r,0.22292422050374394,0.3149799742046293
error_per_sample_ms,-14.213097269624573,25.923670923059053
absolute_error_per_sample_ms,22.40848976109215,19.28492765736743
absolute_relative_error_per_sample_percent,36.120725839178846,48.68843093689231
