metrics,mean,std
pep_reference_ms,85.50076117148666,22.481860688192324
pep_estimated_ms,111.43937143267773,19.31112989755302
error_ms,-25.93804117125191,15.414858330775779
absolute_error_ms,30.870199903278785,9.421628512058042
absolute_relative_error_percent,47.07764906059911,31.367073273674677
pearson_r,0.21785144252160743,0.323207212262719
error_per_sample_ms,-26.31242051716829,23.561161614333066
absolute_error_per_sample_ms,31.353539635438747,16.26122266061173
absolute_relative_error_per_sample_percent,49.139163599634024,50.24377455497908
