metrics,mean,std
pep_reference_ms,85.50076117148666,22.481860688192324
pep_estimated_ms,107.73471034297341,19.42874367122623
error_ms,-22.233380081547608,15.494396829973477
absolute_error_ms,28.038396968483074,9.126802900281247
absolute_relative_error_percent,43.02673456551196,29.452389132740265
pearson_r,0.21695555780371042,0.32213427543815043
error_per_sample_ms,-22.778507842306063,23.66107452747362
absolute_error_per_sample_ms,28.638618058499365,16.079067852834434
absolute_relative_error_per_sample_percent,45.11549436615553,48.04254945157845
