metrics,mean,std
pep_reference_ms,85.50076117148666,22.481860688192324
pep_estimated_ms,56.933810272096665,23.96153811549319
error_ms,28.607125817192475,18.633893378409226
absolute_error_ms,30.54575852547565,17.53335900018177
absolute_relative_error_percent,36.72605579908711,19.123699757167063
pearson_r,0.34001612900460376,0.3593886507697084
error_per_sample_ms,25.138426626323753,27.123803327606023
absolute_error_per_sample_ms,27.22062531517902,25.033552637457387
absolute_relative_error_per_sample_percent,33.39549094906049,29.44272692117201
