metrics,mean,std
pep_reference_ms,85.50076117148666,22.481860688192324
pep_estimated_ms,72.02599311771638,27.86361623385288
error_ms,13.46519889790275,23.438809372299353
absolute_error_ms,25.478761507988718,17.693559076522316
absolute_relative_error_percent,31.39746373423228,21.12701666688225
pearson_r,0.276979514050144,0.34681577929424906
error_per_sample_ms,10.227444865226108,33.866453681506066
absolute_error_per_sample_ms,23.94764981064825,26.039342963665476
absolute_relative_error_per_sample_percent,30.573849361136556,35.811316047515675
