metrics,mean,std
pep_reference_ms,85.50076117148666,22.481860688192324
pep_estimated_ms,104.05416481002393,20.344302985748953
error_ms,-18.55635306711663,9.83437251336703
absolute_error_ms,19.333819123134994,9.565578706085436
absolute_relative_error_percent,31.277715939016193,25.820177486004066
pearson_r,0.4549833594719356,0.3088865801972008
error_per_sample_ms,-18.533290924512297,16.930405452311373
absolute_error_per_sample_ms,19.36704834605598,15.969938623357166
absolute_relative_error_per_sample_percent,32.28637000766876,45.17695312291076
