metrics,mean,std
pep_reference_ms,85.50076117148666,22.481860688192324
pep_estimated_ms,59.658463214802794,23.34926798566414
error_ms,25.604560847151326,13.696657906358313
absolute_error_ms,27.92505169640152,12.861271658562956
absolute_relative_error_percent,34.126444153431066,15.418466314112228
pearson_r,0.3065672501271406,0.339043160164287
error_per_sample_ms,24.960639036814076,24.387857844473455
absolute_error_per_sample_ms,26.734660801111367,22.42897731101201
absolute_relative_error_per_sample_percent,33.38857350251482,25.717369855050556
