metrics,mean,std
pep_reference_ms,85.50076117148666,22.481860688192324
pep_estimated_ms,65.1431841669243,25.662917603023207
error_ms,20.31973107818159,21.672608941750212
absolute_error_ms,26.571252864242034,18.52440336342812
absolute_relative_error_percent,31.245587181567462,20.990925902063633
pearson_r,0.2604045221070157,0.3625885530894021
error_per_sample_ms,16.88859919412183,33.53466840063806
absolute_error_per_sample_ms,24.213083669115903,28.697131332466636
absolute_relative_error_per_sample_percent,29.26435357512159,34.41813134622176
