metrics,mean,std
pep_reference_ms,85.50076117148666,22.481860688192324
pep_estimated_ms,62.300245898000234,24.63097355730411
error_ms,23.12863610146583,20.727537872265582
absolute_error_ms,27.000700566501134,18.65033366774704
absolute_relative_error_percent,31.463699469030786,20.85030727659107
pearson_r,0.25504039666650163,0.38499415656297203
error_per_sample_ms,19.299732164597028,32.37719782212622
absolute_error_per_sample_ms,23.87289992695398,29.169286064556275
absolute_relative_error_per_sample_percent,28.45169543360055,34.453753040763246
