metrics,mean,std
pep_reference_ms,85.50076117148666,22.481860688192324
pep_estimated_ms,102.91763245749804,41.164184648702076
error_ms,-16.518521635132537,42.677870285811444
absolute_error_ms,48.50579594517037,17.109402346566267
absolute_relative_error_percent,65.01309850912239,36.40462053142554
pearson_r,0.19565019513305248,0.3607736134105286
error_per_sample_ms,-25.633315593400745,46.79786999085111
absolute_error_per_sample_ms,46.52421500798297,26.12670897534661
absolute_relative_error_per_sample_percent,64.09004895404564,52.91754699301512
