metrics,mean,std
pep_reference_ms,85.50076117148666,22.481860688192324
pep_estimated_ms,113.73471034297341,19.42874367122623
error_ms,-28.233380081547615,15.494396829973477
absolute_error_ms,32.67532030119622,9.78108134997312
absolute_relative_error_percent,49.72034459192306,32.460236093176974
pearson_r,0.21695555780371042,0.32213427543815043
error_per_sample_ms,-28.778507842306063,23.66107452747362
absolute_error_per_sample_ms,33.29398050021195,16.720042579964876
absolute_relative_error_per_sample_percent,52.059038349213886,52.30070132952948
