metrics,mean,std
pep_reference_ms,85.50076117148666,22.481860688192324
pep_estimated_ms,104.55909737844486,20.306318732523287
error_ms,-19.07281902619075,16.30130201638887
absolute_error_ms,26.13584616931894,9.233974049607967
absolute_relative_error_percent,40.26424012602006,28.515001947543116
pearson_r,0.22424865722516904,0.34153843316184435
error_per_sample_ms,-19.356050955414013,24.076761102137016
absolute_error_per_sample_ms,26.60403397027601,15.702627495625118
absolute_relative_error_per_sample_percent,41.981615179610365,45.60133853931979
