metrics,mean,std
pep_reference_ms,85.50076117148666,22.481860688192324
pep_estimated_ms,116.47839356311793,20.500111382714874
error_ms,-30.902145988474622,14.251045018935727
absolute_error_ms,32.21878900817094,13.317232584416509
absolute_relative_error_percent,49.95059975272262,37.80349593479844
pearson_r,0.20921998416735607,0.29449102447822206
error_per_sample_ms,-30.745990463805807,22.88489270252272
absolute_error_per_sample_ms,32.17251842219333,20.831785856715367
absolute_relative_error_per_sample_percent,51.3669368269176,61.49708955238081
