metrics,mean,std
pep_reference_ms,85.50076117148666,22.481860688192324
pep_estimated_ms,81.43671999374547,25.541304980345302
error_ms,4.023602289220949,16.51068305296863
absolute_error_ms,19.59575690045758,11.050314452725008
absolute_relative_error_percent,25.069545356638784,14.42980284299824
pearson_r,0.23501462749436983,0.3276728475857158
error_per_sample_ms,3.143070044709389,28.5734409545242
absolute_error_per_sample_ms,19.13540557802853,21.451262681995786
absolute_relative_error_per_sample_percent,25.395913448123856,31.974279546818877
