metrics,mean,std
pep_reference_ms,85.50076117148666,22.481860688192324
pep_estimated_ms,98.90196904764075,21.41625558114063
error_ms,-13.404157304733456,17.664631044646274
absolute_error_ms,18.50724966096085,15.064568715758995
absolute_relative_error_percent,33.519972754027414,43.32083442457513
pearson_r,0.29623646855442265,0.3257279162628841
error_per_sample_ms,-14.601145038167939,26.85687868184102
absolute_error_per_sample_ms,19.470525869380833,23.566586331637318
absolute_relative_error_per_sample_percent,35.808133143918226,67.32974498716055
