metrics,mean,std
pep_reference_ms,85.50076117148666,22.481860688192324
pep_estimated_ms,120.38947155116068,20.660265886861033
error_ms,-34.80859587954216,14.329326221674473
absolute_error_ms,36.07100862955586,13.370677586454233
absolute_relative_error_percent,55.11363880934778,39.407081390469756
pearson_r,0.20420201541326394,0.2959505430850199
error_per_sample_ms,-34.661541792983975,23.054579589866528
absolute_error_per_sample_ms,36.00931139021221,20.88697232092287
absolute_relative_error_per_sample_percent,56.65909296730622,63.757898213491664
