metrics,mean,std
pep_reference_ms,85.50076117148666,22.481860688192324
pep_estimated_ms,56.49210709626521,21.105212895703364
error_ms,29.001500487194207,19.028395643970338
absolute_error_ms,35.10851045242178,12.066750174595981
absolute_relative_error_percent,43.619732113383314,15.593276941536008
pearson_r,0.0818587863948226,0.3198086623296472
error_per_sample_ms,28.78577549271637,27.55784511994404
absolute_error_per_sample_ms,35.09125964010283,18.885422824040347
absolute_relative_error_per_sample_percent,45.10485721170971,28.40871661513771
