metrics,mean,std
pep_reference_ms,85.50076117148666,22.481860688192324
pep_estimated_ms,71.92503392356562,23.967301461322513
error_ms,13.436537057799109,15.612383957791565
absolute_error_ms,20.475833380828416,12.644969538799433
absolute_relative_error_percent,24.68497106242883,14.660255146237564
pearson_r,0.25865258529196267,0.3172246281774625
error_per_sample_ms,12.547136947528848,27.60677682924642
absolute_error_per_sample_ms,19.509906379272806,23.214829862651825
absolute_relative_error_per_sample_percent,24.352284060710797,28.767215262307143
