metrics,mean,std
pep_reference_ms,85.50076117148666,22.481860688192324
pep_estimated_ms,121.47711616873175,10.793973009829807
error_ms,-35.97087758952671,15.495216885438557
absolute_error_ms,36.55314185822636,15.61056943484522
absolute_relative_error_percent,60.05463044176066,49.436713196584826
pearson_r,0.19865486600314225,0.2913047231827318
error_per_sample_ms,-37.82533305138507,22.65801040760873
absolute_error_per_sample_ms,38.28843307253119,21.86634740714162
absolute_relative_error_per_sample_percent,64.4738363159972,76.75983413036614
