metrics,mean,std
pep_reference_ms,85.50076117148666,22.481860688192324
pep_estimated_ms,108.5272650197704,20.33327685076231
error_ms,-23.04196132638568,16.300217831895907
absolute_error_ms,29.097283074866173,9.37002244640457
absolute_relative_error_percent,44.59859281808421,30.41431562470361
pearson_r,0.22622346080649677,0.3383234343474323
error_per_sample_ms,-23.33793249840798,24.106297236039662
absolute_error_per_sample_ms,29.55911696030567,15.87549256746104
absolute_relative_error_per_sample_percent,46.456225719646824,48.35567440502007
