metrics,mean,std
pep_reference_ms,85.50076117148666,22.481860688192324
pep_estimated_ms,88.90196904764075,21.41625558114063
error_ms,-3.4041573047334572,17.664631044646274
absolute_error_ms,18.49749168609385,12.031565971239765
absolute_relative_error_percent,31.285010487363937,36.133022241852686
pearson_r,0.29623646855442265,0.3257279162628841
error_per_sample_ms,-4.601145038167939,26.85687868184102
absolute_error_per_sample_ms,19.0803647158609,19.452561540915752
absolute_relative_error_per_sample_percent,32.97378535700201,57.90449865741396
