metrics,mean,std
pep_reference_ms,85.50076117148666,22.481860688192324
pep_estimated_ms,97.66153165734642,22.535086732937526
error_ms,-12.035803617281509,18.286687739616998
absolute_error_ms,23.94238421392937,13.196599995211798
absolute_relative_error_percent,35.59825135381304,32.28252177011386
pearson_r,0.20130802640272183,0.31686875178974044
error_per_sample_ms,-12.541350022351363,30.05864797177914
absolute_error_per_sample_ms,23.68886902101028,22.352746202198382
absolute_relative_error_per_sample_percent,36.34556246269966,48.37882709161927
