metrics,mean,std
pep_reference_ms,85.50076117148666,22.481860688192324
pep_estimated_ms,100.88383784596466,39.14020264953981
error_ms,-14.48331433600537,40.59180697169558
absolute_error_ms,47.843035276971406,16.406841156707337
absolute_relative_error_percent,63.615222973478986,33.143300081179326
pearson_r,0.17303382955493926,0.3578087472100777
error_per_sample_ms,-23.710995970063326,47.48066248792098
absolute_error_per_sample_ms,46.09729418537709,26.29950777050828
absolute_relative_error_per_sample_percent,63.01014351079645,51.52960903845202
