metrics,mean,std
pep_reference_ms,85.50076117148666,22.481860688192324
pep_estimated_ms,59.9320801341847,24.53824610221138
error_ms,25.633668284942832,21.6677864672979
absolute_error_ms,34.433223490239435,11.60588219824673
absolute_relative_error_percent,44.345279271390716,18.420512918274863
pearson_r,0.08301469474415801,0.29806876344944844
error_per_sample_ms,25.973443427806295,30.090134030651523
absolute_error_per_sample_ms,34.93662128989065,18.959652484335944
absolute_relative_error_per_sample_percent,46.26861761044389,32.51950813173397
