metrics,mean,std
pep_reference_ms,85.50076117148666,22.481860688192324
pep_estimated_ms,97.21622778993097,21.549087799764834
error_ms,-11.718416047023688,17.898575290900588
absolute_error_ms,18.329779689833238,14.689549446007073
absolute_relative_error_percent,32.981182839591945,42.5855172372271
pearson_r,0.2921288133010766,0.3207433200963372
error_per_sample_ms,-13.055555555555555,27.065541991310376
absolute_error_per_sample_ms,19.27777777777778,23.05121207438342
absolute_relative_error_per_sample_percent,35.21361245781422,65.77471645824804
