metrics,mean,std
pep_reference_ms,85.50076117148666,22.481860688192324
pep_estimated_ms,98.09255499406198,19.868465713501934
error_ms,-12.580118255118466,16.313121724608926
absolute_error_ms,21.87131029968138,11.064334889351535
absolute_relative_error_percent,34.096146903142554,29.690260285759393
pearson_r,0.23015638477483905,0.30571093568667757
error_per_sample_ms,-13.379347130360571,25.83291209487461
absolute_error_per_sample_ms,22.033070194154043,18.997107536561646
absolute_relative_error_per_sample_percent,35.36562816428902,48.05001156263842
