metrics,mean,std
pep_reference_ms,85.50076117148666,22.481860688192324
pep_estimated_ms,91.1300894885355,22.417418702665696
error_ms,-5.683269273095657,9.35534580359403
absolute_error_ms,10.783129689952341,7.108753394058951
absolute_relative_error_percent,17.859992045068378,19.059024010144373
pearson_r,0.5072410546301633,0.3079642083146025
error_per_sample_ms,-4.804375531011045,17.054555558756874
absolute_error_per_sample_ms,10.676083262531861,14.140761497217529
absolute_relative_error_per_sample_percent,18.069104050009393,34.069847203804734
