metrics,mean,std
pep_reference_ms,85.50076117148666,22.481860688192324
pep_estimated_ms,112.28309604194413,20.121645424538077
error_ms,-26.556878288959236,13.297909809144079
absolute_error_ms,28.80652589426844,12.475578430648646
absolute_relative_error_percent,44.227512940522104,33.45761135978304
pearson_r,0.21714189287093702,0.32343956974338267
error_per_sample_ms,-26.224184782608695,23.333359490143938
absolute_error_per_sample_ms,28.471920289855074,20.530545234280424
absolute_relative_error_per_sample_percent,44.90384927387759,56.21892857766828
