metrics,mean,std
pep_reference_ms,85.50076117148666,22.481860688192324
pep_estimated_ms,112.95546151311117,13.02010457652726
error_ms,-27.386913842791024,19.412575268879742
absolute_error_ms,30.17569888349177,16.558273011530346
absolute_relative_error_percent,50.59167100385421,47.55973980536842
pearson_r,0.12963846833033063,0.28931600449339007
error_per_sample_ms,-29.204326923076923,25.25377297473696
absolute_error_per_sample_ms,31.250655594405593,22.672500643055606
absolute_relative_error_per_sample_percent,53.735821881999236,70.02694563078542
