metrics,mean,std
pep_reference_ms,85.50076117148666,22.481860688192324
pep_estimated_ms,109.79810217977409,7.340971541731606
error_ms,-24.26440828198464,17.975007063200643
absolute_error_ms,27.812209702607408,14.37414674200769
absolute_relative_error_percent,47.44294878932183,44.353955636080784
pearson_r,0.1827553602360818,0.2975427546289482
error_per_sample_ms,-26.707565162110615,23.093168583924164
absolute_error_per_sample_ms,29.39330366603094,19.560730347571862
absolute_relative_error_per_sample_percent,51.220667997886515,66.44289464118356
