metrics,mean,std
pep_reference_ms,85.50076117148666,22.481860688192324
pep_estimated_ms,99.98165583464967,20.04642121208788
error_ms,-14.480206854871776,16.433979236783923
absolute_error_ms,23.027248238101485,11.299664687799066
absolute_relative_error_percent,35.879016016099506,30.722962087717637
pearson_r,0.23067740743780188,0.30443585087730374
error_per_sample_ms,-15.249627263045793,26.025175968782904
absolute_error_per_sample_ms,23.284558040468582,19.17525156883201
absolute_relative_error_per_sample_percent,37.32998785130514,49.34611889494939
