metrics,mean,std
pep_reference_ms,85.50076117148666,22.481860688192324
pep_estimated_ms,117.85450992504164,7.340111821035532
error_ms,-32.3208160272522,17.97140533481274
absolute_error_ms,34.264333265420134,15.50287582592675
absolute_relative_error_percent,56.98967311815907,48.788392853240026
pearson_r,0.17794975715113007,0.2994234180388977
error_per_sample_ms,-34.79762661580843,23.118532993977382
absolute_error_per_sample_ms,36.17546090273363,20.896827854045956
absolute_relative_error_per_sample_percent,61.44470872881997,72.34272537987633
