metrics,mean,std
pep_reference_ms,85.50076117148666,22.481860688192324
pep_estimated_ms,102.17735102092372,20.4424326392368
error_ms,-16.724539278016426,9.649828268637043
absolute_error_ms,18.359962893904747,9.195834314807248
absolute_relative_error_percent,29.292644331441977,24.65772218089752
pearson_r,0.49901716235678917,0.3109515833956372
error_per_sample_ms,-16.389395546129375,17.241402915716566
absolute_error_per_sample_ms,18.318557794273595,15.175925052774321
absolute_relative_error_per_sample_percent,30.103965098610757,41.161007977261434
