metrics,mean,std
pep_reference_ms,85.50076117148666,22.481860688192324
pep_estimated_ms,124.61060110470834,20.9763207351581
error_ms,-39.040225743815185,14.521373847217175
absolute_error_ms,40.22609238099186,13.367077105569257
absolute_relative_error_percent,60.86868069173404,41.040329190517355
pearson_r,0.20759885877280249,0.2916840937505433
error_per_sample_ms,-39.12915766738661,23.13794095889852
absolute_error_per_sample_ms,40.277753779697626,21.075052598717935
absolute_relative_error_per_sample_percent,62.82465213058047,66.73720607096894
