metrics,mean,std
pep_reference_ms,85.50076117148666,22.481860688192324
pep_estimated_ms,101.66949909437506,40.795932467234316
error_ms,-15.342829412232426,42.17709076031654
absolute_error_ms,47.14210476606518,17.17777099196932
absolute_relative_error_percent,63.275015777739064,35.79340192468725
pearson_r,0.21540910896630425,0.3553809623821421
error_per_sample_ms,-24.816397849462366,45.454732295986304
absolute_error_per_sample_ms,44.84220430107527,25.906813847773858
absolute_relative_error_per_sample_percent,61.96983816854525,52.31472741574344
