metrics,mean,std
pep_reference_ms,85.50076117148666,22.481860688192324
pep_estimated_ms,110.69036941687162,10.799302453118386
error_ms,-25.179668115203835,15.649712593890266
absolute_error_ms,27.02651843347269,14.092271818611756
absolute_relative_error_percent,46.43003295846815,43.231452317017
pearson_r,0.21675878493415182,0.30471663965766493
error_per_sample_ms,-26.86896697713802,21.42993570889746
absolute_error_per_sample_ms,28.39775613886537,19.35848592177462
absolute_relative_error_per_sample_percent,49.839526585013246,65.28456694270086
