metrics,mean,std
pep_reference_ms,85.50076117148666,22.481860688192324
pep_estimated_ms,93.77650619597944,22.40261645192038
error_ms,-8.293734746537021,16.224310254312215
absolute_error_ms,19.182765890420775,10.116455183745783
absolute_relative_error_percent,29.189979975639872,23.89638197497531
pearson_r,0.22627774866245948,0.33890607311288745
error_per_sample_ms,-8.070138150903295,24.015956679258515
absolute_error_per_sample_ms,19.22337938363443,16.50318121052863
absolute_relative_error_per_sample_percent,30.01171527004381,38.93797496547262
