metrics,mean,std
pep_reference_ms,85.50076117148666,22.481860688192324
pep_estimated_ms,93.51550063733366,22.37816009691198
error_ms,-8.03272918789123,16.23523728933095
absolute_error_ms,19.122127542567238,10.087721546895413
absolute_relative_error_percent,29.015535411004798,23.729468951828522
pearson_r,0.22515122607011462,0.3374476008649375
error_per_sample_ms,-7.73028692879915,24.036311240440394
absolute_error_per_sample_ms,19.132624867162594,16.47556553631212
absolute_relative_error_per_sample_percent,29.774393473019824,38.0654353066016
