metrics,mean,std
pep_reference_ms,85.50076117148666,22.481860688192324
pep_estimated_ms,75.73208642706021,25.13241602828536
error_ms,9.672709234348051,16.003623509615544
absolute_error_ms,19.35277819176033,12.250866191521247
absolute_relative_error_percent,24.116296832123957,14.69942059439745
pearson_r,0.24205290554762104,0.3246463990959122
error_per_sample_ms,8.561923159476283,27.880409086148806
absolute_error_per_sample_ms,18.351148315089073,22.66846034730609
absolute_relative_error_per_sample_percent,23.685072910573076,31.53960338163002
