metrics,mean,std
pep_reference_ms,85.50076117148666,22.481860688192324
pep_estimated_ms,115.85450992504164,7.340111821035532
error_ms,-30.320816027252196,17.97140533481274
absolute_error_ms,32.56186530868128,15.265444202394999
absolute_relative_error_percent,54.53341345931997,47.72545141355561
pearson_r,0.17794975715113007,0.2994234180388977
error_per_sample_ms,-32.79762661580843,23.118532993977382
absolute_error_per_sample_ms,34.4089849544395,20.643949085113604
absolute_relative_error_per_sample_percent,58.838021242996355,70.91920078461963
