metrics,mean,std
pep_reference_ms,85.50076117148666,22.481860688192324
pep_estimated_ms,111.64503866949589,10.776653404274226
error_ms,-26.134337367828085,16.06962121163649
absolute_error_ms,27.8674787103949,14.660159252053488
absolute_relative_error_percent,47.893270162214016,45.57926146828476
pearson_r,0.1980464237930269,0.29788710412394304
error_per_sample_ms,-27.854995766299744,22.50196939400612
absolute_error_per_sample_ms,29.274555461473327,20.621343755499716
absolute_relative_error_per_sample_percent,51.30961955771277,69.92316780433042
