metrics,mean,std
pep_reference_ms,85.50076117148666,22.481860688192324
pep_estimated_ms,55.93891239683297,20.47741912990216
error_ms,29.573758061734576,18.196248565316306
absolute_error_ms,36.204955225910986,10.812088324929396
absolute_relative_error_percent,45.08914388594709,14.792687231818046
pearson_r,0.03203839127399482,0.33113162481790653
error_per_sample_ms,29.61408815903198,28.6609119555769
absolute_error_per_sample_ms,36.497407087294725,19.14109107445387
absolute_relative_error_per_sample_percent,46.95269968626128,28.454064583508092
