metrics,mean,std
pep_reference_ms,85.50076117148666,22.481860688192324
pep_estimated_ms,93.19911100813786,22.323586929155287
error_ms,-7.701746595677911,9.521963205865768
absolute_error_ms,11.632412052247627,7.7309840480028225
absolute_relative_error_percent,19.711651198436734,20.567507545060327
pearson_r,0.4527445159021902,0.2973790163825802
error_per_sample_ms,-7.130674586338566,17.054328723976777
absolute_error_per_sample_ms,11.579974543911753,14.40835999842001
absolute_relative_error_per_sample_percent,20.104834760708503,38.53100556657538
