metrics,mean,std
pep_reference_ms,85.50076117148666,22.481860688192324
pep_estimated_ms,86.25616852561089,20.155893030133523
error_ms,0.13491590572735845,16.346889970692253
absolute_error_ms,18.707896294196505,11.279922367958763
absolute_relative_error_percent,30.721204638137255,33.143174137673014
pearson_r,0.3272933317454342,0.3835249175803456
error_per_sample_ms,-0.12451183092120377,26.2816064611303
absolute_error_per_sample_ms,18.464507236388698,18.7029493366986
absolute_relative_error_per_sample_percent,29.50773670927031,52.59362117029818
