metrics,mean,std
pep_reference_ms,85.50076117148666,22.481860688192324
pep_estimated_ms,44.385747099310656,22.048507472882317
error_ms,41.17203436321334,18.62356162165877
absolute_error_ms,43.83775462795905,14.596309078625499
absolute_relative_error_percent,52.21799675451825,16.968670888260256
pearson_r,0.06802074949215993,0.3391980543375904
error_per_sample_ms,41.199598572702946,27.398537011076534
absolute_error_per_sample_ms,44.084968777876895,22.463354174139187
absolute_relative_error_per_sample_percent,53.808690729148026,26.720909123607743
