metrics,mean,std
pep_reference_ms,85.50076117148666,22.481860688192324
pep_estimated_ms,113.85450992504164,7.340111821035532
error_ms,-28.320816027252196,17.97140533481274
absolute_error_ms,30.919717653388822,15.0119093825658
absolute_relative_error_percent,52.12750488844761,46.64105346216456
pearson_r,0.17794975715113007,0.2994234180388977
error_per_sample_ms,-30.797626615808433,23.118532993977382
absolute_error_per_sample_ms,32.69887688069506,20.34069378614011
absolute_relative_error_per_sample_percent,56.27848964784142,69.46710276633432
