metrics,mean,std
pep_reference_ms,85.50076117148666,22.481860688192324
pep_estimated_ms,101.50470781887228,22.09111466204797
error_ms,-15.83395516101357,13.032566468309508
absolute_error_ms,19.34451396442435,11.702111086769067
absolute_relative_error_percent,31.167419773588904,29.517481839915963
pearson_r,0.2368691705596236,0.31461027296722927
error_per_sample_ms,-15.102453430258974,22.610437702915792
absolute_error_per_sample_ms,18.9525215810995,19.496612999404146
absolute_relative_error_per_sample_percent,31.469405123486997,49.6280915567865
