metrics,mean,std
pep_reference_ms,85.50076117148666,22.481860688192324
pep_estimated_ms,71.43011475432607,27.88259191822069
error_ms,14.045068203785119,23.626921002026158
absolute_error_ms,25.588586740227885,17.988105157456566
absolute_relative_error_percent,31.349889994114097,21.462609892855202
pearson_r,0.28449023715995964,0.3493958556791033
error_per_sample_ms,10.986654804270463,33.6685791277604
absolute_error_per_sample_ms,23.987544483985765,26.05527804302358
absolute_relative_error_per_sample_percent,30.3817600056706,34.31744684349001
