metrics,mean,std
pep_reference_ms,85.50076117148666,22.481860688192324
pep_estimated_ms,75.37445218262704,24.99084878790482
error_ms,10.024200565316098,16.031721001759234
absolute_error_ms,19.445238255559556,12.330365512881658
absolute_relative_error_percent,24.056152924374018,14.853906480896766
pearson_r,0.2571155972802064,0.3312691715554103
error_per_sample_ms,9.051083923588752,27.894174353674437
absolute_error_per_sample_ms,18.511053874221936,22.745284511974972
absolute_relative_error_per_sample_percent,23.71138148419509,31.004245131576848
