metrics,mean,std
pep_reference_ms,85.50076117148666,22.481860688192324
pep_estimated_ms,101.0893752605329,39.05451560672395
error_ms,-14.183008736150335,41.16973915235108
absolute_error_ms,45.12824888641062,18.474414186772805
absolute_relative_error_percent,60.047260132916854,36.80843664412947
pearson_r,0.20110554616810852,0.37232829580633364
error_per_sample_ms,-23.16241234221599,44.209576628931394
absolute_error_per_sample_ms,41.89733520336606,27.121897317056924
absolute_relative_error_per_sample_percent,58.01619116181736,53.91084949022275
