metrics,mean,std
pep_reference_ms,85.50076117148666,22.481860688192324
pep_estimated_ms,103.87303025473969,22.516478416302053
error_ms,-18.299885455877106,14.229859639762394
absolute_error_ms,20.99940194093059,12.430359589790328
absolute_relative_error_percent,34.38009025458549,32.42607569168004
pearson_r,0.22001086880023782,0.29259227933815973
error_per_sample_ms,-17.94729993493819,22.53018502921105
absolute_error_per_sample_ms,20.766211234005638,19.961945881846695
absolute_relative_error_per_sample_percent,35.18306166286063,53.969504150190716
