metrics,mean,std
pep_reference_ms,85.50076117148666,22.481860688192324
pep_estimated_ms,113.43937143267773,19.31112989755302
error_ms,-27.93804117125191,15.414858330775779
absolute_error_ms,32.43270098249956,9.70371815794876
absolute_relative_error_percent,49.32750883696686,32.392413873055474
pearson_r,0.21785144252160743,0.323207212262719
error_per_sample_ms,-28.31242051716829,23.561161614333066
absolute_error_per_sample_ms,32.9156422212802,16.531242824372583
absolute_relative_error_per_sample_percent,51.46796273434773,51.690406812415766
