metrics,mean,std
pep_reference_ms,85.50076117148666,22.481860688192324
pep_estimated_ms,108.05416481002392,20.344302985748953
error_ms,-22.556353067116632,9.83437251336703
absolute_error_ms,23.157821352188762,9.6326427557775
absolute_relative_error_percent,36.46862540964475,27.43691262621279
pearson_r,0.4549833594719356,0.3088865801972008
error_per_sample_ms,-22.533290924512297,16.930405452311373
absolute_error_per_sample_ms,23.168575063613233,16.050076578947596
absolute_relative_error_per_sample_percent,37.65093345763819,47.46627992588226
