metrics,mean,std
pep_reference_ms,85.50076117148666,22.481860688192324
pep_estimated_ms,77.31990229629038,25.070403354282234
error_ms,8.094797331009898,16.139104512555818
absolute_error_ms,19.179606802345326,11.934613504338564
absolute_relative_error_percent,23.921865483967824,14.557231186042495
pearson_r,0.2558184407836689,0.3321170114867848
error_per_sample_ms,7.191730934018851,28.05758783225048
absolute_error_per_sample_ms,18.429091688089116,22.345420299107786
absolute_relative_error_per_sample_percent,23.813434795277324,31.061140199956046
