metrics,mean,std
pep_reference_ms,85.50076117148666,22.481860688192324
pep_estimated_ms,120.50249159099378,10.933506293205795
error_ms,-34.99625301178873,15.281822412323004
absolute_error_ms,35.632930650747745,15.271600310226122
absolute_relative_error_percent,58.592568257598046,47.72429168129898
pearson_r,0.21622988899432097,0.296654524765871
error_per_sample_ms,-36.77627405371114,21.616954579706274
absolute_error_per_sample_ms,37.291816451681115,20.714909710372314
absolute_relative_error_per_sample_percent,62.904093761607776,72.34547236863408
