metrics,mean,std
pep_reference_ms,85.50076117148666,22.481860688192324
pep_estimated_ms,57.02751454268307,21.125597641982647
error_ms,28.469834564099827,19.19312130994773
absolute_error_ms,34.61563506193253,12.322765422082597
absolute_relative_error_percent,43.005357034554045,15.853299539937925
pearson_r,0.09009451282127391,0.31886019262349957
error_per_sample_ms,28.097050021376656,27.498431450039966
absolute_error_per_sample_ms,34.454040188114575,18.93481097957079
absolute_relative_error_per_sample_percent,44.34172067636988,28.72862231859204
