metrics,mean,std
pep_reference_ms,85.50076117148666,22.481860688192324
pep_estimated_ms,109.38318920650767,23.17992662713852
error_ms,-23.852511906557897,12.71347727791874
absolute_error_ms,24.41659511119192,12.446050907466438
absolute_relative_error_percent,37.89735983437909,31.73270532671966
pearson_r,0.37302283320412577,0.29891788622713444
error_per_sample_ms,-23.142544818539573,20.06562833516516
absolute_error_per_sample_ms,23.75251421075645,19.339723106366044
absolute_relative_error_per_sample_percent,38.18933202292334,52.052757272906206
