metrics,mean,std
pep_reference_ms,85.50076117148666,22.481860688192324
pep_estimated_ms,114.91315106984511,20.408927665470607
error_ms,-29.33985709199614,14.150822210768014
absolute_error_ms,30.512867136501747,13.234897400350395
absolute_relative_error_percent,47.858538114781865,37.02359602591845
pearson_r,0.216120232295455,0.2843679753227383
error_per_sample_ms,-29.427766948234783,22.46331285848399
absolute_error_per_sample_ms,30.569633961446826,20.88280085622876
absolute_relative_error_per_sample_percent,49.44668195581026,61.016908918697794
