metrics,mean,std
pep_reference_ms,85.50076117148666,22.481860688192324
pep_estimated_ms,70.15483842889762,23.73967760256937
error_ms,15.18919926580511,15.343159771611607
absolute_error_ms,21.04068601723105,12.758188571288311
absolute_relative_error_percent,25.25462882276517,14.714172681254752
pearson_r,0.2595705644122638,0.31849461989738886
error_per_sample_ms,14.173455978975033,27.218855638106135
absolute_error_per_sample_ms,19.841874726237407,23.41053104874613
absolute_relative_error_per_sample_percent,24.626543209592505,28.646565324857622
