metrics,mean,std
pep_reference_ms,85.50076117148666,22.481860688192324
pep_estimated_ms,114.286239789367,20.348648838249055
error_ms,-28.788428046459753,9.875243212222355
absolute_error_ms,29.21524886986106,9.697004414042771
absolute_relative_error_percent,44.6982650786257,29.93592971569945
pearson_r,0.4488160829317445,0.29786803431042275
error_per_sample_ms,-28.807251908396946,17.072872996750572
absolute_error_per_sample_ms,29.275445292620866,16.256969514512143
absolute_relative_error_per_sample_percent,46.26801257280443,51.76587510283122
