metrics,mean,std
pep_reference_ms,85.50076117148666,22.481860688192324
pep_estimated_ms,106.78884903104127,20.360669566099073
error_ms,-21.30354533765654,16.29229217224216
absolute_error_ms,27.776194313624885,9.275972120955066
absolute_relative_error_percent,42.720558079745764,29.60949792826821
pearson_r,0.2263660806749742,0.3399045082032219
error_per_sample_ms,-21.67841222670346,24.08540046377945
absolute_error_per_sample_ms,28.282954786669496,15.815642279298128
absolute_relative_error_per_sample_percent,44.58738456236804,47.890514898990624
