metrics,mean,std
pep_reference_ms,85.50076117148666,22.481860688192324
pep_estimated_ms,116.86522985837618,23.50753207630452
error_ms,-31.1221671159881,16.032359487472913
absolute_error_ms,33.63045298133642,15.21256169325616
absolute_relative_error_percent,50.34899645126731,38.89118910081727
pearson_r,0.18519239673490376,0.3343371957116445
error_per_sample_ms,-30.328687572590013,26.6406111402208
absolute_error_per_sample_ms,32.87967479674797,23.419616501137007
absolute_relative_error_per_sample_percent,50.80687273009961,61.99964664021291
