metrics,mean,std
pep_reference_ms,85.50076117148666,22.481860688192324
pep_estimated_ms,101.91277677654303,20.158749040665082
error_ms,-16.408113804062936,16.54323222818186
absolute_error_ms,24.326712808908486,11.433869012105463
absolute_relative_error_percent,37.790124340401135,31.671311807543766
pearson_r,0.2295875245210043,0.30482448100115533
error_per_sample_ms,-17.096108866680844,26.289918298149594
absolute_error_per_sample_ms,24.68530725069105,19.340950039844582
absolute_relative_error_per_sample_percent,39.43546358796727,50.58593208776792
