metrics,mean,std
pep_reference_ms,85.50076117148666,22.481860688192324
pep_estimated_ms,94.07637764749265,24.352213951438426
error_ms,-8.54570034754288,19.601757207106566
absolute_error_ms,20.15124220045732,14.024967594701925
absolute_relative_error_percent,34.47422905445246,40.27134870770212
pearson_r,0.24894844515007497,0.3059341627185131
error_per_sample_ms,-9.022518583296895,29.147779765857823
absolute_error_per_sample_ms,21.054000874508088,22.084563705020326
absolute_relative_error_per_sample_percent,36.6508525705323,62.50972490576081
