metrics,mean,std
pep_reference_ms,85.50076117148666,22.481860688192324
pep_estimated_ms,66.04765511642125,26.141624260660134
error_ms,19.3451093117092,21.643135830137858
absolute_error_ms,24.977079025821048,18.592571273484975
absolute_relative_error_percent,30.009377104801448,21.59588848692489
pearson_r,0.2867399863693816,0.3542648467682447
error_per_sample_ms,15.22113365990203,31.246592033590627
absolute_error_per_sample_ms,21.90926055516678,26.981785069414222
absolute_relative_error_per_sample_percent,27.10601008509763,35.20911718856097
