metrics,mean,std
pep_reference_ms,85.50076117148666,22.481860688192324
pep_estimated_ms,96.25616852561089,20.155893030133523
error_ms,-9.86508409427264,16.346889970692253
absolute_error_ms,16.973496748958606,13.640408427572174
absolute_relative_error_percent,30.538298129336376,39.53470651245679
pearson_r,0.3272933317454342,0.3835249175803456
error_per_sample_ms,-10.124511830921204,26.2816064611303
absolute_error_per_sample_ms,16.94004135079256,22.500301709657755
absolute_relative_error_per_sample_percent,29.403183542192703,61.32593786183868
