metrics,mean,std
pep_reference_ms,85.50076117148666,22.481860688192324
pep_estimated_ms,82.08890607936907,20.15437102484502
error_ms,3.465710031456142,15.230281471626801
absolute_error_ms,19.718553274372614,9.291616063743405
absolute_relative_error_percent,27.814074956450824,20.88895414479395
pearson_r,0.23365284870343403,0.3242587312918708
error_per_sample_ms,2.78055738424402,26.67155111091838
absolute_error_per_sample_ms,19.26859776168532,18.650047676287073
absolute_relative_error_per_sample_percent,28.05246446255374,34.37239387775164
