metrics,mean,std
pep_reference_ms,85.50076117148666,22.481860688192324
pep_estimated_ms,92.25616852561089,20.155893030133523
error_ms,-5.865084094272641,16.346889970692253
absolute_error_ms,16.97710699532015,12.680928055940715
absolute_relative_error_percent,29.8173507828385,37.05245279173427
pearson_r,0.3272933317454342,0.3835249175803456
error_per_sample_ms,-6.124511830921204,26.2816064611303
absolute_error_per_sample_ms,16.831150930392834,21.093715692195058
absolute_relative_error_per_sample_percent,28.588740046416646,57.98641091815463
