metrics,mean,std
pep_reference_ms,85.50076117148666,22.481860688192324
pep_estimated_ms,121.44452640398362,10.799346876102607
error_ms,-35.93828782477855,15.605540220515099
absolute_error_ms,36.52377431570043,15.72560263685873
absolute_relative_error_percent,60.07791946429986,49.794473357354434
pearson_r,0.19994332927050118,0.28969512339470765
error_per_sample_ms,-37.76126030873335,22.683100348559705
absolute_error_per_sample_ms,38.226474941848174,21.89000765296814
absolute_relative_error_per_sample_percent,64.42152386783398,76.80263802965315
