metrics,mean,std
pep_reference_ms,85.50076117148666,22.481860688192324
pep_estimated_ms,71.66647332983406,24.556880297805293
error_ms,13.68860686329069,15.62115544423375
absolute_error_ms,20.70063490689206,12.718781477490655
absolute_relative_error_percent,25.311689975956828,15.000623484184421
pearson_r,0.2621519181777701,0.331285989650583
error_per_sample_ms,12.539177489177488,27.38053906828345
absolute_error_per_sample_ms,19.393722943722945,23.03927954943483
absolute_relative_error_per_sample_percent,24.47781068451602,30.32603644051752
