metrics,mean,std
pep_reference_ms,85.50076117148666,22.481860688192324
pep_estimated_ms,116.65104041254261,10.79191555727978
error_ms,-31.143842237377957,15.603418100422363
absolute_error_ms,32.039602767672235,15.000989092242426
absolute_relative_error_percent,53.68932455642959,46.40275387586418
pearson_r,0.21508368527679528,0.3048739432028109
error_per_sample_ms,-32.82966567922133,21.515133002888632
absolute_error_per_sample_ms,33.581675835801946,20.321391310649624
absolute_relative_error_per_sample_percent,57.548963669046806,69.6040910719464
