metrics,mean,std
pep_reference_ms,85.50076117148666,22.481860688192324
pep_estimated_ms,96.78518453183418,38.035092509736764
error_ms,-10.368372324284445,39.48105373299102
absolute_error_ms,44.55201802385803,16.61888250947579
absolute_relative_error_percent,59.008069396646555,31.470451340300567
pearson_r,0.2033631648488625,0.3663031225894863
error_per_sample_ms,-20.656018929310854,44.39974949373492
absolute_error_per_sample_ms,41.51434486838214,25.97244777188891
absolute_relative_error_per_sample_percent,56.991894010404195,49.68474577191732
