metrics,mean,std
pep_reference_ms,85.50076117148666,22.481860688192324
pep_estimated_ms,114.20850640339003,20.22272476781937
error_ms,-28.474855553313663,13.334842055742408
absolute_error_ms,30.702447566511054,12.480574088793121
absolute_relative_error_percent,46.72492703198956,34.15921178283171
pearson_r,0.2122770015720978,0.3254789716672691
error_per_sample_ms,-28.114453743496945,23.557454233103403
absolute_error_per_sample_ms,30.372313956118525,20.564501068369218
absolute_relative_error_per_sample_percent,47.484835374019816,57.27004121500838
