metrics,mean,std
pep_reference_ms,85.50076117148666,22.481860688192324
pep_estimated_ms,98.53883386582893,39.75166225060365
error_ms,-12.076234948856102,41.41989963227668
absolute_error_ms,45.25933109277356,17.15508574120846
absolute_relative_error_percent,60.33859203567088,34.466171670140376
pearson_r,0.21631773641425392,0.3676147042731521
error_per_sample_ms,-22.289882737932913,43.985131653302794
absolute_error_per_sample_ms,42.09680938096537,25.67857704336137
absolute_relative_error_per_sample_percent,58.167769055670945,50.76698052710513
