metrics,mean,std
pep_reference_ms,85.50076117148666,22.481860688192324
pep_estimated_ms,109.8178873880076,23.635190082799273
error_ms,-24.263222459988175,18.524208227932387
absolute_error_ms,30.485070584741358,12.044897149927474
absolute_relative_error_percent,46.14451859585348,33.90897660786308
pearson_r,0.2017044933387662,0.3320962973067238
error_per_sample_ms,-24.024085833150863,26.518938003202198
absolute_error_per_sample_ms,30.375301072914386,18.914329426815222
absolute_relative_error_per_sample_percent,47.348423101915316,52.32149769182721
