metrics,mean,std
pep_reference_ms,85.50076117148666,22.481860688192324
pep_estimated_ms,112.0372261194544,12.754871515960694
error_ms,-26.468678449134273,19.416058034197516
absolute_error_ms,29.47146263777155,16.481869802766308
absolute_relative_error_percent,49.65357585543803,47.21200235461053
pearson_r,0.11491263006571638,0.287402346518341
error_per_sample_ms,-28.155375874125873,25.051182431272032
absolute_error_per_sample_ms,30.44777097902098,22.20856083196905
absolute_relative_error_per_sample_percent,52.64776736707568,69.29490970505198
