metrics,mean,std
pep_reference_ms,85.50076117148666,22.481860688192324
pep_estimated_ms,105.73471034297341,19.42874367122623
error_ms,-20.23338008154761,15.494396829973477
absolute_error_ms,26.547865663542044,9.014721060670134
absolute_relative_error_percent,40.84961218458551,28.48625113550808
pearson_r,0.21695555780371037,0.32213427543815043
error_per_sample_ms,-20.778507842306063,23.66107452747362
absolute_error_per_sample_ms,27.140525646460365,15.968240466039537
absolute_relative_error_per_sample_percent,42.855724066243205,46.663709096989095
