metrics,mean,std
pep_reference_ms,85.50076117148666,22.481860688192324
pep_estimated_ms,116.88107663781719,20.431245971786513
error_ms,-31.30271945874223,14.161272198996533
absolute_error_ms,32.424913686667416,13.276513904565423
absolute_relative_error_percent,50.413093309664234,37.81674825539598
pearson_r,0.21292863047687244,0.2859404866537214
error_per_sample_ms,-31.376271920329074,22.597603074953778
absolute_error_per_sample_ms,32.48820090928773,20.96756795695074
absolute_relative_error_per_sample_percent,52.088445045725166,62.176413178865296
