metrics,mean,std
pep_reference_ms,85.50076117148666,22.481860688192324
pep_estimated_ms,61.70224439965082,20.696783063701684
error_ms,23.825155463396527,18.27852054411771
absolute_error_ms,32.82091860289221,9.35378940887241
absolute_relative_error_percent,42.26763202010103,16.62390989539697
pearson_r,0.027641591089178703,0.33414903417902153
error_per_sample_ms,23.936133733390484,28.840282378413733
absolute_error_per_sample_ms,33.152593227603944,17.481588830950827
absolute_relative_error_per_sample_percent,44.15913228326418,31.021013966908658
