metrics,mean,std
pep_reference_ms,85.50076117148666,22.481860688192324
pep_estimated_ms,94.41341841246002,21.420604723107118
error_ms,-8.91605400000006,15.332253480989216
absolute_error_ms,19.076738704202477,9.284704914783449
absolute_relative_error_percent,28.991928786761896,23.312928951916714
pearson_r,0.22643804769292913,0.3205869159715659
error_per_sample_ms,-8.667585914297836,23.50563941364531
absolute_error_per_sample_ms,19.12409843020789,16.183664265479873
absolute_relative_error_per_sample_percent,29.888192455058086,38.194165241970246
