metrics,mean,std
pep_reference_ms,85.50076117148666,22.481860688192324
pep_estimated_ms,106.28623978936704,20.348648838249055
error_ms,-20.788428046459757,9.875243212222356
absolute_error_ms,21.382396716156325,9.676768160325336
absolute_relative_error_percent,34.136687078445654,26.717820647968477
pearson_r,0.4488160829317445,0.29786803431042275
error_per_sample_ms,-20.807251908396946,17.072872996750572
absolute_error_per_sample_ms,21.468405428329092,16.233677732034515
absolute_relative_error_per_sample_percent,35.33313599241049,47.21772145571673
