metrics,mean,std
pep_reference_ms,85.50076117148666,22.481860688192324
pep_estimated_ms,96.4502211348325,38.07966359946541
error_ms,-9.60382117123373,40.65752453604705
absolute_error_ms,43.54673709364004,16.84374773055552
absolute_relative_error_percent,57.43328602675692,32.77345671691058
pearson_r,0.20791174301272083,0.3720137370479489
error_per_sample_ms,-19.720685840707965,42.52789913503084
absolute_error_per_sample_ms,39.67367256637168,24.970529829452634
absolute_relative_error_per_sample_percent,54.81577356028919,48.759576520589604
