metrics,mean,std
pep_reference_ms,85.50076117148666,22.481860688192324
pep_estimated_ms,112.69036941687162,10.799302453118386
error_ms,-27.179668115203835,15.649712593890266
absolute_error_ms,28.631931082143225,14.412185738178163
absolute_relative_error_percent,48.796079165704896,44.31747633316045
pearson_r,0.21675878493415182,0.30471663965766493
error_per_sample_ms,-28.86896697713802,21.42993570889746
absolute_error_per_sample_ms,30.062023708721423,19.721412965374334
absolute_relative_error_per_sample_percent,52.35313667332489,66.75514776157388
