metrics,mean,std
pep_reference_ms,85.50076117148666,22.481860688192324
pep_estimated_ms,63.726944259224645,25.174995601292807
error_ms,21.732809524493216,21.163880755880257
absolute_error_ms,26.636778952726914,18.59843720136214
absolute_relative_error_percent,31.138078279514176,20.994692608264273
pearson_r,0.25595137457853173,0.3744973635578307
error_per_sample_ms,18.034623707622025,32.89514630155997
absolute_error_per_sample_ms,23.828805001202213,28.974581182326645
absolute_relative_error_per_sample_percent,28.56318091343727,34.49683224698526
