metrics,mean,std
pep_reference_ms,85.50076117148666,22.481860688192324
pep_estimated_ms,115.79810217977409,7.340971541731606
error_ms,-30.26440828198464,17.975007063200643
absolute_error_ms,32.5220828291851,15.251297200221059
absolute_relative_error_percent,54.47618245957698,47.7104013509775
pearson_r,0.1827553602360818,0.2975427546289482
error_per_sample_ms,-32.70756516211062,23.093168583924168
absolute_error_per_sample_ms,34.34180970544607,20.58444461806498
absolute_relative_error_per_sample_percent,58.74385321005116,70.88101620959023
