metrics,mean,std
pep_reference_ms,85.50076117148666,22.481860688192324
pep_estimated_ms,55.11698666909802,21.03917777267532
error_ms,30.39447708182098,19.168870004806507
absolute_error_ms,35.836164860970925,12.8823202627308
absolute_relative_error_percent,44.05205978361321,15.69871526092742
pearson_r,0.08906992036132572,0.3195570218866437
error_per_sample_ms,30.014362272240085,27.47772765710085
absolute_error_per_sample_ms,35.67009646302251,19.58396482139771
absolute_relative_error_per_sample_percent,45.393903248861534,28.116082325287422
