metrics,mean,std
pep_reference_ms,85.50076117148666,22.481860688192324
pep_estimated_ms,114.96651278554356,7.099435690120276
error_ms,-29.432818887754124,18.062282420032105
absolute_error_ms,31.878236862218188,15.312826950600325
absolute_relative_error_percent,53.6188518804972,47.50562696114443
pearson_r,0.19750148373541498,0.3169543216113005
error_per_sample_ms,-31.780461962280143,22.99595290684557
absolute_error_per_sample_ms,33.62576817122272,20.201963457173655
absolute_relative_error_per_sample_percent,57.774501565090084,70.28744626080905
