metrics,mean,std
pep_reference_ms,85.50076117148666,22.481860688192324
pep_estimated_ms,60.444472011480855,24.54545885429893
error_ms,25.11619678256703,21.772448413915175
absolute_error_ms,33.974887409586536,11.814102991602587
absolute_relative_error_percent,43.79954320422867,18.59962402422766
pearson_r,0.09349704764066082,0.29265962317344074
error_per_sample_ms,25.363353346675563,30.016770498302648
absolute_error_per_sample_ms,34.395597064709804,19.00655430892767
absolute_relative_error_per_sample_percent,45.67026974440503,32.87066028479103
