metrics,mean,std
pep_reference_ms,85.50076117148666,22.481860688192324
pep_estimated_ms,108.78884903104127,20.360669566099073
error_ms,-23.30354533765654,16.29229217224216
absolute_error_ms,29.28032799253508,9.361004648171116
absolute_relative_error_percent,44.906184822698734,30.56572782846369
pearson_r,0.2263660806749742,0.3399045082032219
error_per_sample_ms,-23.67841222670346,24.08540046377945
absolute_error_per_sample_ms,29.786244958607515,15.92335807372791
absolute_relative_error_per_sample_percent,46.84831068885373,49.27323016518476
