metrics,mean,std
pep_reference_ms,85.50076117148666,22.481860688192324
pep_estimated_ms,118.88107663781717,20.431245971786513
error_ms,-33.302719458742224,14.161272198996533
absolute_error_ms,34.33673906966564,13.31803965975132
absolute_relative_error_percent,52.97203504614582,38.63140259936111
pearson_r,0.21292863047687244,0.2859404866537214
error_per_sample_ms,-33.376271920329074,22.597603074953778
absolute_error_per_sample_ms,34.404633037454,20.99877181149023
absolute_relative_error_per_sample_percent,54.734623890199984,63.330565261557346
