metrics,mean,std
pep_reference_ms,85.50076117148666,22.481860688192324
pep_estimated_ms,88.25616852561089,20.155893030133523
error_ms,-1.8650840942726419,16.346889970692253
absolute_error_ms,17.9298678983816,11.775831045572044
absolute_relative_error_percent,30.179616036319565,34.49499367339491
pearson_r,0.3272933317454342,0.3835249175803456
error_per_sample_ms,-2.124511830921204,26.2816064611303
absolute_error_per_sample_ms,17.7004364805881,19.543053422997033
absolute_relative_error_per_sample_percent,28.926913163974753,54.44508857254399
