metrics,mean,std
pep_reference_ms,85.50076117148666,22.481860688192324
pep_estimated_ms,66.88444034838386,26.617923287166658
error_ms,18.50914044499234,22.25016978676704
absolute_error_ms,24.887356251318895,18.718714113193617
absolute_relative_error_percent,29.833237892246956,21.715626875261734
pearson_r,0.29000739618500093,0.35741572822915396
error_per_sample_ms,14.7007601935038,31.652172221396683
absolute_error_per_sample_ms,22.1147201105736,26.99836126565561
absolute_relative_error_per_sample_percent,27.313509979469618,34.31000960239305
