metrics,mean,std
pep_reference_ms,85.50076117148666,22.481860688192324
pep_estimated_ms,116.96651278554356,7.099435690120277
error_ms,-31.432818887754124,18.062282420032105
absolute_error_ms,33.567257499249656,15.547385387158837
absolute_relative_error_percent,56.065412023639816,48.570152555388496
pearson_r,0.19750148373541498,0.3169543216113005
error_per_sample_ms,-33.78046196228014,22.99595290684557
absolute_error_per_sample_ms,35.37698664971392,20.45488391716946
absolute_relative_error_per_sample_percent,60.37024447778095,71.72229646521124
