metrics,mean,std
pep_reference_ms,85.50076117148666,22.481860688192324
pep_estimated_ms,62.68959908997994,24.935096140330913
error_ms,22.59578223316909,14.261242818993393
absolute_error_ms,26.340001466770993,12.959985398798425
absolute_relative_error_percent,32.65200294425346,16.027764033579786
pearson_r,0.2835860614165342,0.3404142853134413
error_per_sample_ms,21.76895468820099,25.374839186379095
absolute_error_per_sample_ms,25.20816509645581,21.96174547756564
absolute_relative_error_per_sample_percent,32.009645957006335,27.670582407978614
