metrics,mean,std
pep_reference_ms,85.50076117148666,22.481860688192324
pep_estimated_ms,106.58957815143535,18.841129761626934
error_ms,-21.181676666330397,15.690828108823249
absolute_error_ms,29.009584729308443,8.524024136034322
absolute_relative_error_percent,43.66212454220018,29.02910774748131
pearson_r,0.18989546196766832,0.3214058803351759
error_per_sample_ms,-21.649736147757256,25.319328352721616
absolute_error_per_sample_ms,29.580255057167985,15.322792638854303
absolute_relative_error_per_sample_percent,45.70172423277952,45.422279409499204
