metrics,mean,std
pep_reference_ms,85.50076117148666,22.481860688192324
pep_estimated_ms,91.22994268025332,23.048443525265174
error_ms,-4.79766090409841,17.86973690754114
absolute_error_ms,19.405099406266412,11.999360925876625
absolute_relative_error_percent,32.634974910293025,35.93585661724289
pearson_r,0.2935277347817471,0.3547848359317066
error_per_sample_ms,-4.06608242539081,28.131402110452655
absolute_error_per_sample_ms,19.498105163429653,20.681699785701607
absolute_relative_error_per_sample_percent,31.64358680533137,55.77209893785981
