metrics,mean,std
pep_reference_ms,85.50076117148666,22.481860688192324
pep_estimated_ms,99.4573892299379,36.94457115628861
error_ms,-12.654051184173822,39.03310527189278
absolute_error_ms,44.12879013453665,18.01851962035427
absolute_relative_error_percent,58.50532124203941,34.886691352709015
pearson_r,0.20569771723408656,0.3519349230276482
error_per_sample_ms,-21.66595289079229,44.288326502013575
absolute_error_per_sample_ms,41.11104313245641,27.216750569755714
absolute_relative_error_per_sample_percent,56.52184354742534,52.35063743233985
