metrics,mean,std
pep_reference_ms,85.50076117148666,22.481860688192324
pep_estimated_ms,106.05416481002393,20.344302985748953
error_ms,-20.55635306711663,9.83437251336703
absolute_error_ms,21.219903554800148,9.620137949173637
absolute_relative_error_percent,33.84877680318334,26.638089339470223
pearson_r,0.4549833594719356,0.3088865801972008
error_per_sample_ms,-20.533290924512297,16.930405452311373
absolute_error_per_sample_ms,21.239821882951652,16.035106215763022
absolute_relative_error_per_sample_percent,34.94102009183171,46.33183068765781
