metrics,mean,std
pep_reference_ms,85.50076117148666,22.481860688192324
pep_estimated_ms,111.52841246912729,19.85346348042252
error_ms,-26.052888378408028,16.609560459610893
absolute_error_ms,33.74843785396043,9.261635836527423
absolute_relative_error_percent,50.444900796788836,31.886070077211855
pearson_r,0.16795474362618304,0.3620775929772649
error_per_sample_ms,-26.06722151088348,27.586011168918745
absolute_error_per_sample_ms,34.28574477166026,16.27807589863578
absolute_relative_error_per_sample_percent,52.620986847765785,49.02799912007157
