metrics,mean,std
pep_reference_ms,85.50076117148666,22.481860688192324
pep_estimated_ms,62.31962159523544,24.746694227880866
error_ms,22.965412826944235,14.230946239110326
absolute_error_ms,26.654630334024766,12.911937284142912
absolute_relative_error_percent,32.95427154739361,15.98896821375969
pearson_r,0.2946715365151009,0.3449336100251316
error_per_sample_ms,22.249719542293022,25.39924448494432
absolute_error_per_sample_ms,25.57841597487099,22.043508711934564
absolute_relative_error_per_sample_percent,32.35370561331789,27.382665797935147
