metrics,mean,std
pep_reference_ms,85.50076117148666,22.481860688192324
pep_estimated_ms,55.28476524008436,22.44589961173048
error_ms,30.233094943952135,18.16671648329967
absolute_error_ms,31.493481393067846,17.632650228564238
absolute_relative_error_percent,37.42943980663642,18.701258465386196
pearson_r,0.3195445408774599,0.42228985640262173
error_per_sample_ms,27.58823529411765,28.243871805682875
absolute_error_per_sample_ms,28.829707225355897,26.97545185014903
absolute_relative_error_per_sample_percent,34.710793059003855,30.040233372549235
