metrics,mean,std
pep_reference_ms,85.50076117148666,22.481860688192324
pep_estimated_ms,116.61936246359238,15.569816368293841
error_ms,-31.078943465344608,17.664968891978678
absolute_error_ms,32.15989977190258,17.00961595450604
absolute_relative_error_percent,53.51610090290307,48.99989183793472
pearson_r,0.15128479005199444,0.283272294515468
error_per_sample_ms,-32.21155943293348,25.070912676918347
absolute_error_per_sample_ms,33.08876772082879,23.901227463712186
absolute_relative_error_per_sample_percent,56.539381585947574,74.50684609585976
