metrics,mean,std
pep_reference_ms,85.50076117148666,22.481860688192324
pep_estimated_ms,106.55040484269206,22.84380120558932
error_ms,-21.027305340282457,18.60908439243928
absolute_error_ms,30.522323108193238,11.181047497485991
absolute_relative_error_percent,45.24111611491103,31.761374849299145
pearson_r,0.16091836929299655,0.34144438039777475
error_per_sample_ms,-20.52460825424851,29.37454388298862
absolute_error_per_sample_ms,30.54711984109468,18.73490970722277
absolute_relative_error_per_sample_percent,46.602516547719475,47.78817951549438
