metrics,mean,std
pep_reference_ms,85.50076117148666,22.481860688192324
pep_estimated_ms,66.57651930279631,24.60354889349775
error_ms,18.980121336264624,20.4770346629122
absolute_error_ms,24.9024000788154,18.09285495515936
absolute_relative_error_percent,29.022291270996334,20.363648930535803
pearson_r,0.2561188892651722,0.3878239481927743
error_per_sample_ms,15.53163913595934,32.34779160286851
absolute_error_per_sample_ms,22.269123252858957,28.13712112816894
absolute_relative_error_per_sample_percent,26.688189266170784,34.771517112171786
