metrics,mean,std
pep_reference_ms,85.50076117148666,22.481860688192324
pep_estimated_ms,98.15017379634988,38.5816940790205
error_ms,-11.79964780693442,39.85391787535745
absolute_error_ms,45.449290673275655,16.618747830688733
absolute_relative_error_percent,60.4183671399778,32.055106580093295
pearson_r,0.19635888705419205,0.35429553530648955
error_per_sample_ms,-21.869386557088347,45.18294312657887
absolute_error_per_sample_ms,42.86380980334605,26.123978010739332
absolute_relative_error_per_sample_percent,58.833127072871285,50.447834829328826
