metrics,mean,std
pep_reference_ms,85.50076117148666,22.481860688192324
pep_estimated_ms,110.5272650197704,20.33327685076231
error_ms,-25.04196132638568,16.300217831895907
absolute_error_ms,30.62278938839201,9.516330205634336
absolute_relative_error_percent,46.804763810487486,31.39156827547704
pearson_r,0.22622346080649677,0.3383234343474323
error_per_sample_ms,-25.33793249840798,24.106297236039662
absolute_error_per_sample_ms,31.081086818085332,16.03403978830086
absolute_relative_error_per_sample_percent,48.73667208956707,49.76158219152635
