metrics,mean,std
pep_reference_ms,85.50076117148666,22.481860688192324
pep_estimated_ms,95.21622778993097,21.549087799764834
error_ms,-9.71841604702369,17.898575290900588
absolute_error_ms,18.093758657355064,14.103903353210054
absolute_relative_error_percent,32.27307053279192,41.224816131480864
pearson_r,0.2921288133010766,0.3207433200963372
error_per_sample_ms,-11.055555555555555,27.065541991310376
absolute_error_per_sample_ms,18.963528413910094,22.25204399645536
absolute_relative_error_per_sample_percent,34.37138923429499,63.93785232757924
