metrics,mean,std
pep_reference_ms,85.50076117148666,22.481860688192324
pep_estimated_ms,110.78884903104127,20.360669566099073
error_ms,-25.30354533765654,16.29229217224216
absolute_error_ms,30.81082859686714,9.503984473621331
absolute_relative_error_percent,47.11728564062235,31.54009507228821
pearson_r,0.2263660806749742,0.3399045082032219
error_per_sample_ms,-25.67841222670346,24.08540046377945
absolute_error_per_sample_ms,31.315431967735087,16.088228325682614
absolute_relative_error_per_sample_percent,49.135537011502244,50.679028749603916
