metrics,mean,std
pep_reference_ms,85.50076117148666,22.481860688192324
pep_estimated_ms,113.67433165694727,10.734355664666529
error_ms,-28.16363035527947,15.929647297611467
absolute_error_ms,29.50629582173652,14.84245735745252
absolute_relative_error_percent,50.2356203862072,46.233471266621436
pearson_r,0.19671069704707894,0.2994599204655456
error_per_sample_ms,-29.91913632514818,22.476382891999084
absolute_error_per_sample_ms,31.00592718035563,20.951729905595727
absolute_relative_error_per_sample_percent,53.88145338385115,71.31615284370326
