metrics,mean,std
pep_reference_ms,85.50076117148666,22.481860688192324
pep_estimated_ms,109.61671436270672,19.786785392993938
error_ms,-24.150421654996233,16.55112229125137
absolute_error_ms,32.258801700232915,8.977373706459671
absolute_relative_error_percent,48.28341864697829,30.846173282837615
pearson_r,0.17077205455990485,0.36136379587884343
error_per_sample_ms,-24.185003204443493,27.35609367951623
absolute_error_per_sample_ms,32.81008331553087,16.024003065068754
absolute_relative_error_per_sample_percent,50.40373729976073,47.56508951592439
