metrics,mean,std
pep_reference_ms,85.50076117148666,22.481860688192324
pep_estimated_ms,112.89838327785264,13.032556759402025
error_ms,-27.32983560753251,19.42301816304742
absolute_error_ms,30.13882061626089,16.542900708258802
absolute_relative_error_percent,50.536189036347324,47.53825801626429
pearson_r,0.1320084103789209,0.2894976624054179
error_per_sample_ms,-29.11145104895105,25.237305366464764
absolute_error_per_sample_ms,31.182692307692307,22.628253683823047
absolute_relative_error_per_sample_percent,53.64021799869354,69.98975330259903
