metrics,mean,std
pep_reference_ms,85.50076117148666,22.481860688192324
pep_estimated_ms,109.85450992504164,7.340111821035532
error_ms,-24.320816027252196,17.971405334812744
absolute_error_ms,27.849077764773767,14.390777439478642
absolute_relative_error_percent,47.498128990020064,44.37062706153361
pearson_r,0.17794975715113007,0.2994234180388977
error_per_sample_ms,-26.797626615808433,23.118532993977382
absolute_error_per_sample_ms,29.456664547573638,19.618467671192462
absolute_relative_error_per_sample_percent,51.312023601598426,66.48275705295464
