metrics,mean,std
pep_reference_ms,85.50076117148666,22.481860688192324
pep_estimated_ms,112.52726501977043,20.33327685076231
error_ms,-27.04196132638568,16.300217831895907
absolute_error_ms,32.16893712041606,9.727787511476356
absolute_relative_error_percent,49.03156805064011,32.39012293103424
pearson_r,0.22622346080649677,0.3383234343474323
error_per_sample_ms,-27.33793249840798,24.106297236039662
absolute_error_per_sample_ms,32.62385905327956,16.252997883207705
absolute_relative_error_per_sample_percent,51.03890788421263,51.190864859282776
