metrics,mean,std
pep_reference_ms,85.50076117148666,22.481860688192324
pep_estimated_ms,110.28623978936703,20.34864883824906
error_ms,-24.788428046459753,9.875243212222355
absolute_error_ms,25.280293841276226,9.692469444770573
absolute_relative_error_percent,39.39924128056023,28.315018054659433
pearson_r,0.4488160829317445,0.29786803431042275
error_per_sample_ms,-24.807251908396946,17.072872996750572
absolute_error_per_sample_ms,25.35050890585242,16.255289533691368
absolute_relative_error_per_sample_percent,40.77818531228447,49.48098568096439
