metrics,mean,std
pep_reference_ms,85.50076117148666,22.481860688192324
pep_estimated_ms,96.83662347756642,9.951735753126671
error_ms,-11.339259065106459,16.9894409962238
absolute_error_ms,19.52602161624008,11.486007391727748
absolute_relative_error_percent,33.41536327183989,35.840244466566325
pearson_r,0.17749000923235472,0.2871756168133455
error_per_sample_ms,-13.090156979210862,22.299075453397915
absolute_error_per_sample_ms,19.74819686041578,16.69160557223242
absolute_relative_error_per_sample_percent,35.07171665188253,55.021225817500984
