metrics,mean,std
pep_reference_ms,85.50076117148666,22.481860688192324
pep_estimated_ms,112.58957815143536,18.841129761626934
error_ms,-27.181676666330397,15.690828108823249
absolute_error_ms,33.323153782668456,9.248068875278017
absolute_relative_error_percent,50.035997862251826,32.13656786997028
pearson_r,0.18989546196766832,0.3214058803351759
error_per_sample_ms,-27.649736147757256,25.319328352721616
absolute_error_per_sample_ms,33.90875109938435,15.992901430119796
absolute_relative_error_per_sample_percent,52.31318594705931,49.847857444336526
