metrics,mean,std
pep_reference_ms,85.50076117148666,22.481860688192324
pep_estimated_ms,91.21622778993097,21.549087799764834
error_ms,-5.71841604702369,17.898575290900588
absolute_error_ms,18.3026859160196,12.941984389009036
absolute_relative_error_percent,31.621367308716035,38.42503869342889
pearson_r,0.2921288133010766,0.3207433200963372
error_per_sample_ms,-7.055555555555555,27.065541991310376
absolute_error_per_sample_ms,18.994486853265478,20.531290672094652
absolute_relative_error_per_sample_percent,33.46047104616338,60.10855748744891
