metrics,mean,std
pep_reference_ms,85.50076117148666,22.481860688192324
pep_estimated_ms,119.84887842416734,24.00646669696606
error_ms,-34.2601093435525,17.33858648012821
absolute_error_ms,35.5704740043464,16.283468971680364
absolute_relative_error_percent,54.47378237032909,43.232250300746486
pearson_r,0.18652873215897747,0.2959339724422504
error_per_sample_ms,-33.76474515913643,25.781566022857596
absolute_error_per_sample_ms,35.00311595815713,24.073409303050493
absolute_relative_error_per_sample_percent,55.53399253538436,67.32895330264222
