metrics,mean,std
pep_reference_ms,85.50076117148666,22.481860688192324
pep_estimated_ms,106.17735102092372,20.4424326392368
error_ms,-20.72453927801643,9.649828268637043
absolute_error_ms,22.128139990088435,9.271787541834438
absolute_relative_error_percent,34.40605287207456,26.30133890693506
pearson_r,0.4990171623567893,0.3109515833956372
error_per_sample_ms,-20.389395546129375,17.241402915716566
absolute_error_per_sample_ms,22.046659597030754,15.064468986700195
absolute_relative_error_per_sample_percent,35.36580460115899,43.32604482179853
