metrics,mean,std
pep_reference_ms,85.50076117148666,22.481860688192324
pep_estimated_ms,94.31674766676608,19.117693330999664
error_ms,-8.769936812108552,15.920502247808296
absolute_error_ms,21.87179916450171,10.602245839224999
absolute_relative_error_percent,32.73917140621266,27.581213088531484
pearson_r,0.2184513498575046,0.3190750424432376
error_per_sample_ms,-9.631067961165048,28.05691982367532
absolute_error_per_sample_ms,21.990507011866235,19.908938229493476
absolute_relative_error_per_sample_percent,33.860309203682206,43.54973150843309
