metrics,mean,std
pep_reference_ms,85.50076117148666,22.481860688192324
pep_estimated_ms,94.90196904764075,21.41625558114063
error_ms,-9.404157304733458,17.664631044646274
absolute_error_ms,17.824059967220457,13.863887247391673
absolute_relative_error_percent,31.854945281406465,40.55469202607402
pearson_r,0.29623646855442265,0.3257279162628841
error_per_sample_ms,-10.601145038167939,26.85687868184102
absolute_error_per_sample_ms,18.64270568278202,22.048259193790482
absolute_relative_error_per_sample_percent,33.877078490285975,63.72435120414841
