metrics,mean,std
pep_reference_ms,85.50076117148666,22.481860688192324
pep_estimated_ms,112.77331596761346,20.377505538759696
error_ms,-27.291997879266976,16.28138142654723
absolute_error_ms,32.36239397655576,9.709130924451658
absolute_relative_error_percent,49.34846730099622,32.527721430181515
pearson_r,0.22802789418419886,0.33871441039220007
error_per_sample_ms,-27.66744482173175,24.094606465009168
absolute_error_per_sample_ms,32.867359932088284,16.302583070231236
absolute_relative_error_per_sample_percent,51.45774000653509,52.10186016565479
