metrics,mean,std
pep_reference_ms,85.50076117148666,22.481860688192324
pep_estimated_ms,107.58824086496095,22.07224580598365
error_ms,-22.153216781063406,17.837768084584404
absolute_error_ms,30.06400197634831,11.134793666145773
absolute_relative_error_percent,44.90261214041802,32.493802668228625
pearson_r,0.18990637057764792,0.29363988147809783
error_per_sample_ms,-22.020389669234255,27.504969954697795
absolute_error_per_sample_ms,30.171273221567738,18.196571258983287
absolute_relative_error_per_sample_percent,46.3532966347182,48.6795181520767
