metrics,mean,std
pep_reference_ms,85.50076117148666,22.481860688192324
pep_estimated_ms,60.92361070503779,21.248452346706433
error_ms,24.57652644294539,19.218132654516083
absolute_error_ms,32.285466576322506,11.121860228962252
absolute_relative_error_percent,41.05302167745272,16.45088975867118
pearson_r,0.08602239264181816,0.31985528212197656
error_per_sample_ms,24.24723168654174,27.569425931083327
absolute_error_per_sample_ms,32.1620528109029,17.70886358914701
absolute_relative_error_per_sample_percent,42.368474186034504,30.290680358885627
