metrics,mean,std
pep_reference_ms,85.50076117148666,22.481860688192324
pep_estimated_ms,118.63362290412512,10.794143312292478
error_ms,-33.1250004865362,15.580900232046751
absolute_error_ms,33.83790367673392,15.231844112545383
absolute_relative_error_percent,56.20253122771582,47.394869214890576
pearson_r,0.21530385554077247,0.30456799055387673
error_per_sample_ms,-34.80664269092448,21.571000792481396
absolute_error_per_sample_ms,35.420139623439816,20.54809382057003
absolute_relative_error_per_sample_percent,60.206909594764554,70.9894336049024
