metrics,mean,std
pep_reference_ms,85.50076117148666,22.481860688192324
pep_estimated_ms,110.61691039184515,22.574847039346174
error_ms,-25.08623309189538,17.674587286365853
absolute_error_ms,30.39648251866422,11.866909502537574
absolute_relative_error_percent,46.08668356241463,34.08864402345943
pearson_r,0.21959463162976328,0.299548192084365
error_per_sample_ms,-24.710756449497158,25.89674736335553
absolute_error_per_sample_ms,30.34215128989943,18.989914781501287
absolute_relative_error_per_sample_percent,47.32411895913341,52.11589618947519
