metrics,mean,std
pep_reference_ms,85.50076117148666,22.481860688192324
pep_estimated_ms,111.73471034297341,19.42874367122623
error_ms,-26.233380081547615,15.494396829973477
absolute_error_ms,31.101784176678883,9.51689561557847
absolute_relative_error_percent,47.461994372595676,31.44657235264744
pearson_r,0.21695555780371042,0.32213427543815043
error_per_sample_ms,-26.778507842306063,23.66107452747362
absolute_error_per_sample_ms,31.716617210682493,16.46180800416975
absolute_relative_error_per_sample_percent,49.71805632239389,50.86556070634458
