metrics,mean,std
pep_reference_ms,85.50076117148666,22.481860688192324
pep_estimated_ms,114.51007807154664,20.476924378748407
error_ms,-28.93889202022066,14.238748554143559
absolute_error_ms,30.315960212291333,13.27705747308095
absolute_relative_error_percent,47.405561375062426,37.01599188484363
pearson_r,0.21216849945913172,0.292878866480732
error_per_sample_ms,-28.79726799653079,22.75370334590239
absolute_error_per_sample_ms,30.269080659150042,20.755635766394022
absolute_relative_error_per_sample_percent,48.75307394468609,60.35479823687145
