metrics,mean,std
pep_reference_ms,85.50076117148666,22.481860688192324
pep_estimated_ms,104.17735102092372,20.4424326392368
error_ms,-18.72453927801643,9.649828268637043
absolute_error_ms,20.215931029936396,9.257384844236306
absolute_relative_error_percent,31.821375737168214,25.492110250365577
pearson_r,0.49901716235678917,0.3109515833956372
error_per_sample_ms,-18.389395546129375,17.241402915716566
absolute_error_per_sample_ms,20.152279957582184,15.143363416537097
absolute_relative_error_per_sample_percent,32.70352338607117,42.25126534671338
