metrics,mean,std
pep_reference_ms,85.50076117148666,22.481860688192324
pep_estimated_ms,68.4834995030674,27.033597804744797
error_ms,16.93531548083991,22.703937909639357
absolute_error_ms,24.770103617112635,18.578847748915788
absolute_relative_error_percent,29.861058970343255,21.665916620324687
pearson_r,0.2899922113884482,0.3520667202944428
error_per_sample_ms,13.441585060350718,32.311738658744225
absolute_error_per_sample_ms,22.46640856296971,26.832539022003694
absolute_relative_error_per_sample_percent,27.952155020014963,34.458737001385884
