metrics,mean,std
pep_reference_ms,85.50076117148666,22.481860688192324
pep_estimated_ms,96.00263892426217,9.718292404939202
error_ms,-10.505274511802213,17.051758345972168
absolute_error_ms,19.188723993383622,11.42106467938017
absolute_relative_error_percent,32.81538530504656,35.52121699061412
pearson_r,0.1828548655274698,0.2969864183442042
error_per_sample_ms,-12.16207042851082,22.171852500776986
absolute_error_per_sample_ms,19.319049639372082,16.318128613776324
absolute_relative_error_per_sample_percent,34.34070179434942,54.26845140568337
