metrics,mean,std
pep_reference_ms,85.50076117148666,22.481860688192324
pep_estimated_ms,69.55822231464148,26.44018955229131
error_ms,15.938893839554352,21.865239787014378
absolute_error_ms,23.756735004323623,18.264898297198368
absolute_relative_error_percent,28.666505339322768,22.559616918443535
pearson_r,0.28001567082103906,0.348266668318236
error_per_sample_ms,12.251823043266894,31.218734914416075
absolute_error_per_sample_ms,20.85172581429266,26.266368384412566
absolute_relative_error_per_sample_percent,25.90198578555586,35.164911933519754
