metrics,mean,std
pep_reference_ms,85.50076117148666,22.481860688192324
pep_estimated_ms,58.43278802233817,21.16875413237657
error_ms,27.05433483055769,19.041865021578786
absolute_error_ms,33.90809251412568,11.477492594958477
absolute_relative_error_percent,42.598777722232285,15.818754249655216
pearson_r,0.08164242525659658,0.3192688912168293
error_per_sample_ms,26.868561658474032,27.588967650425683
absolute_error_per_sample_ms,33.91194699722163,18.24967376336044
absolute_relative_error_per_sample_percent,44.0818964754467,29.11805188810541
