metrics,mean,std
pep_reference_ms,85.50076117148666,22.481860688192324
pep_estimated_ms,96.17673233820776,19.30081339620967
error_ms,-10.643909342656052,16.009109858196275
absolute_error_ms,22.873117639402206,10.75085694756503
absolute_relative_error_percent,34.31933799274874,28.57765076332841
pearson_r,0.21957578211954162,0.3176040723065578
error_per_sample_ms,-11.462978906586311,28.258169354190183
absolute_error_per_sample_ms,23.10783469651313,19.898542567272603
absolute_relative_error_per_sample_percent,35.64716397279923,44.747065340856736
