metrics,mean,std
pep_reference_ms,85.50076117148666,22.481860688192324
pep_estimated_ms,91.50075015716725,20.989014653509084
error_ms,-6.093769306982924,15.53082801689517
absolute_error_ms,19.67615866163706,9.239783227852904
absolute_relative_error_percent,28.83174256452033,22.05994758575015
pearson_r,0.19115183634612487,0.3189830039451921
error_per_sample_ms,-5.999560052793664,25.29729956739602
absolute_error_per_sample_ms,19.758468983721954,16.898254041437237
absolute_relative_error_per_sample_percent,29.775414480974458,35.42323835385049
