metrics,mean,std
pep_reference_ms,85.50076117148666,22.481860688192324
pep_estimated_ms,113.64503866949589,10.776653404274226
error_ms,-28.134337367828085,16.06962121163649
absolute_error_ms,29.489516027261033,14.966639031347801
absolute_relative_error_percent,50.27507940031884,46.64739180437633
pearson_r,0.1980464237930269,0.29788710412394304
error_per_sample_ms,-29.854995766299744,22.50196939400612
absolute_error_per_sample_ms,30.954911092294665,20.963131399738366
absolute_relative_error_per_sample_percent,53.83666529644388,71.35258627428004
