metrics,mean,std
pep_reference_ms,85.50076117148666,22.481860688192324
pep_estimated_ms,52.27042392710925,20.226467771933677
error_ms,33.27205204959784,18.20564667820398
absolute_error_ms,38.522725282931475,11.939027974161418
absolute_relative_error_percent,46.99662926615706,14.224079856743993
pearson_r,0.03215643818443006,0.33376651519279427
error_per_sample_ms,33.22967657342657,28.542499940744907
absolute_error_per_sample_ms,38.74147727272727,20.444648365005307
absolute_relative_error_per_sample_percent,48.73382336680503,27.352095856937648
