metrics,mean,std
pep_reference_ms,85.50076117148666,22.481860688192324
pep_estimated_ms,103.89664269525832,20.20349482854724
error_ms,-18.391539934697782,16.590710471465265
absolute_error_ms,25.69848764001895,11.535545695774106
absolute_relative_error_percent,39.78837965940546,32.59102497411811
pearson_r,0.22956370559125133,0.30485149716594656
error_per_sample_ms,-19.035699107522312,26.39181383205648
absolute_error_per_sample_ms,26.12877178070548,19.395178862022966
absolute_relative_error_per_sample_percent,41.58791771145673,51.7787190221467
