metrics,mean,std
pep_reference_ms,85.50076117148666,22.481860688192324
pep_estimated_ms,86.21263725137061,21.19753949634396
error_ms,-0.6956863032466469,15.969661945534286
absolute_error_ms,18.638889619348458,9.3317730550896
absolute_relative_error_percent,27.699569971502594,22.93457157375337
pearson_r,0.23205093727883835,0.31456945422243504
error_per_sample_ms,-1.4490500863557858,24.8970591162541
absolute_error_per_sample_ms,18.329879101899827,16.910908636166035
absolute_relative_error_per_sample_percent,28.171191790773833,38.43165102208424
