metrics,mean,std
pep_reference_ms,85.50076117148666,22.481860688192324
pep_estimated_ms,117.79810217977409,7.340971541731606
error_ms,-32.264408281984636,17.975007063200643
absolute_error_ms,34.22323090645704,15.487584720165247
absolute_relative_error_percent,56.93166109553581,48.77223965195816
pearson_r,0.1827553602360818,0.2975427546289482
error_per_sample_ms,-34.70756516211062,23.093168583924168
absolute_error_per_sample_ms,36.10659037931765,20.83803363822658
absolute_relative_error_per_sample_percent,61.34949107410222,72.30537971436189
