metrics,mean,std
pep_reference_ms,85.50076117148666,22.481860688192324
pep_estimated_ms,92.52435580319323,18.871773266533978
error_ms,-6.995625615558935,15.776954343389127
absolute_error_ms,20.98626776129588,10.356584614647188
absolute_relative_error_percent,31.326480949282498,26.53522327118903
pearson_r,0.22267590761883468,0.32035756166398105
error_per_sample_ms,-7.9012987012987015,27.686780067771824
absolute_error_per_sample_ms,20.99047619047619,19.707567607022533
absolute_relative_error_per_sample_percent,32.25422905446744,42.22428722589607
