metrics,mean,std
pep_reference_ms,85.50076117148666,22.481860688192324
pep_estimated_ms,115.6085544983609,15.685733071439337
error_ms,-30.068135500113126,17.461671868080515
absolute_error_ms,31.240079648414547,16.629416193735747
absolute_relative_error_percent,52.04044418156016,47.14581523081293
pearson_r,0.15581850583324808,0.28909374099909385
error_per_sample_ms,-31.129552889858232,24.070801805963796
absolute_error_per_sample_ms,32.083969465648856,22.783139951108208
absolute_relative_error_per_sample_percent,54.95043142739457,70.22888415108889
