metrics,mean,std
pep_reference_ms,85.50076117148666,22.481860688192324
pep_estimated_ms,62.32615563197748,21.286252441677103
error_ms,23.189816405466388,19.121126563653714
absolute_error_ms,31.67161293866901,10.376821795439625
absolute_relative_error_percent,40.723745300874654,16.72225033625262
pearson_r,0.07650679146738808,0.32298431101126696
error_per_sample_ms,23.012353567625134,27.704815879107088
absolute_error_per_sample_ms,31.665388711395103,17.158915973127936
absolute_relative_error_per_sample_percent,42.15478682496013,30.924354596206804
