metrics,mean,std
pep_reference_ms,85.50076117148666,22.481860688192324
pep_estimated_ms,120.73883649986477,20.790553718749184
error_ms,-35.17101663769286,14.368805213137469
absolute_error_ms,36.31461392127634,13.319408132012791
absolute_relative_error_percent,55.65538583265061,39.427439206854984
pearson_r,0.2105857197550974,0.28874368987782845
error_per_sample_ms,-35.295695435864154,22.75505465374381
absolute_error_per_sample_ms,36.35431537962362,21.022425689606113
absolute_relative_error_per_sample_percent,57.43345225097277,64.46668048319347
