metrics,mean,std
pep_reference_ms,85.50076117148666,22.481860688192324
pep_estimated_ms,106.96651278554357,7.099435690120277
error_ms,-21.432818887754127,18.062282420032105
absolute_error_ms,25.873201457044626,13.99613246424534
absolute_relative_error_percent,44.473253518967724,42.90481550173254
pearson_r,0.19750148373541498,0.3169543216113005
error_per_sample_ms,-23.780461962280143,22.99595290684557
absolute_error_per_sample_ms,27.267217630853995,18.730271324915645
absolute_relative_error_per_sample_percent,47.94458667889944,64.24611882335256
