metrics,mean,std
pep_reference_ms,85.50076117148666,22.481860688192324
pep_estimated_ms,63.96707742804715,25.590755704616175
error_ms,21.36940498247593,21.144696885237448
absolute_error_ms,25.685061760810093,18.5516943414848
absolute_relative_error_percent,30.610022456097916,21.31731464119673
pearson_r,0.3003746500921044,0.34778467040921807
error_per_sample_ms,17.38695242581253,30.605836067729108
absolute_error_per_sample_ms,22.424634950541687,27.13225135142899
absolute_relative_error_per_sample_percent,27.31792371454618,33.6242155185693
