metrics,mean,std
pep_reference_ms,85.50076117148666,22.481860688192324
pep_estimated_ms,114.75080314710063,20.409133741054276
error_ms,-29.2630748023439,16.34989137556029
absolute_error_ms,33.963729418984535,9.980510102699931
absolute_relative_error_percent,51.62149900811372,33.53473093882477
pearson_r,0.22733920656251233,0.3390041303474267
error_per_sample_ms,-29.635688521111817,24.19046828886394
absolute_error_per_sample_ms,34.46021642266073,16.61163069232743
absolute_relative_error_per_sample_percent,53.8001323700482,53.540093832580844
