metrics,mean,std
pep_reference_ms,85.50076117148666,22.481860688192324
pep_estimated_ms,64.29803623931562,21.32943194549528
error_ms,21.212548512919913,19.138328548784663
absolute_error_ms,30.564609835983266,9.869721394954448
absolute_relative_error_percent,39.83066219622689,17.41868194421006
pearson_r,0.07712099034166352,0.32298065154916106
error_per_sample_ms,21.070182900893236,27.730307943772758
absolute_error_per_sample_ms,30.580603998298596,16.66581066833546
absolute_relative_error_per_sample_percent,41.25472418045734,32.05835360879052
