metrics,mean,std
pep_reference_ms,85.50076117148666,22.481860688192324
pep_estimated_ms,111.79810217977409,7.340971541731606
error_ms,-26.26440828198464,17.975007063200643
absolute_error_ms,29.304658639012455,14.709767838209254
absolute_relative_error_percent,49.720753307913355,45.51008170420521
pearson_r,0.1827553602360818,0.2975427546289482
error_per_sample_ms,-28.707565162110615,23.093168583924164
absolute_error_per_sample_ms,30.97711379529561,19.945855551860276
absolute_relative_error_per_sample_percent,53.67172257361381,67.95217795427259
