metrics,mean,std
pep_reference_ms,85.50076117148666,22.481860688192324
pep_estimated_ms,115.43937143267773,19.31112989755302
error_ms,-29.93804117125191,15.414858330775779
absolute_error_ms,34.016655399789244,10.021325062728506
absolute_relative_error_percent,51.59834639388191,33.42859983239731
pearson_r,0.21785144252160743,0.323207212262719
error_per_sample_ms,-30.31242051716829,23.561161614333066
absolute_error_per_sample_ms,34.50063586265367,16.84272244320801
absolute_relative_error_per_sample_percent,53.82119191230225,53.1494371651912
