metrics,mean,std
pep_reference_ms,85.50076117148666,22.481860688192324
pep_estimated_ms,96.25146786064401,19.65158537146316
error_ms,-10.744126535059076,16.123799284335966
absolute_error_ms,20.841815381451767,10.724442717243459
absolute_relative_error_percent,32.47177921081359,28.604954364501356
pearson_r,0.23127242751884813,0.3065072754654097
error_per_sample_ms,-11.61831407787762,25.45636131227749
absolute_error_per_sample_ms,20.88617886178862,18.622005419041255
absolute_relative_error_per_sample_percent,33.54122645967648,46.63747122665115
