metrics,mean,std
pep_reference_ms,85.50076117148666,22.481860688192324
pep_estimated_ms,103.90636485973297,41.107048907566686
error_ms,-17.496311605237405,42.29110223761144
absolute_error_ms,48.36940144910192,17.063374078082063
absolute_relative_error_percent,64.97965854057998,36.69080327012445
pearson_r,0.1921673298343997,0.36091920389226173
error_per_sample_ms,-26.254411377403212,46.37138737612993
absolute_error_per_sample_ms,46.47669212536213,26.067542520255408
absolute_relative_error_per_sample_percent,64.17776347694588,53.029309090677025
