metrics,mean,std
pep_reference_ms,85.50076117148666,22.481860688192324
pep_estimated_ms,96.90866713827052,19.652317323008806
error_ms,-11.408992479352229,16.255338832194187
absolute_error_ms,21.020015368919413,10.875934179121414
absolute_relative_error_percent,32.93239207948035,29.013393578303866
pearson_r,0.22501585571065813,0.31386619879970484
error_per_sample_ms,-12.431993156544054,25.58383865292587
absolute_error_per_sample_ms,21.24080410607357,18.918654682368675
absolute_relative_error_per_sample_percent,34.261185006360975,47.26632510440625
