metrics,mean,std
pep_reference_ms,85.50076117148666,22.481860688192324
pep_estimated_ms,110.17735102092372,20.4424326392368
error_ms,-24.72453927801643,9.649828268637043
absolute_error_ms,25.990793111729072,9.278126789351111
absolute_relative_error_percent,39.617177989140146,27.929571844633664
pearson_r,0.4990171623567893,0.3109515833956372
error_per_sample_ms,-24.389395546129375,17.241402915716566
absolute_error_per_sample_ms,25.878260869565217,14.913892985212309
absolute_relative_error_per_sample_percent,40.738306225605406,45.51506487735783
