metrics,mean,std
pep_reference_ms,85.50076117148666,22.481860688192324
pep_estimated_ms,111.67433165694727,10.734355664666529
error_ms,-26.16363035527947,15.929647297611467
absolute_error_ms,27.881512329494715,14.53751533059245
absolute_relative_error_percent,47.85154233016457,45.16449476529745
pearson_r,0.19671069704707894,0.2994599204655456
error_per_sample_ms,-27.91913632514818,22.476382891999084
absolute_error_per_sample_ms,29.322184589331076,20.612507173052794
absolute_relative_error_per_sample_percent,51.351651828451615,69.88866178320237
