metrics,mean,std
pep_reference_ms,85.50076117148666,22.481860688192324
pep_estimated_ms,94.39390846119177,24.432699164022566
error_ms,-8.863231161242007,19.783601833614306
absolute_error_ms,20.31140103990896,14.30783321950159
absolute_relative_error_percent,34.73563218131492,41.002893771709225
pearson_r,0.2515722124413049,0.30414813459349094
error_per_sample_ms,-9.485570616528204,29.316624695363398
absolute_error_per_sample_ms,21.262133799737647,22.301618769317805
absolute_relative_error_per_sample_percent,36.96914163452557,62.74453458145651
