metrics,mean,std
pep_reference_ms,85.50076117148666,22.481860688192324
pep_estimated_ms,109.43937143267773,19.31112989755302
error_ms,-23.93804117125191,15.414858330775779
absolute_error_ms,29.33368433548921,9.183215493152076
absolute_relative_error_percent,44.85414593938871,30.35110255604824
pearson_r,0.21785144252160743,0.323207212262719
error_per_sample_ms,-24.31242051716829,23.561161614333066
absolute_error_per_sample_ms,29.81814328105129,16.03435247495337
absolute_relative_error_per_sample_percent,46.83849943851299,48.81058439748123
