metrics,mean,std
pep_reference_ms,85.50076117148666,22.481860688192324
pep_estimated_ms,110.96651278554356,7.099435690120276
error_ms,-25.432818887754124,18.062282420032105
absolute_error_ms,28.702970550917648,14.747072384012709
absolute_relative_error_percent,48.89620980650834,45.28658097847186
pearson_r,0.19750148373541498,0.3169543216113005
error_per_sample_ms,-27.780461962280143,22.99595290684557
absolute_error_per_sample_ms,30.30218266581903,19.553660593834856
absolute_relative_error_per_sample_percent,52.733903704635786,67.330627275952
