metrics,mean,std
pep_reference_ms,85.50076117148666,22.481860688192324
pep_estimated_ms,75.57258469260897,24.360440298021867
error_ms,9.808290064687487,15.976171604038534
absolute_error_ms,20.16244499718994,11.963024250769735
absolute_relative_error_percent,24.688644443592793,14.374467855701132
pearson_r,0.2551231528506179,0.3212396467211833
error_per_sample_ms,9.117126833477135,28.17219255152014
absolute_error_per_sample_ms,19.62057808455565,22.177180850718837
absolute_relative_error_per_sample_percent,24.96090613562816,28.52140077349514
