metrics,mean,std
pep_reference_ms,85.50076117148666,22.481860688192324
pep_estimated_ms,94.25616852561089,20.155893030133523
error_ms,-7.8650840942726425,16.346889970692253
absolute_error_ms,16.84625461427045,13.146800947983726
absolute_relative_error_percent,30.031989130390674,38.29524251400217
pearson_r,0.3272933317454342,0.3835249175803456
error_per_sample_ms,-8.124511830921204,26.2816064611303
absolute_error_per_sample_ms,16.753043877785434,21.818937909474432
absolute_relative_error_per_sample_percent,28.840212356707283,59.6862591574747
