metrics,mean,std
pep_reference_ms,85.50076117148666,22.481860688192324
pep_estimated_ms,115.62125030970752,10.75004376787866
error_ms,-30.118210383701097,16.053807292210923
absolute_error_ms,31.17118652629912,15.260258845003396
absolute_relative_error_percent,52.714024136789256,47.69788948032351
pearson_r,0.19898964300001273,0.2978334633429097
error_per_sample_ms,-31.83978835978836,22.52385317524447
absolute_error_per_sample_ms,32.695238095238096,21.263054591280536
absolute_relative_error_per_sample_percent,56.42249490237704,72.75264614256062
