metrics,mean,std
pep_reference_ms,85.50076117148666,22.481860688192324
pep_estimated_ms,111.85450992504164,7.340111821035532
error_ms,-26.320816027252196,17.971405334812744
absolute_error_ms,29.34253922431672,14.72583971534099
absolute_relative_error_percent,49.776611587099666,45.52632509485707
pearson_r,0.17794975715113007,0.2994234180388977
error_per_sample_ms,-28.797626615808433,23.118532993977382
absolute_error_per_sample_ms,31.041746132655224,20.004496082954045
absolute_relative_error_per_sample_percent,53.76398296653039,67.99161140863514
