metrics,mean,std
pep_reference_ms,85.50076117148666,22.481860688192324
pep_estimated_ms,115.73471034297341,19.42874367122623
error_ms,-30.233380081547608,15.494396829973477
absolute_error_ms,34.26669831691754,10.084396053827811
absolute_relative_error_percent,51.99684918869532,33.486907908326465
pearson_r,0.21695555780371042,0.32213427543815043
error_per_sample_ms,-30.778507842306063,23.66107452747362
absolute_error_per_sample_ms,34.88957185247986,17.02588525581567
absolute_relative_error_per_sample_percent,54.42079142258197,53.751090212474324
