metrics,mean,std
pep_reference_ms,85.50076117148666,22.481860688192324
pep_estimated_ms,77.4381297490412,26.557944962556043
error_ms,8.045386556121429,17.083015401961255
absolute_error_ms,19.776981644531023,12.770420191934218
absolute_relative_error_percent,24.908871128833486,15.886443482953146
pearson_r,0.23526497440867794,0.3283045817472745
error_per_sample_ms,7.5512849162011175,28.759682285530083
absolute_error_per_sample_ms,18.62659217877095,23.17738753302512
absolute_relative_error_per_sample_percent,24.265840944032934,33.63737933842484
