metrics,mean,std
pep_reference_ms,85.50076117148666,22.481860688192324
pep_estimated_ms,107.79810217977408,7.340971541731606
error_ms,-22.26440828198464,17.975007063200643
absolute_error_ms,26.404608156741055,14.005982153792626
absolute_relative_error_percent,45.24069614063164,43.1611835063725
pearson_r,0.1827553602360818,0.2975427546289482
error_per_sample_ms,-24.707565162110615,23.093168583924164
absolute_error_per_sample_ms,27.87857596948506,19.14531831542987
absolute_relative_error_per_sample_percent,48.83132962906522,64.90575054118976
