metrics,mean,std
pep_reference_ms,85.50076117148666,22.481860688192324
pep_estimated_ms,79.1521497104618,25.299251372029772
error_ms,6.280414049040047,16.31296084441122
absolute_error_ms,19.30162188709337,11.515359663809079
absolute_relative_error_percent,24.322353457275344,14.58041558943018
pearson_r,0.2515515236066229,0.3337066433698804
error_per_sample_ms,5.439940260294431,28.289742774205216
absolute_error_per_sample_ms,18.717089822914446,21.89915625834066
absolute_relative_error_per_sample_percent,24.475089632692278,31.252626201713753
