metrics,mean,std
pep_reference_ms,85.50076117148666,22.481860688192324
pep_estimated_ms,100.96432237688776,40.366146587010235
error_ms,-14.632369264599319,41.47192083355035
absolute_error_ms,45.95657986324866,17.120776339925303
absolute_relative_error_percent,61.771363395810745,35.38923950318928
pearson_r,0.2085210057750946,0.3546551297158516
error_per_sample_ms,-24.267024128686327,44.10366183956764
absolute_error_per_sample_ms,43.27882037533512,25.70924259173454
absolute_relative_error_per_sample_percent,60.02933012351775,51.71663854956758
