metrics,mean,std
pep_reference_ms,85.50076117148666,22.481860688192324
pep_estimated_ms,100.7450138127898,19.99866338834059
error_ms,-15.243564833011876,16.475925843447705
absolute_error_ms,23.220497918604934,11.37785023814705
absolute_relative_error_percent,36.36759042034491,31.11552059404023
pearson_r,0.22255140040422147,0.31514781156452837
error_per_sample_ms,-16.10202342917998,26.085891268562712
absolute_error_per_sample_ms,23.684984025559107,19.46202490744854
absolute_relative_error_per_sample_percent,38.11929431423903,49.99398310409264
