metrics,mean,std
pep_reference_ms,85.50076117148666,22.481860688192324
pep_estimated_ms,114.05416481002392,20.344302985748953
error_ms,-28.55635306711663,9.83437251336703
absolute_error_ms,29.040938499872222,9.63643180806529
absolute_relative_error_percent,44.39916535235987,29.864465284638737
pearson_r,0.4549833594719356,0.3088865801972008
error_per_sample_ms,-28.533290924512297,16.930405452311373
absolute_error_per_sample_ms,29.036259541984734,16.05250608388021
absolute_relative_error_per_sample_percent,45.86581252270204,50.894320267652844
