metrics,mean,std
pep_reference_ms,85.50076117148666,22.481860688192324
pep_estimated_ms,95.65065857535885,37.53804907422538
error_ms,-9.251871876135086,39.1038119820314
absolute_error_ms,43.58478839841113,16.529039416079286
absolute_relative_error_percent,57.64881484110148,30.8378333256308
pearson_r,0.19578144801740066,0.3718240258830091
error_per_sample_ms,-19.48882265275708,43.51821425492148
absolute_error_per_sample_ms,40.22503725782414,25.604600327568647
absolute_relative_error_per_sample_percent,55.29952704375279,48.76475865574371
