metrics,mean,std
pep_reference_ms,85.50076117148666,22.481860688192324
pep_estimated_ms,94.70744817687513,21.520995326545876
error_ms,-9.210083764415188,15.402397989737645
absolute_error_ms,19.225654466407345,9.357909613211822
absolute_relative_error_percent,29.286597659403572,23.40276884294478
pearson_r,0.22577036984207136,0.3193743543828324
error_per_sample_ms,-9.133220195163343,23.60469568548191
absolute_error_per_sample_ms,19.3394145099703,16.32741302071758
absolute_relative_error_per_sample_percent,30.312058821158615,38.8826027158437
