metrics,mean,std
pep_reference_ms,85.50076117148666,22.481860688192324
pep_estimated_ms,42.46875624691687,21.0844914247146
error_ms,43.114853549409865,17.9229924843913
absolute_error_ms,45.640064840923344,14.04176495130285
absolute_relative_error_percent,53.94406726636406,15.84804361554282
pearson_r,0.01904051344598684,0.3484708763782178
error_per_sample_ms,43.13357984746938,28.317779694626648
absolute_error_per_sample_ms,45.93459671828057,23.503514239797298
absolute_relative_error_per_sample_percent,55.23010402711001,26.723899200468207
