metrics,mean,std
pep_reference_ms,85.50076117148666,22.481860688192324
pep_estimated_ms,99.21622778993097,21.549087799764834
error_ms,-13.718416047023688,17.898575290900588
absolute_error_ms,18.814930297082945,15.276725058212188
absolute_relative_error_percent,33.96851763598242,43.92243658566752
pearson_r,0.2921288133010766,0.3207433200963372
error_per_sample_ms,-15.055555555555555,27.065541991310376
absolute_error_per_sample_ms,19.83418150975403,23.78694095944109
absolute_relative_error_per_sample_percent,36.3388662653913,67.53998487926764
