metrics,mean,std
pep_reference_ms,85.50076117148666,22.481860688192324
pep_estimated_ms,116.58923301827232,15.58667571080078
error_ms,-31.048814020024565,17.784983150655467
absolute_error_ms,32.13749451547162,17.122568229056785
absolute_relative_error_percent,53.55822371443583,49.41082978350492
pearson_r,0.15152498457287034,0.2820526690998747
error_per_sample_ms,-32.14547437295529,25.09934011650983
absolute_error_per_sample_ms,33.02878953107961,23.9250383292945
absolute_relative_error_per_sample_percent,56.490528984189645,74.58543332392472
