metrics,mean,std
pep_reference_ms,85.50076117148666,22.481860688192324
pep_estimated_ms,122.67293225939243,20.849068665116015
error_ms,-37.1050303606974,14.411155470122909
absolute_error_ms,38.267963327871634,13.347274351560719
absolute_relative_error_percent,58.257524799708555,40.23340777691079
pearson_r,0.20927469701030096,0.28855610759848666
error_per_sample_ms,-37.2230869001297,22.92610063721726
absolute_error_per_sample_ms,38.313878080415044,21.052577876391116
absolute_relative_error_per_sample_percent,60.1242626486939,65.6045881826756
