metrics,mean,std
pep_reference_ms,85.50076117148666,22.481860688192324
pep_estimated_ms,77.44591255947485,24.51212359007581
error_ms,7.964749619152314,16.20513227815346
absolute_error_ms,20.38013984176946,11.589161992868375
absolute_relative_error_percent,25.166533616446273,14.15657968699976
pearson_r,0.2521665541214476,0.3225922462178612
error_per_sample_ms,7.401375161151697,28.528863509003962
absolute_error_per_sample_ms,20.053287494628275,21.599584904559542
absolute_relative_error_per_sample_percent,25.73869842071958,28.264613443839657
