metrics,mean,std
pep_reference_ms,85.50076117148666,22.481860688192324
pep_estimated_ms,73.603017802791,25.266427699760502
error_ms,11.858488921503247,16.63632660683106
absolute_error_ms,20.74046154007075,13.145039145635138
absolute_relative_error_percent,25.258216052816223,15.540536647980609
pearson_r,0.2528886817944292,0.32682597391976825
error_per_sample_ms,11.502047315741583,28.371435438777574
absolute_error_per_sample_ms,19.63535031847134,23.488049284289012
absolute_relative_error_per_sample_percent,24.717270239255885,29.97093756341194
