metrics,mean,std
pep_reference_ms,85.50076117148666,22.481860688192324
pep_estimated_ms,108.17735102092372,20.4424326392368
error_ms,-22.72453927801643,9.649828268637043
absolute_error_ms,24.056615286269942,9.276071178288433
absolute_relative_error_percent,37.00880838676996,27.112400346750416
pearson_r,0.4990171623567893,0.3109515833956372
error_per_sample_ms,-22.389395546129375,17.241402915716566
absolute_error_per_sample_ms,23.95885471898197,14.984134542169363
absolute_relative_error_per_sample_percent,38.04834154519765,44.41160081781608
