metrics,mean,std
pep_reference_ms,85.50076117148666,22.481860688192324
pep_estimated_ms,108.96651278554357,7.099435690120277
error_ms,-23.432818887754127,18.062282420032105
absolute_error_ms,27.24137011245304,14.388583036274108
absolute_relative_error_percent,46.64316700299021,44.11520628311034
pearson_r,0.19750148373541498,0.3169543216113005
error_per_sample_ms,-25.780461962280143,22.99595290684557
absolute_error_per_sample_ms,28.74634456452638,19.159690583617397
absolute_relative_error_per_sample_percent,50.30505618844111,65.80406691924888
