metrics,mean,std
pep_reference_ms,85.50076117148666,22.481860688192324
pep_estimated_ms,60.390078884516676,21.224002612428954
error_ms,25.098423477731686,19.06177264241046
absolute_error_ms,32.74536468112504,10.891605474790222
absolute_relative_error_percent,41.61757693819527,16.190742571128908
pearson_r,0.08112242004771661,0.31924409683800303
error_per_sample_ms,24.94731228668942,27.626832812328686
absolute_error_per_sample_ms,32.77495733788396,17.64688224786045
absolute_relative_error_per_sample_percent,43.09945178777136,29.951442451024246
