metrics,mean,std
pep_reference_ms,85.50076117148666,22.481860688192324
pep_estimated_ms,110.90285390236681,22.68670270088487
error_ms,-25.37217660241704,17.76393562941125
absolute_error_ms,30.636347545800454,11.911010303784964
absolute_relative_error_percent,46.473156086515495,34.15034559281897
pearson_r,0.21931440827467905,0.29649309086458275
error_per_sample_ms,-25.182334936598163,26.023877958886022
absolute_error_per_sample_ms,30.68605159597726,19.229104355820304
absolute_relative_error_per_sample_percent,47.88887649511414,52.77244234952979
