metrics,mean,std
pep_reference_ms,85.50076117148666,22.481860688192324
pep_estimated_ms,105.43937143267773,19.311129897553023
error_ms,-19.93804117125191,15.414858330775779
absolute_error_ms,26.326345150409878,8.902826996426473
absolute_relative_error_percent,40.47370252389495,28.391796600377237
pearson_r,0.21785144252160743,0.323207212262719
error_per_sample_ms,-20.31242051716829,23.561161614333066
absolute_error_per_sample_ms,26.816023738872403,15.767803737972926
absolute_relative_error_per_sample_percent,42.31064318468954,46.016435471423314
