metrics,mean,std
pep_reference_ms,85.50076117148666,22.481860688192324
pep_estimated_ms,115.65070202731762,10.709749276911364
error_ms,-30.147662101311216,15.914728954440225
absolute_error_ms,31.190485530268138,15.13540397772326
absolute_relative_error_percent,52.676586551914006,47.285033901477476
pearson_r,0.19765611745679648,0.2994403940658975
error_per_sample_ms,-31.903915343915344,22.49834033886534
absolute_error_per_sample_ms,32.74920634920635,21.249108587708683
absolute_relative_error_per_sample_percent,56.46946234068524,72.71456348220141
