metrics,mean,std
pep_reference_ms,85.50076117148666,22.481860688192324
pep_estimated_ms,69.2163012961752,27.0338951517578
error_ms,16.222615577722074,22.513008405061058
absolute_error_ms,24.504292855470624,18.313674119529438
absolute_relative_error_percent,29.75906868868404,21.499797714207233
pearson_r,0.283978196905401,0.3489329769427268
error_per_sample_ms,12.615244180739388,32.44160326611106
absolute_error_per_sample_ms,22.301688726608855,26.725206980618022
absolute_relative_error_per_sample_percent,28.00305306857451,35.7674948851744
