metrics,mean,std
pep_reference_ms,85.50076117148666,22.481860688192324
pep_estimated_ms,73.89353652350844,24.909776048675106
error_ms,11.489931805206862,15.715284531563217
absolute_error_ms,19.807320895798114,12.384580273642623
absolute_relative_error_percent,24.515661885376563,14.734452485722311
pearson_r,0.24417228209491726,0.3239344961321154
error_per_sample_ms,10.259810263044416,27.549203027648723
absolute_error_per_sample_ms,18.582794307891334,22.779421630122275
absolute_relative_error_per_sample_percent,23.80361484874959,31.160525089234298
