metrics,mean,std
pep_reference_ms,85.50076117148666,22.481860688192324
pep_estimated_ms,108.28623978936704,20.348648838249055
error_ms,-22.788428046459753,9.875243212222355
absolute_error_ms,23.32437904981251,9.689350903241026
absolute_relative_error_percent,36.76086072495204,27.514632294773023
pearson_r,0.4488160829317445,0.29786803431042275
error_per_sample_ms,-22.807251908396946,17.072872996750572
absolute_error_per_sample_ms,23.401823579304494,16.24833484204948
absolute_relative_error_per_sample_percent,38.04781512017716,48.34728082783949
