metrics,mean,std
pep_reference_ms,85.50076117148666,22.481860688192324
pep_estimated_ms,67.55350355612752,26.711515077158424
error_ms,17.968136720724395,22.905516833306894
absolute_error_ms,27.652962984973808,18.33108900447971
absolute_relative_error_percent,32.96782778209567,20.928509795504247
pearson_r,0.25108346022694067,0.3562149676669825
error_per_sample_ms,14.859931113662457,35.06600814471699
absolute_error_per_sample_ms,25.981400688863374,27.846172055650328
absolute_relative_error_per_sample_percent,32.012606452572555,33.79546470223824
