metrics,mean,std
pep_reference_ms,85.50076117148666,22.481860688192324
pep_estimated_ms,119.44426433599898,23.95461130518359
error_ms,-33.856494413633314,17.265127870698112
absolute_error_ms,35.22923692636113,16.31532387223027
absolute_relative_error_percent,53.80439416089755,43.23860518999954
pearson_r,0.18620716922267275,0.30166466925739255
error_per_sample_ms,-33.15132605304212,25.925800802049352
absolute_error_per_sample_ms,34.59460664140851,23.966033414582107
absolute_relative_error_per_sample_percent,54.67609368170059,66.65712945857298
