metrics,mean,std
pep_reference_ms,85.50076117148666,22.481860688192324
pep_estimated_ms,113.79810217977409,7.340971541731606
error_ms,-28.26440828198464,17.975007063200643
absolute_error_ms,30.880204134822872,14.996839781809559
absolute_relative_error_percent,52.07034222423346,46.62561889704379
pearson_r,0.1827553602360818,0.2975427546289482
error_per_sample_ms,-30.707565162110615,23.093168583924164
absolute_error_per_sample_ms,32.63212545030727,20.282834664469863
absolute_relative_error_per_sample_percent,56.18452771621297,69.4288534750543
