metrics,mean,std
pep_reference_ms,85.50076117148666,22.481860688192324
pep_estimated_ms,75.14616830016158,21.846390347268958
error_ms,11.240183086443624,15.723189426696457
absolute_error_ms,25.091123001415504,7.133482658552846
absolute_relative_error_percent,36.601819152650634,25.039542085667087
pearson_r,0.32896986156305663,0.3829729604418134
error_per_sample_ms,11.549632352941176,26.1465542215213
absolute_error_per_sample_ms,25.375919117647058,13.15671061024348
absolute_relative_error_per_sample_percent,36.48557129811657,40.75343445465115
