metrics,mean,std
pep_reference_ms,85.50076117148666,22.481860688192324
pep_estimated_ms,114.50448553259092,20.363932571792766
error_ms,-29.01277158279594,16.367013409467784
absolute_error_ms,33.76427059936651,9.997844700507136
absolute_relative_error_percent,51.300830742775545,33.40241465157642
pearson_r,0.2255187007555619,0.33859559751186
error_per_sample_ms,-29.306239388794566,24.201698682830997
absolute_error_per_sample_ms,34.20946519524618,16.56171420183062
absolute_relative_error_per_sample_percent,53.37650618107899,52.63383036556915
