metrics,mean,std
pep_reference_ms,85.50076117148666,22.481860688192324
pep_estimated_ms,101.89954565243951,19.64846058325035
error_ms,-16.343707876743903,16.301050384731965
absolute_error_ms,26.69789790116796,10.859982956591265
absolute_relative_error_percent,39.897575339638294,31.23663778082644
pearson_r,0.21398100363711825,0.31578874966604814
error_per_sample_ms,-16.99935760171306,28.960081061532556
absolute_error_per_sample_ms,27.154817987152033,19.755513510058414
absolute_relative_error_per_sample_percent,41.68690769830284,48.06049845303291
