metrics,mean,std
pep_reference_ms,85.50076117148666,22.481860688192324
pep_estimated_ms,117.9751467826963,20.458171996810897
error_ms,-32.25558085857558,13.52802306083154
absolute_error_ms,34.570328710701915,12.439543496663239
absolute_relative_error_percent,51.848516833299676,35.574673668190925
pearson_r,0.2046169316173048,0.33173568505951423
error_per_sample_ms,-31.87951263537906,24.009661016872922
absolute_error_per_sample_ms,34.22111913357401,20.534900858299157
absolute_relative_error_per_sample_percent,52.72795539048944,59.32955807523841
