metrics,mean,std
pep_reference_ms,85.50076117148666,22.481860688192324
pep_estimated_ms,117.63325084886645,10.710002428296713
error_ms,-32.12605267370179,15.873797520770166
absolute_error_ms,32.944998406745306,15.39854016342678
absolute_relative_error_percent,55.15652862531623,48.28689233908172
pearson_r,0.1959708717903923,0.2986578884187408
error_per_sample_ms,-33.879390605162925,22.559036446642867
absolute_error_per_sample_ms,34.55649597968684,21.507482855602856
absolute_relative_error_per_sample_percent,59.101978044213375,74.08645850301191
