metrics,mean,std
pep_reference_ms,85.50076117148666,22.481860688192324
pep_estimated_ms,85.56392075087034,21.215387846100214
error_ms,-0.023530831932455386,15.88234066334231
absolute_error_ms,18.656779766855575,9.278691240357979
absolute_relative_error_percent,27.543208571352736,22.613030597881444
pearson_r,0.2362248553875093,0.3055754033826227
error_per_sample_ms,-0.6449870354364736,24.789545089475393
absolute_error_per_sample_ms,18.25086430423509,16.78819544106549
absolute_relative_error_per_sample_percent,27.859628802373887,38.03265080461821
