metrics,mean,std
pep_reference_ms,85.50076117148666,22.481860688192324
pep_estimated_ms,102.69191939256996,20.10842577817566
error_ms,-17.1832649670984,16.609877663027113
absolute_error_ms,24.563256906579305,11.522849463258362
absolute_relative_error_percent,38.329329861250244,32.066861085481634
pearson_r,0.2215759050271939,0.31560461027877346
error_per_sample_ms,-17.95618885580604,26.350260616560806
absolute_error_per_sample_ms,25.122501063377285,19.637232317886742
absolute_relative_error_per_sample_percent,40.25678548167492,51.24228465279729
