metrics,mean,std
pep_reference_ms,85.50076117148666,22.481860688192324
pep_estimated_ms,99.75495472124123,38.920080375206076
error_ms,-13.405701528665979,40.17566786171416
absolute_error_ms,46.464745674402124,16.610783370043993
absolute_relative_error_percent,61.84804514084339,32.64009779714024
pearson_r,0.196109977921928,0.35369872483586434
error_per_sample_ms,-23.000582241630276,46.05283971961257
absolute_error_per_sample_ms,44.35545851528384,26.12439721014166
absolute_relative_error_per_sample_percent,60.82516223911872,51.05779977292244
