metrics,mean,std
pep_reference_ms,85.50076117148666,22.481860688192324
pep_estimated_ms,122.3241285559916,20.720316578402176
error_ms,-36.74316077487227,14.374065051625678
absolute_error_ms,38.02313047187533,13.386711182483513
absolute_relative_error_percent,57.72321074029777,40.20380838139426
pearson_r,0.20290591902058286,0.295700292562987
error_per_sample_ms,-36.58926639255572,23.221431700042864
absolute_error_per_sample_ms,37.95607011469379,20.912820154001526
absolute_relative_error_per_sample_percent,59.332150420311606,64.87889265623215
