metrics,mean,std
pep_reference_ms,85.50076117148666,22.481860688192324
pep_estimated_ms,57.44676008618881,24.032940675136377
error_ms,28.14221762357376,18.628282213456163
absolute_error_ms,30.304438136972195,17.652761667633506
absolute_relative_error_percent,36.551475744472285,19.6617223185072
pearson_r,0.3250755294062609,0.36811174864033086
error_per_sample_ms,24.387950592387195,27.254802996392197
absolute_error_per_sample_ms,26.805898663977818,24.88051883071212
absolute_relative_error_per_sample_percent,33.04007935591673,30.331789950181346
