metrics,mean,std
pep_reference_ms,85.50076117148666,22.481860688192324
pep_estimated_ms,116.15037438635557,20.31023660113647
error_ms,-30.40859375278357,13.42427332714246
absolute_error_ms,32.62430515276969,12.469426283152336
absolute_relative_error_percent,49.25811710606917,34.864154300671466
pearson_r,0.20690025020568895,0.33014219782796245
error_per_sample_ms,-30.066470721229933,23.661540916936524
absolute_error_per_sample_ms,32.27402215690708,20.548690323470964
absolute_relative_error_per_sample_percent,50.06219963668703,58.30829870212057
