metrics,mean,std
pep_reference_ms,85.50076117148666,22.481860688192324
pep_estimated_ms,62.84198898228926,21.340961072898885
error_ms,22.67528439862364,19.275827149963135
absolute_error_ms,31.237116938960444,10.582929549847197
absolute_relative_error_percent,40.224805591141774,16.96579757365181
pearson_r,0.08466822103900344,0.3220780882432084
error_per_sample_ms,22.309736394557824,27.641302535931498
absolute_error_per_sample_ms,31.070790816326532,17.215455321472913
absolute_relative_error_per_sample_percent,41.46875749628859,31.281686106038567
