metrics,mean,std
pep_reference_ms,85.50076117148666,22.481860688192324
pep_estimated_ms,69.92103750865668,27.481567744725933
error_ms,15.525880708706882,23.126322005313437
absolute_error_ms,25.083992418361284,18.299993684425232
absolute_relative_error_percent,30.48926636578571,21.618814274398996
pearson_r,0.28769263495885883,0.3508975177254128
error_per_sample_ms,12.236114234315268,32.95896311162931
absolute_error_per_sample_ms,23.134697548909376,26.472655897537766
absolute_relative_error_per_sample_percent,29.071063476512943,34.50679540961962
