metrics,mean,std
pep_reference_ms,85.50076117148666,22.481860688192324
pep_estimated_ms,92.9666238251254,22.344330022394633
error_ms,-7.469259412665439,9.537901312721472
absolute_error_ms,11.508101824614101,7.664729308594133
absolute_relative_error_percent,19.470654423491283,20.466931013982258
pearson_r,0.4597252402036061,0.3073240074530894
error_per_sample_ms,-6.856597369537548,16.93820070588065
absolute_error_per_sample_ms,11.41578277471362,14.268688597106488
absolute_relative_error_per_sample_percent,19.784887721799446,37.6138353685395
