metrics,mean,std
pep_reference_ms,85.50076117148666,22.481860688192324
pep_estimated_ms,58.971539985461796,21.18529804385026
error_ms,26.51935098650223,19.206316357467497
absolute_error_ms,33.4213566757556,11.736085244974964
absolute_relative_error_percent,41.996706957667094,16.09011281294961
pearson_r,0.08997383131898697,0.31832478353619426
error_per_sample_ms,26.1740614334471,27.530281055091592
absolute_error_per_sample_ms,33.284982935153586,18.30594924882981
absolute_relative_error_per_sample_percent,43.33301495831793,29.449492815288114
