metrics,mean,std
pep_reference_ms,85.50076117148666,22.481860688192324
pep_estimated_ms,100.61138537865551,13.284320224261505
error_ms,-15.103573193762294,14.989510231242752
absolute_error_ms,19.853764838011486,12.359611214809188
absolute_relative_error_percent,34.96811628860601,38.151485058903404
pearson_r,0.18529041799240048,0.3019080668625049
error_per_sample_ms,-16.26885593220339,21.97512953733457
absolute_error_per_sample_ms,20.28834745762712,18.32934665949714
absolute_relative_error_per_sample_percent,36.80358448020592,60.472832331246
