metrics,mean,std
pep_reference_ms,85.50076117148666,22.481860688192324
pep_estimated_ms,104.28623978936704,20.348648838249055
error_ms,-18.788428046459757,9.875243212222356
absolute_error_ms,19.491100712005007,9.62236230528672
absolute_relative_error_percent,31.56023384354361,25.901874914806456
pearson_r,0.4488160829317445,0.29786803431042275
error_per_sample_ms,-18.807251908396946,17.072872996750572
absolute_error_per_sample_ms,19.589270568278202,16.16960714772826
absolute_relative_error_per_sample_percent,32.67198909660793,46.068570943561426
