metrics,mean,std
pep_reference_ms,85.50076117148666,22.481860688192324
pep_estimated_ms,109.73471034297341,19.42874367122623
error_ms,-24.233380081547608,15.494396829973477
absolute_error_ms,29.557150869437308,9.297484396283739
absolute_relative_error_percent,45.232124081917334,30.443907604305323
pearson_r,0.21695555780371042,0.32213427543815043
error_per_sample_ms,-24.778507842306063,23.66107452747362
absolute_error_per_sample_ms,30.164688427299705,16.24538306011327
absolute_relative_error_per_sample_percent,47.40407905231201,49.44397029383711
