metrics,mean,std
pep_reference_ms,85.50076117148666,22.481860688192324
pep_estimated_ms,99.62541745461886,13.396571900972207
error_ms,-14.117605269725637,14.744320802090618
absolute_error_ms,19.144523018221935,11.846904296792099
absolute_relative_error_percent,33.68479897598844,36.11004053787586
pearson_r,0.2026416696613012,0.30784891444313706
error_per_sample_ms,-15.217796610169492,20.943548544923036
absolute_error_per_sample_ms,19.51313559322034,17.01326243383765
absolute_relative_error_per_sample_percent,35.423067466002806,55.775313650582824
