metrics,mean,std
pep_reference_ms,85.50076117148666,22.481860688192324
pep_estimated_ms,97.37247577342946,39.260010490320305
error_ms,-10.919187705358896,41.07150154823981
absolute_error_ms,44.289367883922495,16.993428250991307
absolute_relative_error_percent,58.94780559960214,33.70659045430067
pearson_r,0.208236008111442,0.3724315218630749
error_per_sample_ms,-21.049986267508928,43.18567725206667
absolute_error_per_sample_ms,40.818731117824775,25.336452622904936
absolute_relative_error_per_sample_percent,56.44083728917292,49.806635035055464
