metrics,mean,std
pep_reference_ms,85.50076117148666,22.481860688192324
pep_estimated_ms,99.48228236376102,39.8040280509329
error_ms,-13.060842144553337,41.06776162284457
absolute_error_ms,45.0501251815683,17.080855447049252
absolute_relative_error_percent,60.327739057409026,34.66683051685237
pearson_r,0.21052798657170205,0.3676188390802375
error_per_sample_ms,-22.938478143551,43.40049929026805
absolute_error_per_sample_ms,41.93254182406908,25.52330414267365
absolute_relative_error_per_sample_percent,58.168434473081014,50.89010155904629
