metrics,mean,std
pep_reference_ms,85.50076117148666,22.481860688192324
pep_estimated_ms,119.58595064640787,10.749330876818517
error_ms,-34.07732822881895,15.988491541454298
absolute_error_ms,34.73022912186903,15.745810931338799
absolute_relative_error_percent,57.71417665904091,49.67722035154081
pearson_r,0.1973596510288562,0.2968225651980851
error_per_sample_ms,-35.79204569494394,22.63842117203156
absolute_error_per_sample_ms,36.34630844087159,21.73739889941454
absolute_relative_error_per_sample_percent,61.71772024066742,75.47880302943676
