metrics,mean,std
pep_reference_ms,85.50076117148666,22.481860688192324
pep_estimated_ms,100.58216755503334,13.323039621427688
error_ms,-15.074355370140124,15.14226295266657
absolute_error_ms,19.860071312255606,12.501234778436368
absolute_relative_error_percent,35.03468344899616,38.59366869173672
pearson_r,0.18601965990201022,0.30070725592067854
error_per_sample_ms,-16.204661016949153,22.00489302991432
absolute_error_per_sample_ms,20.26313559322034,18.336076239560374
absolute_relative_error_per_sample_percent,36.78386664722746,60.51662476897337
