metrics,mean,std
pep_reference_ms,85.50076117148666,22.481860688192324
pep_estimated_ms,70.63615967475644,27.48902977015337
error_ms,14.850486272285144,22.965767097644807
absolute_error_ms,24.88323876063713,18.033485328249213
absolute_relative_error_percent,30.423344782029815,21.351488158732973
pearson_r,0.2790607792935011,0.34924675026424146
error_per_sample_ms,11.46316738004055,33.167286188948125
absolute_error_per_sample_ms,23.053615679207027,26.457586504400485
absolute_relative_error_per_sample_percent,29.19913413863417,35.90234393601946
