metrics,mean,std
pep_reference_ms,85.50076117148666,22.481860688192324
pep_estimated_ms,112.28623978936703,20.34864883824906
error_ms,-26.788428046459753,9.875243212222355
absolute_error_ms,27.245019948215674,9.694695428062545
absolute_relative_error_percent,42.04610792296178,29.122133344158488
pearson_r,0.4488160829317445,0.29786803431042275
error_per_sample_ms,-26.807251908396946,17.072872996750572
absolute_error_per_sample_ms,27.309796437659035,16.25689902094039
absolute_relative_error_per_sample_percent,43.51973624702659,50.619896314493175
