metrics,mean,std
pep_reference_ms,85.50076117148666,22.481860688192324
pep_estimated_ms,112.96651278554356,7.099435690120276
error_ms,-27.432818887754124,18.062282420032105
absolute_error_ms,30.252112565418418,15.052942795818764
absolute_relative_error_percent,51.22495816178827,46.41498918495749
pearson_r,0.19750148373541498,0.3169543216113005
error_per_sample_ms,-29.780461962280143,22.99595290684557
absolute_error_per_sample_ms,31.933460478915023,19.8983382879638
absolute_relative_error_per_sample_percent,55.22823884456531,68.82296865150317
