metrics,mean,std
pep_reference_ms,85.50076117148666,22.481860688192324
pep_estimated_ms,114.66802021052241,10.788265672880652
error_ms,-29.164980284516005,15.641225568982183
absolute_error_ms,30.301386189124216,14.718881972406301
absolute_relative_error_percent,51.22363728525174,45.383484048028166
pearson_r,0.2173843095865678,0.3048834731167728
error_per_sample_ms,-30.853968253968254,21.452451361980653
absolute_error_per_sample_ms,31.78814814814815,20.042172131942483
absolute_relative_error_per_sample_percent,54.92729775239399,68.19477369459631
