metrics,mean,std
pep_reference_ms,85.50076117148666,22.481860688192324
pep_estimated_ms,99.97335195300742,19.548760393598144
error_ms,-14.416723301343184,16.258381864777323
absolute_error_ms,25.350762115081174,10.86924440937544
absolute_relative_error_percent,37.93404408913867,30.370030859983007
pearson_r,0.21173275811744394,0.31865032274942423
error_per_sample_ms,-15.104845626072041,28.827077046260815
absolute_error_per_sample_ms,25.75836192109777,19.891292656845238
absolute_relative_error_per_sample_percent,39.59493064044443,46.982363895268534
