metrics,mean,std
pep_reference_ms,85.50076117148666,22.481860688192324
pep_estimated_ms,90.90196904764075,21.41625558114063
error_ms,-5.404157304733458,17.664631044646274
absolute_error_ms,18.070625355132993,12.662264221974553
absolute_relative_error_percent,31.234036456856774,37.651516288148734
pearson_r,0.29623646855442265,0.3257279162628841
error_per_sample_ms,-6.601145038167939,26.85687868184102
absolute_error_per_sample_ms,18.72201017811705,20.355672016333376
absolute_relative_error_per_sample_percent,33.00914502886773,59.8974123022784
