metrics,mean,std
pep_reference_ms,85.50076117148666,22.481860688192324
pep_estimated_ms,108.58957815143535,18.841129761626934
error_ms,-23.181676666330397,15.690828108823249
absolute_error_ms,30.423977796888654,8.71378192928812
absolute_relative_error_percent,45.76155191106349,30.05099319718932
pearson_r,0.18989546196766832,0.3214058803351759
error_per_sample_ms,-23.649736147757256,25.319328352721616
absolute_error_per_sample_ms,30.999780123131046,15.472299131318461
absolute_relative_error_per_sample_percent,47.87904857719909,46.872113200503335
