metrics,mean,std
pep_reference_ms,85.50076117148666,22.481860688192324
pep_estimated_ms,72.03451506483562,24.68279914103875
error_ms,13.32117497479185,15.586624382593815
absolute_error_ms,20.530408296894983,12.654652142012576
absolute_relative_error_percent,25.278337623828378,14.824724908298695
pearson_r,0.24831061295921947,0.32474333974098124
error_per_sample_ms,12.0487012987013,27.362216983036937
absolute_error_per_sample_ms,19.16125541125541,22.950128807411005
absolute_relative_error_per_sample_percent,24.365900359131242,30.784758069763278
