metrics,mean,std
pep_reference_ms,85.50076117148666,22.481860688192324
pep_estimated_ms,99.98004531611691,40.42273336109166
error_ms,-13.654212413645764,41.8303133849397
absolute_error_ms,46.14119767375518,17.138133286692725
absolute_relative_error_percent,61.85434302756614,35.094046372022916
pearson_r,0.21473126010540886,0.35579356867109296
error_per_sample_ms,-23.593555375033848,44.66001459963391
absolute_error_per_sample_ms,43.39588410506364,25.845115631666037
absolute_relative_error_per_sample_percent,60.01316384646428,51.60082802887189
