metrics,mean,std
pep_reference_ms,85.50076117148666,22.481860688192324
pep_estimated_ms,73.82164275266699,24.08110870909081
error_ms,11.558255259475017,15.76088200030403
absolute_error_ms,20.113315917339616,12.327288208616135
absolute_relative_error_percent,24.389450617574315,14.378448057338034
pearson_r,0.25713766799254034,0.318838238248295
error_per_sample_ms,10.758194052528761,27.843482616946133
absolute_error_per_sample_ms,19.360321250271326,22.71951197975739
absolute_relative_error_per_sample_percent,24.330384069223104,28.536318200353545
