metrics,mean,std
pep_reference_ms,85.50076117148666,22.481860688192324
pep_estimated_ms,112.05416481002393,20.344302985748953
error_ms,-26.556353067116632,9.83437251336703
absolute_error_ms,27.0742896940426,9.635081841306524
absolute_relative_error_percent,41.750286172378146,29.048458867819107
pearson_r,0.4549833594719356,0.3088865801972008
error_per_sample_ms,-26.533290924512297,16.930405452311373
absolute_error_per_sample_ms,27.073155216284988,16.05298796795794
absolute_relative_error_per_sample_percent,43.12038697737895,49.74402812527397
