metrics,mean,std
pep_reference_ms,85.50076117148666,22.481860688192324
pep_estimated_ms,94.84371308780997,36.34511087635338
error_ms,-8.090471010463384,38.537023175501595
absolute_error_ms,42.76804918492108,16.40358008996913
absolute_relative_error_percent,56.14568929120502,30.109231940479873
pearson_r,0.20274785990592847,0.37468217848934227
error_per_sample_ms,-18.20840840840841,42.80916998031815
absolute_error_per_sample_ms,39.0996996996997,25.206837456620264
absolute_relative_error_per_sample_percent,53.720069360086484,47.744159867862656
