metrics,mean,std
pep_reference_ms,85.50076117148666,22.481860688192324
pep_estimated_ms,92.90196904764075,21.41625558114063
error_ms,-7.404157304733458,17.664631044646274
absolute_error_ms,17.83920156591126,13.267721306811321
absolute_relative_error_percent,31.41865859397816,39.123749585465
pearson_r,0.29623646855442265,0.3257279162628841
error_per_sample_ms,-8.601145038167939,26.85687868184102
absolute_error_per_sample_ms,18.571882951653944,21.221611440434803
absolute_relative_error_per_sample_percent,33.309640704835545,61.83731983835409
