metrics,mean,std
pep_reference_ms,85.50076117148666,22.481860688192324
pep_estimated_ms,107.43937143267772,19.311129897553023
error_ms,-21.93804117125191,15.414858330775779
absolute_error_ms,27.818033957314135,9.01013166285174
absolute_relative_error_percent,42.65175700050392,29.357670338339283
pearson_r,0.21785144252160743,0.323207212262719
error_per_sample_ms,-22.31242051716829,23.561161614333066
absolute_error_per_sample_ms,28.30479016532429,15.868563250925895
absolute_relative_error_per_sample_percent,44.56185241582618,47.4000247673306
