metrics,mean,std
pep_reference_ms,85.50076117148666,22.481860688192324
pep_estimated_ms,61.16873611820059,23.99629446377056
error_ms,24.205137728957205,20.13290172952841
absolute_error_ms,27.261224793000203,18.496504830018473
absolute_relative_error_percent,31.737842808425825,20.551475633760525
pearson_r,0.2624794722688005,0.38610991817896473
error_per_sample_ms,20.527551272547566,31.885941861107554
absolute_error_per_sample_ms,24.13960958734865,29.24675877062936
absolute_relative_error_per_sample_percent,28.57466707276799,34.131675120915205
