metrics,mean,std
pep_reference_ms,85.50076117148666,22.481860688192324
pep_estimated_ms,104.58957815143536,18.841129761626934
error_ms,-19.181676666330397,15.690828108823249
absolute_error_ms,27.617978416628066,8.396278331704021
absolute_relative_error_percent,41.58589329252803,28.02321998053402
pearson_r,0.18989546196766832,0.3214058803351759
error_per_sample_ms,-19.649736147757256,25.319328352721616
absolute_error_per_sample_ms,28.183157431838172,15.260739041135446
absolute_relative_error_per_sample_percent,43.548559419716874,44.00873405254261
