metrics,mean,std
pep_reference_ms,85.50076117148666,22.481860688192324
pep_estimated_ms,98.01099248368568,19.479134352336548
error_ms,-12.453587498292286,16.21753355992591
absolute_error_ms,24.111309208787794,10.8664907386885
absolute_relative_error_percent,36.108582258435284,29.498827585978397
pearson_r,0.21196132552626706,0.3186728312164455
error_per_sample_ms,-13.191672032625027,28.71484183170445
absolute_error_per_sample_ms,24.443872075552694,20.026469244231755
absolute_relative_error_per_sample_percent,37.6140194377681,45.89733788019946
