metrics,mean,std
pep_reference_ms,85.50076117148666,22.481860688192324
pep_estimated_ms,106.5272650197704,20.33327685076231
error_ms,-21.04196132638568,16.300217831895907
absolute_error_ms,27.601798011203687,9.282625778408022
absolute_relative_error_percent,42.42089588879017,29.456700778731754
pearson_r,0.22622346080649677,0.3383234343474323
error_per_sample_ms,-21.33793249840798,24.106297236039662
absolute_error_per_sample_ms,28.065591169603056,15.771604929099889
absolute_relative_error_per_sample_percent,44.20407760653871,46.97228913026069
