metrics,mean,std
pep_reference_ms,85.50076117148666,22.481860688192324
pep_estimated_ms,118.44694748468653,20.560817370734497
error_ms,-32.86479304729815,14.26528324737704
absolute_error_ms,34.13216673360503,13.354135080872332
absolute_relative_error_percent,52.510134913551326,38.61512878307261
pearson_r,0.20784897433494254,0.29454717911577394
error_per_sample_ms,-32.72481040086674,22.927595815584226
absolute_error_per_sample_ms,34.078223185265436,20.8629473035501
absolute_relative_error_per_sample_percent,53.99430104466983,62.63348600654458
