metrics,mean,std
pep_reference_ms,85.50076117148666,22.481860688192324
pep_estimated_ms,124.13683013904027,21.201038753332973
error_ms,-38.57278736947147,14.634082113461455
absolute_error_ms,39.992791069819695,13.375827413278563
absolute_relative_error_percent,60.39986381291224,41.008305514754475
pearson_r,0.21080626698030638,0.2893324082510724
error_per_sample_ms,-38.48616515348033,23.42482348009178
absolute_error_per_sample_ms,39.90250756593169,20.92121299650637
absolute_relative_error_per_sample_percent,62.024952341146076,65.98915882905698
