metrics,mean,std
pep_reference_ms,85.50076117148666,22.481860688192324
pep_estimated_ms,103.69947733525487,19.730987443110987
error_ms,-18.23744275919659,16.557878033192925
absolute_error_ms,28.02513551948825,8.552968549643035
absolute_relative_error_percent,42.02571608844257,27.860066157593614
pearson_r,0.17282189416257518,0.36457408623556975
error_per_sample_ms,-18.29020530367836,27.17868978920054
absolute_error_per_sample_ms,28.605004277159967,15.967671057858054
absolute_relative_error_per_sample_percent,43.965852880839414,43.386032117925666
