metrics,mean,std
pep_reference_ms,85.50076117148666,22.481860688192324
pep_estimated_ms,109.55099340943985,23.586339754776244
error_ms,-23.99632848142043,18.499188796768408
absolute_error_ms,30.27695106894922,12.066336322466167
absolute_relative_error_percent,45.8147580737485,33.790651366760386
pearson_r,0.20330740016394386,0.32956425097059555
error_per_sample_ms,-23.67396540398511,26.520812994575852
absolute_error_per_sample_ms,30.119334355156557,18.88480494589852
absolute_relative_error_per_sample_percent,46.931337414061645,51.563681094860655
