metrics,mean,std
pep_reference_ms,85.50076117148666,22.481860688192324
pep_estimated_ms,117.60383953529677,10.750684504346658
error_ms,-32.09664136013208,16.013630943946847
absolute_error_ms,32.924005764263505,15.52445370873834
absolute_relative_error_percent,55.19294580668429,48.69894268429504
pearson_r,0.1972312062041275,0.29699076417589515
error_per_sample_ms,-33.815277190012694,22.58440573382805
absolute_error_per_sample_ms,34.500423190859074,21.523223583821995
absolute_relative_error_per_sample_percent,59.053642043653696,74.12567842966483
