metrics,mean,std
pep_reference_ms,85.50076117148666,22.481860688192324
pep_estimated_ms,102.58957815143536,18.841129761626934
error_ms,-17.181676666330397,15.690828108823249
absolute_error_ms,26.250070508219913,8.342669097687754
absolute_relative_error_percent,39.53584752198311,27.04909655504309
pearson_r,0.18989546196766832,0.3214058803351759
error_per_sample_ms,-17.649736147757256,25.319328352721616
absolute_error_per_sample_ms,26.809366754617415,15.291809197567051
absolute_relative_error_per_sample_percent,41.42166104169741,42.636700066896516
