metrics,mean,std
pep_reference_ms,85.50076117148666,22.481860688192324
pep_estimated_ms,54.09858387500016,20.35156816490677
error_ms,31.426060352003017,18.187974864134834
absolute_error_ms,37.34859338613811,11.357633683919262
absolute_relative_error_percent,46.023757019500266,14.428557260640524
pearson_r,0.03174434947572873,0.33253661879915514
error_per_sample_ms,31.405258583224686,28.57895881120151
absolute_error_per_sample_ms,37.586918730986525,19.755270024015726
absolute_relative_error_per_sample_percent,47.815850913579524,27.824080558391678
