metrics,mean,std
pep_reference_ms,85.50076117148666,22.481860688192324
pep_estimated_ms,103.50868967494348,22.501975389222267
error_ms,-17.936266835633475,14.237526906289778
absolute_error_ms,20.803365310870028,12.523408011205834
absolute_relative_error_percent,33.91320565634642,32.528258353219904
pearson_r,0.21922166920379108,0.297015277330629
error_per_sample_ms,-17.38214208125136,22.715618138747445
absolute_error_per_sample_ms,20.531392570063,19.914820860157466
absolute_relative_error_per_sample_percent,34.626313466785575,53.495587533677764
