metrics,mean,std
pep_reference_ms,85.50076117148666,22.481860688192324
pep_estimated_ms,104.67563531770149,20.154056497671963
error_ms,-19.16654110414949,16.65797459852025
absolute_error_ms,25.976810906191737,11.630142900067211
absolute_relative_error_percent,40.37582131385984,32.98925538410394
pearson_r,0.22154895907825017,0.31563267290894176
error_per_sample_ms,-19.895217853347503,26.453879190180228
absolute_error_per_sample_ms,26.603400637619554,19.69483414896178
absolute_relative_error_per_sample_percent,42.45194983213584,52.448285266414636
