metrics,mean,std
pep_reference_ms,85.50076117148666,22.481860688192324
pep_estimated_ms,77.10010603494825,26.442187755447737
error_ms,8.382687481098708,17.21433231796568
absolute_error_ms,19.915825434445825,12.88664119029002
absolute_relative_error_percent,24.913328521621864,15.952398698218536
pearson_r,0.24994552066310305,0.3348943401526872
error_per_sample_ms,8.045373267769333,28.84602112183174
absolute_error_per_sample_ms,18.81113097898972,23.301551812490807
absolute_relative_error_per_sample_percent,24.354851947403997,33.122598514830386
