metrics,mean,std
pep_reference_ms,85.50076117148666,22.481860688192324
pep_estimated_ms,119.89405504800015,20.527331549246185
error_ms,-34.17981911289149,13.571463098902209
absolute_error_ms,36.50636292660567,12.434232433028225
absolute_relative_error_percent,54.421740314454496,36.33499746464136
pearson_r,0.20353394821503248,0.3318918091568234
error_per_sample_ms,-33.79215509467989,24.182515196992465
absolute_error_per_sample_ms,36.14607754733995,20.497923434761844
absolute_relative_error_per_sample_percent,55.35001672619078,60.349228689825466
