metrics,mean,std
pep_reference_ms,85.50076117148666,22.481860688192324
pep_estimated_ms,81.06731448101954,25.4332850410281
error_ms,4.392546231353743,16.548235724299282
absolute_error_ms,19.605138766112475,11.145907903009995
absolute_relative_error_percent,24.932266536698137,14.514898809338806
pearson_r,0.24944619571916596,0.33527730128078426
error_per_sample_ms,3.6343124733929333,28.575427842451617
absolute_error_per_sample_ms,19.194976585781184,21.478272216468685
absolute_relative_error_per_sample_percent,25.32448994927245,31.309785573001093
