metrics,mean,std
pep_reference_ms,85.50076117148666,22.481860688192324
pep_estimated_ms,101.54761084774943,23.661422522188396
error_ms,-15.973598754909444,19.091986848603348
absolute_error_ms,24.370233535820397,13.892222166995584
absolute_relative_error_percent,37.53748993246097,34.7476290200483
pearson_r,0.21096146042401193,0.3078633816089013
error_per_sample_ms,-16.332597173144876,28.255026713798163
absolute_error_per_sample_ms,24.036219081272083,22.076241466670897
absolute_relative_error_per_sample_percent,38.275600836727456,53.45182383762226
