metrics,mean,std
pep_reference_ms,85.50076117148666,22.481860688192324
pep_estimated_ms,106.60378509968204,20.223083340700086
error_ms,-21.098498089501682,16.66020301955103
absolute_error_ms,27.4793259604463,11.723579573452506
absolute_relative_error_percent,42.52757024712178,33.88721058286488
pearson_r,0.2235938802701734,0.3125790815218675
error_per_sample_ms,-21.82735187937991,26.551730670297356
absolute_error_per_sample_ms,28.145466128689744,19.72968393190974
absolute_relative_error_per_sample_percent,44.73491013810404,53.64185432286583
