metrics,mean,std
pep_reference_ms,85.50076117148666,22.481860688192324
pep_estimated_ms,57.872601458176945,20.54976827379131
error_ms,27.639278725587065,18.22158801587174
absolute_error_ms,35.03210974365888,10.269664578511112
absolute_relative_error_percent,44.095194946188116,15.242856645480108
pearson_r,0.031933535263799724,0.3306801040171182
error_per_sample_ms,27.725921137685845,28.70978866967255
absolute_error_per_sample_ms,35.362637362637365,18.50574362594049
absolute_relative_error_per_sample_percent,45.987062251344284,29.133583120157017
