metrics,mean,std
pep_reference_ms,85.50076117148666,22.481860688192324
pep_estimated_ms,44.825094475462066,22.12648025002934
error_ms,40.72635598015077,18.774842323404723
absolute_error_ms,43.41376487333022,14.760982940579453
absolute_relative_error_percent,51.7270802667504,17.124205039458005
pearson_r,0.08017235831743426,0.3337213421367643
error_per_sample_ms,40.62799467613132,27.34061315272508
absolute_error_per_sample_ms,43.53837622005324,22.417691118663882
absolute_relative_error_per_sample_percent,53.225008347030204,26.880413652551916
