metrics,mean,std
pep_reference_ms,85.50076117148666,22.481860688192324
pep_estimated_ms,110.58957815143536,18.841129761626934
error_ms,-25.181676666330397,15.690828108823249
absolute_error_ms,31.865165102406817,8.956092505083575
absolute_relative_error_percent,47.889715701431086,31.08427443739068
pearson_r,0.18989546196766832,0.3214058803351759
error_per_sample_ms,-25.649736147757256,25.319328352721616
absolute_error_per_sample_ms,32.44525065963061,15.693408244108015
absolute_relative_error_per_sample_percent,50.085520546195106,48.34654076416991
