metrics,mean,std
pep_reference_ms,85.50076117148666,22.481860688192324
pep_estimated_ms,89.23164357569561,21.55650077024297
error_ms,-3.7293462795818293,17.923349084361828
absolute_error_ms,18.720821192413908,12.332351933956557
absolute_relative_error_percent,31.664209938813467,36.95487234291729
pearson_r,0.29193810501109935,0.32070196736484907
error_per_sample_ms,-5.062354188759279,27.064385224610394
absolute_error_per_sample_ms,19.332131495227994,19.605536701905702
absolute_relative_error_per_sample_percent,33.39539967203085,58.10443774180998
