metrics,mean,std
pep_reference_ms,85.50076117148666,22.481860688192324
pep_estimated_ms,105.84142956938454,20.263146208035174
error_ms,-20.336142559204184,16.611570908480967
absolute_error_ms,27.161753471180514,11.632961165224414
absolute_relative_error_percent,41.89754546713118,33.49872611221479
pearson_r,0.23145240652512608,0.30145116764318103
error_per_sample_ms,-20.97812699086855,26.48244247447544
absolute_error_per_sample_ms,27.63601613930771,19.433275159036686
absolute_relative_error_per_sample_percent,43.821469279922276,52.96170915963386
