metrics,mean,std
pep_reference_ms,85.50076117148666,22.481860688192324
pep_estimated_ms,77.67708318416247,25.213054722066865
error_ms,7.743749436335093,16.113605977337457
absolute_error_ms,19.10986302136753,11.864016209449847
absolute_relative_error_percent,24.00490455304647,14.456856778867547
pearson_r,0.24071255065170916,0.32554338235976304
error_per_sample_ms,6.703513281919451,28.046385797360458
absolute_error_per_sample_ms,18.299485861182518,22.285997034721913
absolute_relative_error_per_sample_percent,23.82058336593952,31.648929026447107
