metrics,mean,std
pep_reference_ms,85.50076117148666,22.481860688192324
pep_estimated_ms,54.58175819658284,21.020038903204348
error_ms,30.923348320672286,19.004381231827008
absolute_error_ms,36.334890504916444,12.628578551886356
absolute_relative_error_percent,44.68166286306028,15.452673917270905
pearson_r,0.08141158672871107,0.32055152378922586
error_per_sample_ms,30.699892588614393,27.535091369045325
absolute_error_per_sample_ms,36.31450053705693,19.54281741198611
absolute_relative_error_per_sample_percent,46.17531563477249,27.82881638307751
