metrics,mean,std
pep_reference_ms,85.50076117148666,22.481860688192324
pep_estimated_ms,121.75231542035071,20.677484773610722
error_ms,-36.03635757277312,13.637973112265291
absolute_error_ms,38.46331997535242,12.420773124355133
absolute_relative_error_percent,57.00504157710732,37.087077244174225
pearson_r,0.20069075114738386,0.32924000292359273
error_per_sample_ms,-35.57862767154106,24.630003421293157
absolute_error_per_sample_ms,38.11766029246344,20.48218224094824
absolute_relative_error_per_sample_percent,58.029437799947935,61.34386514647262
