metrics,mean,std
pep_reference_ms,85.50076117148666,22.481860688192324
pep_estimated_ms,96.89318156640574,9.948227067071665
error_ms,-11.39581715394579,16.9841658852241
absolute_error_ms,19.56223936859077,11.477036379165533
absolute_relative_error_percent,33.4692405643019,35.849400595298995
pearson_r,0.1736547628384286,0.2891146136468136
error_per_sample_ms,-13.180313958421722,22.321382342991754
absolute_error_per_sample_ms,19.803139584217224,16.727236721963354
absolute_relative_error_per_sample_percent,35.15460896244575,55.058315557320604
