metrics,mean,std
pep_reference_ms,85.50076117148666,22.481860688192324
pep_estimated_ms,78.17118300836228,23.248556853902265
error_ms,7.339725772147935,17.514678331831764
absolute_error_ms,23.222797807399147,8.413456723992164
absolute_relative_error_percent,34.88216483856058,28.57344527173304
pearson_r,0.2924154879159095,0.3231845664669924
error_per_sample_ms,6.607302059010825,27.021958997368017
absolute_error_per_sample_ms,23.865209085119933,14.293162836753666
absolute_relative_error_per_sample_percent,36.689984812925445,45.81258880162946
