metrics,mean,std
pep_reference_ms,85.50076117148666,22.481860688192324
pep_estimated_ms,112.17735102092372,20.4424326392368
error_ms,-26.72453927801643,9.649828268637043
absolute_error_ms,27.92769918424469,9.28005250282935
absolute_relative_error_percent,42.228166109193566,28.75278607098353
pearson_r,0.4990171623567893,0.3109515833956372
error_per_sample_ms,-26.389395546129375,17.241402915716566
absolute_error_per_sample_ms,27.801060445387062,14.858237106200978
absolute_relative_error_per_sample_percent,43.43160904260725,46.63768927700728
