metrics,mean,std
pep_reference_ms,85.50076117148666,22.481860688192324
pep_estimated_ms,68.34830891686819,23.54638980026814
error_ms,16.976480120157216,15.191566822379981
absolute_error_ms,21.879241000685937,12.99401472436902
absolute_relative_error_percent,26.19894357465859,14.826945818023948
pearson_r,0.2634504642293743,0.32087107981546725
error_per_sample_ms,15.889696169088507,26.945431989553178
absolute_error_per_sample_ms,20.514971378247466,23.615137069245836
absolute_relative_error_per_sample_percent,25.342081665967786,28.514164810172684
