metrics,mean,std
pep_reference_ms,85.50076117148666,22.481860688192324
pep_estimated_ms,98.28400588661766,39.280838213773954
error_ms,-11.866024559820705,40.64222582641179
absolute_error_ms,44.035838545167294,16.913787795314143
absolute_relative_error_percent,58.8824003659847,33.904419271931395
pearson_r,0.20512591655530651,0.36859337766052885
error_per_sample_ms,-21.662863352349905,42.61631928294402
absolute_error_per_sample_ms,40.634881825590874,25.184056402189768
absolute_relative_error_per_sample_percent,56.410797380466605,49.94613621465257
