metrics,mean,std
pep_reference_ms,85.50076117148666,22.481860688192324
pep_estimated_ms,59.75309365352339,20.640901340145657
error_ms,25.77679557564693,18.25309685634089
absolute_error_ms,33.95116442849064,9.801553534011665
absolute_relative_error_percent,43.20003093271299,15.876037641529718
pearson_r,0.028513489743025627,0.3337197419743744
error_per_sample_ms,25.85398325101997,28.800248387744304
absolute_error_per_sample_ms,34.26497745329611,17.994279014867434
absolute_relative_error_per_sample_percent,45.101570117231496,30.014481289607353
