metrics,mean,std
pep_reference_ms,85.50076117148666,22.481860688192324
pep_estimated_ms,57.42223996006367,23.637483453366535
error_ms,28.170853144949422,20.647194858708893
absolute_error_ms,36.54372967261962,11.040897600696933
absolute_relative_error_percent,46.55995876487435,17.45263545961067
pearson_r,0.03698501567447733,0.31769444464531066
error_per_sample_ms,28.529038112522684,30.93340089756203
absolute_error_per_sample_ms,37.20099818511797,19.668935933240345
absolute_relative_error_per_sample_percent,48.604404137262264,31.319368736641035
