metrics,mean,std
pep_reference_ms,85.50076117148666,22.481860688192324
pep_estimated_ms,64.6427019122419,25.595192496750453
error_ms,20.772336089037868,21.161613747217555
absolute_error_ms,25.466123563806057,18.58335363809978
absolute_relative_error_percent,30.450569539371074,21.43831490663202
pearson_r,0.28600030145675165,0.36250240619406926
error_per_sample_ms,16.53399433427762,30.716553106647705
absolute_error_per_sample_ms,22.129367327667612,26.96610289004681
absolute_relative_error_per_sample_percent,27.170714792506242,34.67743755192543
