metrics,mean,std
pep_reference_ms,85.50076117148666,22.481860688192324
pep_estimated_ms,107.85450992504164,7.340111821035532
error_ms,-22.320816027252196,17.971405334812744
absolute_error_ms,26.447411912843105,14.016633990119784
absolute_relative_error_percent,45.30092741833043,43.17478347372493
pearson_r,0.17794975715113007,0.2994234180388977
error_per_sample_ms,-24.797626615808433,23.118532993977382
absolute_error_per_sample_ms,27.94490358126722,19.195604116681256
absolute_relative_error_per_sample_percent,48.92522375911231,64.94333098299123
