metrics,mean,std
pep_reference_ms,85.50076117148666,22.481860688192324
pep_estimated_ms,109.14583369660899,23.20571919047888
error_ms,-23.615156396659216,12.729872681172704
absolute_error_ms,24.26887000647899,12.4018672962158
absolute_relative_error_percent,37.62754139246,31.69696547365682
pearson_r,0.3765675769655806,0.30842555043975567
error_per_sample_ms,-22.86007870572803,19.969053727486518
absolute_error_per_sample_ms,23.539134236991693,19.163910471931576
absolute_relative_error_per_sample_percent,37.809495935550494,51.25597263452265
