metrics,mean,std
pep_reference_ms,85.50076117148666,22.481860688192324
pep_estimated_ms,70.2328124843956,26.400449897352672
error_ms,15.321923628877894,21.71492273651288
absolute_error_ms,23.465169621146483,18.072335353227892
absolute_relative_error_percent,28.35757447647052,21.568582183631364
pearson_r,0.2698745993608846,0.35701829404483787
error_per_sample_ms,11.519328956965719,31.388140194110036
absolute_error_per_sample_ms,20.704838317529784,26.25299896600092
absolute_relative_error_per_sample_percent,25.883986463072613,36.423914645893696
