metrics,mean,std
pep_reference_ms,85.50076117148666,22.481860688192324
pep_estimated_ms,119.6154191990348,10.709333216853292
error_ms,-34.106796781445894,15.849011510847776
absolute_error_ms,34.75393258619115,15.616975548110615
absolute_relative_error_percent,57.67967863459482,49.26600220555193
pearson_r,0.19605985725028752,0.2985482020409227
error_per_sample_ms,-35.85614554685847,22.613183712895058
absolute_error_per_sample_ms,36.40533107679289,21.717990705858096
absolute_relative_error_per_sample_percent,61.767983787909166,75.4379013097901
